id,lat,lon,fecha,confianza,evento
0,-14.9981,-68.2446,2019-04-08,68,
1,-14.9995,-68.2556,2019-04-08,82,
2,-14.9978,-68.2508,2019-04-08,83,
3,-14.9994,-68.2624,2019-04-08,49,
4,-14.6448,-68.4988,2019-04-20,77,
5,-14.637,-68.3706,2019-06-08,40,
6,-14.6822,-68.4977,2019-06-09,69,
7,-14.9989,-68.1835,2019-06-11,96,
8,-14.9476,-68.3704,2019-06-22,51,
9,-14.7571,-68.4709,2019-06-23,88,
10,-14.7588,-68.4822,2019-06-23,67,
11,-14.7472,-68.4727,2019-06-23,64,
12,-14.9579,-68.2751,2019-06-29,39,
13,-14.8161,-68.3772,2019-06-30,79,
14,-14.8185,-68.3917,2019-06-30,81,
15,-15.0225,-68.3009,2019-07-08,55,
16,-14.5378,-68.4674,2019-07-10,52,
17,-14.5446,-68.4037,2019-07-11,74,
18,-14.7455,-68.4923,2019-07-20,83,
19,-14.8269,-68.3859,2019-07-29,74,
20,-14.9618,-68.285,2019-08-01,32,
21,-14.6523,-68.4912,2019-08-01,68,
22,-14.6442,-68.6006,2019-08-01,41,
23,-14.6465,-68.6145,2019-08-01,74,
24,-14.6317,-68.3099,2019-08-06,41,
25,-14.718,-68.4721,2019-08-07,61,
26,-14.7195,-68.46,2019-08-07,79,
27,-15.0608,-68.1489,2019-08-07,38,
28,-14.8453,-68.2475,2019-08-07,62,
29,-14.7587,-68.2906,2019-08-07,60,
30,-14.7589,-68.2958,2019-08-07,36,
31,-14.6233,-68.3073,2019-08-07,50,
32,-14.5529,-68.5627,2019-08-07,26,
33,-14.5417,-68.5651,2019-08-07,58,
34,-14.5434,-68.5788,2019-08-07,49,
35,-14.6703,-68.5387,2019-08-09,59,
36,-14.9575,-68.3324,2019-08-09,47,
37,-14.6679,-68.7301,2019-08-10,83,
38,-14.5973,-68.4679,2019-08-10,52,
39,-14.5991,-68.4798,2019-08-10,71,
40,-14.6106,-68.4563,2019-08-12,60,
41,-14.5357,-68.3502,2019-08-16,65,
42,-14.5318,-68.3379,2019-08-16,58,
43,-14.5341,-68.3572,2019-08-16,30,
44,-14.568,-68.8889,2019-08-17,75,
45,-15.2073,-68.1609,2019-08-17,67,
46,-15.0961,-68.3293,2019-08-17,81,
47,-14.5471,-68.3508,2019-08-17,79,
48,-14.5361,-68.3529,2019-08-17,62,
49,-14.7219,-68.307,2019-08-18,88,
50,-15.1362,-68.2136,2019-08-21,96,
51,-14.6602,-68.5538,2019-08-22,38,
52,-15.0351,-68.1605,2019-08-23,25,
53,-14.7813,-68.5098,2019-08-26,47,
54,-15.088,-68.2264,2019-08-28,57,
55,-14.9361,-68.4509,2019-08-28,79,
56,-14.9375,-68.4602,2019-08-28,86,
57,-14.4824,-68.5608,2019-08-28,78,
58,-14.7968,-68.5504,2019-08-30,74,
59,-14.6825,-68.4502,2019-08-30,77,
60,-14.5077,-68.5137,2019-08-30,76,
61,-14.509,-68.5242,2019-08-30,79,
62,-15.1375,-68.3504,2019-08-31,38,
63,-14.7064,-68.3198,2019-08-31,60,
64,-14.7106,-68.3428,2019-08-31,73,
65,-14.7036,-68.326,2019-08-31,75,
66,-14.5559,-68.5829,2019-08-31,79,
67,-14.7066,-68.2985,2019-09-02,35,
68,-14.6956,-68.301,2019-09-02,57,
69,-14.6072,-68.3316,2019-09-06,91,
70,-14.5644,-68.8954,2019-09-06,78,
71,-14.7286,-67.6075,2019-09-15,0,
72,-14.7803,-68.459,2019-09-15,89,
73,-14.7707,-68.4541,2019-09-15,74,
74,-14.7723,-68.4659,2019-09-15,74,
75,-14.6264,-68.6887,2019-09-15,78,
76,-14.5623,-68.4961,2019-09-15,64,
77,-14.4542,-68.5315,2019-09-15,64,
78,-14.6181,-68.6898,2019-09-16,45,
79,-14.6266,-68.6937,2019-09-16,51,
80,-14.5699,-68.6127,2019-09-16,63,
81,-14.3715,-68.5313,2019-09-16,37,
82,-14.3757,-68.5547,2019-09-16,50,
83,-14.9346,-68.3191,2019-09-17,72,
84,-14.8055,-68.3056,2019-09-17,79,
85,-14.841,-68.5144,2019-09-17,91,
86,-14.8433,-68.534,2019-09-17,93,
87,-14.841,-68.521,2019-09-17,98,
88,-14.8434,-68.5409,2019-09-17,79,
89,-14.5843,-68.8705,2019-09-17,90,
90,-14.6219,-68.6862,2019-09-18,30,
91,-14.6233,-68.6955,2019-09-18,71,
92,-14.5513,-68.5973,2019-09-18,66,
93,-14.414,-68.5411,2019-09-18,72,
94,-14.4165,-68.5566,2019-09-18,71,
95,-15.11,-68.221,2019-09-18,79,
96,-15.0327,-68.2357,2019-09-18,91,
97,-15.0351,-68.25,2019-09-18,97,
98,-15.0334,-68.2405,2019-09-18,99,
99,-15.0359,-68.2562,2019-09-18,83,
100,-14.931,-68.4604,2019-09-18,44,
101,-14.9333,-68.4746,2019-09-18,40,
102,-14.826,-68.5135,2019-09-18,72,
103,-14.8284,-68.5281,2019-09-18,62,
104,-14.7735,-68.4868,2019-09-18,58,
105,-14.6641,-68.5137,2019-09-18,70,
106,-14.623,-68.6948,2019-09-18,54,
107,-14.5562,-68.4913,2019-09-18,96,
108,-14.5588,-68.507,2019-09-18,60,
109,-14.5504,-68.6026,2019-09-18,68,
110,-14.5464,-68.4918,2019-09-19,45,
111,-14.564,-68.4706,2019-09-20,86,
112,-14.5654,-68.48,2019-09-20,78,
113,-14.5577,-68.4912,2019-09-20,71,
114,-14.5415,-68.4463,2019-09-20,58,
115,-14.5062,-68.4616,2019-09-20,88,
116,-14.5075,-68.4706,2019-09-20,96,
117,-14.4864,-68.5091,2019-09-20,63,
118,-14.4878,-68.5186,2019-09-20,37,
119,-14.5984,-68.5932,2019-09-24,51,
120,-15.0209,-68.296,2019-09-24,72,
121,-14.9967,-68.1951,2019-09-24,32,
122,-14.9037,-68.5403,2019-09-24,40,
123,-14.8451,-68.2482,2019-09-24,78,
124,-14.847,-68.2642,2019-09-24,72,
125,-14.7466,-67.6271,2019-09-24,28,
126,-14.7399,-67.6214,2019-09-24,57,
127,-14.581,-68.6045,2019-09-24,87,
128,-14.57,-68.6081,2019-09-24,94,
129,-14.4898,-68.5155,2019-09-24,90,
130,-14.4882,-68.5065,2019-09-24,44,
131,-14.4901,-68.5218,2019-09-24,86,
132,-15.1359,-68.2269,2019-09-25,36,
133,-15.1236,-68.2299,2019-09-25,57,
134,-15.089,-68.1045,2019-09-25,49,
135,-14.8365,-68.2477,2019-09-25,58,
136,-14.8397,-68.2662,2019-09-25,27,
137,-14.6839,-68.5043,2019-09-25,86,
138,-14.6871,-68.5231,2019-09-25,81,
139,-14.6123,-68.544,2019-09-25,42,
140,-14.5847,-68.6036,2019-09-25,94,
141,-14.5882,-68.6236,2019-09-25,100,
142,-14.5811,-68.612,2019-09-25,100,
143,-14.466,-68.53,2019-09-25,74,
144,-14.4617,-68.5177,2019-09-25,73,
145,-14.4648,-68.5357,2019-09-25,87,
146,-14.4494,-68.5202,2019-09-25,77,
147,-14.4034,-68.4741,2019-09-25,79,
148,-14.4,-68.4547,2019-09-25,73,
149,-15.0866,-68.2319,2019-09-29,56,
150,-14.3752,-68.5278,2019-09-29,95,
151,-14.3765,-68.537,2019-09-29,66,
152,-15.0903,-68.3299,2019-10-10,49,
153,-15.0909,-68.3352,2019-10-10,48,
154,-15.0074,-68.3014,2019-10-10,64,
155,-14.8844,-68.4174,2019-10-10,68,
156,-14.6603,-68.7285,2019-10-10,74,
157,-14.5392,-68.4882,2019-10-10,91,
158,-14.541,-68.5031,2019-10-10,89,
159,-14.5619,-68.8551,2019-10-10,44,
160,-14.4123,-68.5737,2019-10-10,72,
161,-15.1115,-68.3593,2019-10-11,71,
162,-14.2783,-68.5474,2019-10-12,39,
163,-14.2796,-68.5381,2019-10-12,52,
164,-15.0715,-68.2609,2019-10-12,85,
165,-14.5305,-68.503,2019-10-12,82,
166,-14.5269,-68.5099,2019-10-12,82,
167,-14.7351,-67.6081,2019-10-13,0,
168,-14.7332,-68.3662,2019-10-13,70,
169,-14.735,-68.3778,2019-10-13,71,
170,-14.6201,-68.5626,2019-10-13,29,
171,-15.0072,-68.5042,2019-10-14,77,
172,-13.9942,-68.9462,2019-10-15,61,
173,-14.0684,-68.8815,2019-10-15,75,
174,-15.1492,-68.3278,2019-10-24,81,
175,-15.0645,-68.2463,2019-10-24,81,
176,-15.0659,-68.2559,2019-10-24,69,
177,-14.7493,-67.6196,2019-10-24,71,
178,-14.7402,-67.621,2019-10-24,62,
179,-14.8521,-68.2495,2019-10-26,66,
180,-15.136,-68.3175,2019-10-26,79,
181,-15.1377,-68.3313,2019-10-26,71,
182,-15.1365,-68.3225,2019-10-26,79,
183,-14.812,-68.4691,2019-10-26,57,
184,-14.3043,-68.5427,2019-10-28,47,
185,-14.3017,-68.548,2019-10-28,42,
186,-14.5399,-68.3921,2019-11-05,42,
187,-14.7641,-68.2225,2019-11-19,66,
188,-14.9538,-68.2391,2019-11-20,84,
189,-14.9523,-68.2502,2019-11-20,55,
190,-15.2598,-68.0888,2019-11-20,75,
191,-14.7389,-67.4492,2019-11-20,62,
192,-14.7369,-67.4331,2019-11-20,62,
193,-14.8835,-68.3346,2020-01-10,71,
194,-14.5906,-68.375,2020-01-11,58,
195,-14.5927,-68.3621,2020-01-11,81,
196,-14.7947,-68.4053,2020-04-21,72,
197,-14.8115,-68.2776,2020-04-24,64,
198,-14.8025,-68.279,2020-04-24,77,
199,-14.8583,-68.3128,2020-05-17,30,
200,-14.8729,-68.4103,2020-05-17,60,
201,-14.6699,-68.5352,2020-05-17,67,
202,-14.7451,-68.2365,2020-05-19,33,
203,-14.7469,-68.2341,2020-05-19,65,
204,-14.7483,-68.244,2020-05-19,64,
205,-14.5555,-68.4166,2020-05-26,72,
206,-14.8126,-68.5094,2020-05-28,60,
207,-14.7416,-68.5141,2020-05-28,52,
208,-14.6504,-67.5169,2020-05-30,81,
209,-14.8331,-68.3764,2020-06-11,74,
210,-14.666,-68.3179,2020-06-18,81,
211,-14.298,-68.554,2020-06-18,80,
212,-14.816,-68.395,2020-07-12,79,
213,-14.8176,-68.3847,2020-07-12,72,
214,-14.9677,-68.265,2020-07-13,46,
215,-14.7885,-68.399,2020-07-18,77,
216,-14.73,-68.25,2020-07-18,78,
217,-14.7757,-68.4176,2020-07-19,71,
218,-14.9206,-68.4814,2020-07-20,46,
219,-14.8356,-68.3429,2020-07-20,38,
220,-14.6785,-68.3129,2020-07-26,29,
221,-14.6811,-68.3369,2020-07-26,68,
222,-14.6743,-68.32,2020-07-26,59,
223,-15.1017,-68.2436,2020-07-27,69,
224,-14.5519,-68.4109,2020-07-29,77,
225,-14.8128,-68.2698,2020-08-02,30,
226,-14.7279,-68.3256,2020-08-02,66,
227,-15.1333,-68.2805,2020-08-05,53,
228,-15.0601,-68.2329,2020-08-05,28,
229,-14.9809,-68.3228,2020-08-05,46,
230,-14.9824,-68.3327,2020-08-05,62,
231,-14.9655,-68.3458,2020-08-05,91,
232,-14.5744,-68.4883,2020-08-05,75,
233,-15.0469,-68.3298,2020-08-07,61,
234,-15.0496,-68.3071,2020-08-07,45,
235,-15.0489,-68.3222,2020-08-07,58,
236,-14.9857,-68.3275,2020-08-07,24,
237,-14.8641,-68.3662,2020-08-07,55,
238,-14.8623,-68.5602,2020-08-07,68,
239,-14.7881,-68.5458,2020-08-07,76,
240,-14.7458,-68.3225,2020-08-09,56,
241,-14.2168,-68.0761,2020-08-09,43,
242,-14.5496,-68.494,2020-08-12,51,
243,-14.7819,-68.2752,2020-08-12,44,
244,-14.7703,-68.5669,2020-08-14,63,
245,-14.5567,-68.8727,2020-08-14,63,
246,-14.6141,-68.641,2020-08-15,54,
247,-14.5554,-68.872,2020-08-18,84,
248,-15.0124,-68.1701,2020-08-18,0,
249,-15.0111,-68.1753,2020-08-18,0,
250,-14.6281,-68.3357,2020-08-18,50,
251,-14.8088,-68.1927,2020-08-19,90,
252,-14.5519,-68.877,2020-08-19,20,
253,-14.6998,-68.3953,2020-08-23,53,
254,-14.7553,-68.4237,2020-08-25,57,
255,-15.0831,-68.3647,2020-08-26,75,
256,-15.1105,-68.3663,2020-08-27,77,
257,-15.1042,-68.3474,2020-08-27,68,
258,-14.9869,-68.3328,2020-08-27,30,
259,-14.984,-68.3378,2020-08-27,33,
260,-15.1077,-68.3403,2020-08-27,40,
261,-14.7074,-68.4872,2020-08-28,44,
262,-14.9365,-68.4136,2020-08-29,57,
263,-15.0465,-67.7235,2020-08-30,0,
264,-14.6937,-67.574,2020-08-30,0,
265,-14.9791,-68.2765,2020-09-04,85,
266,-15.0397,-68.1511,2020-09-04,75,
267,-15.0299,-68.309,2020-09-04,46,
268,-15.0321,-68.3228,2020-09-04,58,
269,-14.9368,-68.2274,2020-09-04,91,
270,-14.3436,-68.5506,2020-09-04,68,
271,-14.8862,-68.2459,2020-09-05,81,
272,-14.8848,-68.2552,2020-09-05,28,
273,-14.8772,-68.2444,2020-09-05,24,
274,-14.8521,-68.2885,2020-09-05,89,
275,-14.8507,-68.2977,2020-09-05,60,
276,-14.9292,-68.3158,2020-09-06,62,
277,-14.9306,-68.3255,2020-09-06,78,
278,-14.907,-68.4191,2020-09-06,62,
279,-14.6843,-68.404,2020-09-06,63,
280,-14.5769,-68.4862,2020-09-06,91,
281,-14.5785,-68.4963,2020-09-06,85,
282,-14.2532,-68.5318,2020-09-06,89,
283,-14.2546,-68.5413,2020-09-06,77,
284,-14.242,-68.5832,2020-09-06,56,
285,-15.003,-68.3011,2020-09-09,54,
286,-15.0,-68.3066,2020-09-09,57,
287,-15.0957,-68.3148,2020-09-09,79,
288,-15.1017,-68.3461,2020-09-09,81,
289,-15.0852,-68.3247,2020-09-09,87,
290,-15.0911,-68.3567,2020-09-09,75,
291,-15.0235,-68.1469,2020-09-10,84,
292,-15.0361,-68.2496,2020-09-10,86,
293,-15.0318,-68.308,2020-09-10,65,
294,-15.0324,-68.3131,2020-09-10,50,
295,-14.8627,-67.4128,2020-09-10,56,
296,-15.0909,-68.3334,2020-09-11,63,
297,-15.0868,-68.3208,2020-09-11,54,
298,-14.9898,-68.2027,2020-09-11,79,
299,-14.9771,-68.2039,2020-09-11,93,
300,-14.9808,-68.225,2020-09-11,97,
301,-14.9755,-68.2117,2020-09-11,94,
302,-14.9792,-68.2335,2020-09-11,57,
303,-14.8348,-68.5893,2020-09-11,71,
304,-14.7254,-68.5117,2020-09-11,25,
305,-14.9622,-68.3383,2020-09-12,68,
306,-14.3701,-68.5533,2020-09-12,75,
307,-14.2747,-68.5172,2020-09-12,55,
308,-14.278,-68.5462,2020-09-12,78,
309,-14.5484,-68.5986,2020-09-13,89,
310,-14.2957,-68.4948,2020-09-13,77,
311,-14.6609,-68.72,2020-09-14,54,
312,-14.4267,-68.4809,2020-09-14,44,
313,-14.432,-68.535,2020-09-14,48,
314,-14.3054,-68.5188,2020-09-14,25,
315,-14.31,-68.5636,2020-09-14,80,
316,-14.3075,-68.5233,2020-09-14,50,
317,-14.3122,-68.567,2020-09-14,79,
318,-14.672,-68.3015,2020-09-19,72,
319,-15.039,-68.2724,2020-09-24,59,
320,-15.0404,-68.2823,2020-09-24,70,
321,-15.0298,-68.274,2020-09-24,45,
322,-15.0312,-68.2836,2020-09-24,80,
323,-14.8447,-68.3321,2020-09-24,56,
324,-14.5568,-68.4992,2020-09-24,71,
325,-14.5263,-68.4835,2020-09-24,75,
326,-14.4603,-68.5299,2020-09-24,80,
327,-14.5506,-68.492,2020-09-25,67,
328,-14.5576,-68.4963,2020-09-25,72,
329,-14.4951,-68.5071,2020-09-25,57,
330,-14.5015,-68.5412,2020-09-25,55,
331,-14.4699,-68.5445,2020-09-25,60,
332,-14.4531,-68.5218,2020-09-25,68,
333,-14.4593,-68.556,2020-09-25,27,
334,-14.8179,-68.3613,2020-09-26,79,
335,-14.8372,-68.2963,2020-09-26,22,
336,-14.8389,-68.283,2020-09-26,82,
337,-14.858,-68.2768,2020-09-26,78,
338,-14.7422,-67.4455,2020-09-26,70,
339,-14.8051,-68.3183,2020-09-26,69,
340,-14.7938,-68.499,2020-09-26,83,
341,-14.7957,-68.5147,2020-09-26,86,
342,-14.6378,-68.5304,2020-09-26,27,
343,-14.5841,-68.4656,2020-09-26,53,
344,-14.5636,-68.484,2020-09-26,67,
345,-14.5541,-68.4996,2020-09-26,88,
346,-14.5558,-68.5135,2020-09-26,74,
347,-14.5645,-68.4887,2020-09-26,81,
348,-14.5534,-68.4904,2020-09-26,56,
349,-14.5551,-68.5041,2020-09-26,88,
350,-14.5568,-68.518,2020-09-26,39,
351,-14.5421,-68.4918,2020-09-26,100,
352,-14.5216,-68.5099,2020-09-26,93,
353,-14.5104,-68.5118,2020-09-26,20,
354,-14.4674,-68.5331,2020-09-26,33,
355,-14.4658,-68.5252,2020-09-26,55,
356,-14.4546,-68.5265,2020-09-26,64,
357,-14.4433,-68.5274,2020-09-26,98,
358,-14.4452,-68.5425,2020-09-26,70,
359,-14.4116,-68.5482,2020-09-26,98,
360,-14.4004,-68.55,2020-09-26,39,
361,-14.3873,-68.5357,2020-09-26,84,
362,-14.3892,-68.5515,2020-09-26,93,
363,-14.3761,-68.5375,2020-09-26,81,
364,-14.3884,-68.5412,2020-09-26,87,
365,-14.3772,-68.5427,2020-09-26,90,
366,-14.3679,-68.5592,2020-09-26,29,
367,-14.3697,-68.5735,2020-09-26,83,
368,-14.2987,-68.5537,2020-09-26,59,
369,-14.2874,-68.5548,2020-09-26,52,
370,-14.8478,-68.2592,2020-09-27,58,
371,-14.524,-68.517,2020-09-27,28,
372,-14.9502,-68.2432,2020-09-28,0,
373,-14.6202,-68.4506,2020-09-30,48,
374,-14.6218,-68.4532,2020-09-30,47,
375,-15.1548,-67.6779,2020-10-01,49,
376,-14.5938,-68.4509,2020-10-01,58,
377,-14.5848,-68.4523,2020-10-01,84,
378,-14.5449,-68.4922,2020-10-01,66,
379,-14.5462,-68.5014,2020-10-01,92,
380,-14.5283,-68.5042,2020-10-01,90,
381,-14.5296,-68.5134,2020-10-01,98,
382,-14.5206,-68.5147,2020-10-01,49,
383,-14.5117,-68.5161,2020-10-01,100,
384,-14.4988,-68.4898,2020-10-01,22,
385,-14.5001,-68.4991,2020-10-01,94,
386,-14.5027,-68.5175,2020-10-01,100,
387,-14.504,-68.5266,2020-10-01,100,
388,-14.4912,-68.5004,2020-10-01,72,
389,-14.4579,-68.5309,2020-10-01,80,
390,-15.1379,-68.2262,2020-10-03,94,
391,-15.1395,-68.238,2020-10-03,100,
392,-15.1409,-68.2489,2020-10-03,52,
393,-15.1295,-68.2392,2020-10-03,84,
394,-15.1309,-68.2499,2020-10-03,64,
395,-15.133,-68.3439,2020-10-03,54,
396,-15.1214,-68.3336,2020-10-03,77,
397,-15.123,-68.3457,2020-10-03,13,
398,-15.0442,-68.2919,2020-10-03,71,
399,-15.044,-68.4468,2020-10-03,76,
400,-15.0012,-68.2729,2020-10-03,73,
401,-14.9577,-68.2499,2020-10-03,56,
402,-14.9479,-68.252,2020-10-03,73,
403,-15.0315,-68.238,2020-10-04,56,
404,-15.0315,-68.2459,2020-10-04,47,
405,-15.2608,-67.8868,2020-10-05,67,
406,-15.2629,-67.9041,2020-10-05,78,
407,-14.4786,-68.5092,2020-10-05,89,
408,-14.481,-68.5298,2020-10-05,53,
409,-14.2883,-68.5488,2020-10-05,75,
410,-14.9623,-68.4185,2020-10-06,68,
411,-14.9424,-68.4425,2020-10-06,61,
412,-14.6838,-68.7624,2020-10-06,92,
413,-14.6317,-68.648,2020-10-06,82,
414,-14.6338,-68.6603,2020-10-06,81,
415,-14.6302,-68.6533,2020-10-06,90,
416,-14.6323,-68.6659,2020-10-06,43,
417,-14.5756,-68.8604,2020-10-06,83,
418,-14.5778,-68.8737,2020-10-06,26,
419,-14.5823,-68.867,2020-10-06,78,
420,-14.4786,-68.4977,2020-10-06,55,
421,-15.1447,-68.2394,2020-10-08,62,
422,-14.9609,-68.2419,2020-10-08,58,
423,-14.9079,-68.4368,2020-10-08,79,
424,-14.9093,-68.4465,2020-10-08,55,
425,-14.81,-68.5283,2020-10-08,77,
426,-14.8115,-68.5381,2020-10-08,69,
427,-14.749,-68.5438,2020-10-08,88,
428,-14.7533,-68.573,2020-10-08,79,
429,-14.6823,-68.5357,2020-10-08,79,
430,-14.6659,-68.6722,2020-10-08,76,
431,-14.6567,-68.6732,2020-10-08,97,
432,-14.558,-68.4972,2020-10-08,92,
433,-14.4598,-68.4606,2020-10-08,100,
434,-14.4613,-68.4709,2020-10-08,82,
435,-14.4605,-68.5285,2020-10-08,82,
436,-14.3963,-68.5387,2020-10-08,94,
437,-14.389,-68.5358,2020-10-08,86,
438,-14.3904,-68.5453,2020-10-08,94,
439,-14.3353,-68.5539,2020-10-08,80,
440,-14.3368,-68.5638,2020-10-08,69,
441,-14.2394,-68.5957,2020-10-08,56,
442,-14.4854,-68.6333,2020-10-08,46,
443,-14.5454,-68.9826,2020-10-09,48,
444,-14.6742,-68.6689,2020-10-10,71,
445,-14.9439,-68.3966,2020-10-10,36,
446,-14.9426,-68.4576,2020-10-10,46,
447,-14.9439,-68.4674,2020-10-10,86,
448,-14.8528,-68.2673,2020-10-10,88,
449,-14.87,-68.3938,2020-10-10,79,
450,-14.8491,-68.4939,2020-10-10,66,
451,-14.7247,-68.4673,2020-10-10,95,
452,-14.7261,-68.4774,2020-10-10,85,
453,-14.6709,-68.673,2020-10-10,58,
454,-14.6722,-68.6829,2020-10-10,86,
455,-14.6028,-68.5206,2020-10-10,46,
456,-14.5936,-68.522,2020-10-10,67,
457,-14.4748,-68.5128,2020-10-10,51,
458,-14.3958,-68.5415,2020-10-10,74,
459,-14.0771,-68.8483,2020-10-10,95,
460,-14.0784,-68.8582,2020-10-10,79,
461,-14.8731,-68.3965,2020-10-11,47,
462,-14.6603,-68.6953,2020-10-11,72,
463,-14.6644,-68.6719,2020-10-11,78,
464,-14.6715,-68.6785,2020-10-11,79,
465,-14.6663,-68.6899,2020-10-12,50,
466,-14.4272,-68.4895,2020-10-15,84,
467,-14.4286,-68.4988,2020-10-15,9,
468,-15.2236,-67.6828,2020-10-15,45,
469,-14.2468,-68.0623,2020-10-19,57,
470,-14.7215,-68.5062,2020-10-23,38,
471,-15.1378,-68.2053,2020-10-24,59,
472,-14.6091,-68.4283,2020-10-24,83,
473,-14.6105,-68.438,2020-10-24,80,
474,-14.5999,-68.4299,2020-10-24,86,
475,-14.6014,-68.4396,2020-10-24,85,
476,-14.5662,-68.4555,2020-10-24,79,
477,-14.5676,-68.4648,2020-10-24,75,
478,-14.5189,-68.5083,2020-10-24,57,
479,-14.3224,-68.5515,2020-10-24,67,
480,-14.3238,-68.5612,2020-10-24,56,
481,-14.3103,-68.5337,2020-10-24,83,
482,-14.3117,-68.5433,2020-10-24,89,
483,-13.9922,-68.9326,2020-10-24,80,
484,-13.9936,-68.9421,2020-10-24,89,
485,-13.9623,-68.9717,2020-10-24,77,
486,-15.1357,-68.2995,2020-10-26,48,
487,-15.0055,-68.4614,2020-10-26,37,
488,-14.9285,-68.4521,2020-10-26,100,
489,-14.9298,-68.462,2020-10-26,62,
490,-14.6319,-68.6934,2020-10-26,84,
491,-14.5914,-68.4654,2020-10-26,74,
492,-14.5583,-68.5001,2020-10-26,49,
493,-14.5494,-68.5574,2020-10-26,100,
494,-14.5508,-68.5673,2020-10-26,100,
495,-14.5309,-68.4908,2020-10-26,85,
496,-14.5323,-68.5011,2020-10-26,62,
497,-14.4966,-68.5165,2020-10-26,90,
498,-14.3062,-68.5368,2020-10-26,84,
499,-14.011,-68.9288,2020-10-26,73,
500,-13.9838,-68.9185,2020-11-04,73,
501,-14.5745,-68.4842,2020-11-05,29,
502,-14.5708,-68.4902,2020-11-05,42,
503,-15.1607,-67.6754,2020-11-06,53,
504,-15.1626,-67.6916,2020-11-06,47,
505,-15.1561,-67.6812,2020-11-06,60,
506,-15.0861,-67.7081,2020-11-06,72,
507,-15.0881,-67.7247,2020-11-06,72,
508,-14.9157,-68.4846,2020-11-06,69,
509,-14.8746,-68.5741,2020-11-06,54,
510,-15.3128,-68.0548,2020-11-09,83,
511,-15.132,-68.2135,2020-11-09,100,
512,-14.3158,-68.4918,2020-11-11,81,
513,-14.3171,-68.5016,2020-11-11,87,
514,-14.2488,-68.6092,2020-11-11,82,
515,-14.3192,-68.519,2020-11-13,73,
516,-14.3222,-68.5185,2020-11-13,75,
517,-14.8961,-68.536,2020-11-22,34,
518,-14.3115,-68.5473,2020-11-23,77,
519,-14.3078,-68.5404,2020-11-23,81,
520,-14.4419,-68.4793,2020-11-25,49,
521,-14.3097,-68.5112,2020-11-25,69,
522,-14.6636,-67.5755,2020-11-27,48,
523,-15.0616,-67.7372,2020-12-02,82,
524,-15.0564,-67.7412,2020-12-03,72,
525,-14.4812,-68.5174,2020-12-04,80,
526,-15.2054,-67.679,2020-12-17,75,
527,-15.1974,-67.6853,2020-12-17,73,
528,-15.0547,-67.731,2021-01-11,56,2021
529,-14.5579,-68.3892,2021-01-12,70,2021
530,-15.0174,-68.1776,2021-04-20,83,2021
531,-14.7008,-68.2433,2021-04-22,78,2021
532,-14.7072,-68.2381,2021-04-22,18,2021
533,-14.6993,-68.2557,2021-04-22,72,2021
534,-14.6718,-68.3421,2021-05-10,74,2021
535,-14.8021,-68.2862,2021-06-23,51,2021
536,-14.6816,-68.2805,2021-06-30,76,2021
537,-14.6812,-68.29,2021-07-01,64,2021
538,-14.6738,-68.3269,2021-07-09,67,2021
539,-14.6751,-68.3366,2021-07-09,59,2021
540,-14.7896,-68.3174,2021-07-23,65,2021
541,-14.7222,-68.2963,2021-07-25,82,2021
542,-14.7143,-68.3076,2021-07-25,65,2021
543,-14.4949,-69.1044,2021-07-26,24,2021
544,-14.7991,-68.4035,2021-08-10,64,2021
545,-14.8004,-68.4133,2021-08-10,78,2021
546,-14.8161,-68.3513,2021-08-15,82,2021
547,-14.8178,-68.3627,2021-08-15,81,2021
548,-15.2085,-68.1637,2021-08-17,64,2021
549,-15.0979,-68.2511,2021-08-21,48,2021
550,-14.8139,-68.4948,2021-08-21,0,2021
551,-14.7754,-68.2998,2021-08-24,71,2021
552,-14.7768,-68.309,2021-08-24,64,2021
553,-14.6535,-68.2847,2021-08-24,68,2021
554,-14.6549,-68.2945,2021-08-24,83,2021
555,-14.5864,-68.5837,2021-08-28,29,2021
556,-14.7481,-68.2999,2021-09-01,74,2021
557,-15.0585,-68.2315,2021-09-02,87,2021
558,-15.0184,-68.4641,2021-09-02,65,2021
559,-14.9206,-68.4187,2021-09-02,74,2021
560,-14.0747,-68.8726,2021-09-02,55,2021
561,-14.076,-68.8819,2021-09-02,66,2021
562,-14.8561,-68.5595,2021-09-04,85,2021
563,-14.8153,-68.3246,2021-09-07,72,2021
564,-14.8177,-68.3393,2021-09-07,57,2021
565,-14.6654,-68.4693,2021-09-09,51,2021
566,-14.7413,-68.4907,2021-09-09,62,2021
567,-14.7428,-68.5004,2021-09-09,79,2021
568,-14.7764,-68.3901,2021-09-11,64,2021
569,-14.706,-67.6152,2021-09-13,49,2021
570,-15.0209,-68.1685,2021-09-18,90,2021
571,-15.0222,-68.1778,2021-09-18,35,2021
572,-14.7154,-67.5898,2021-09-18,0,2021
573,-14.7449,-68.5558,2021-09-18,58,2021
574,-14.736,-68.5571,2021-09-18,88,2021
575,-14.6451,-68.6338,2021-09-18,85,2021
576,-14.5956,-68.4779,2021-09-18,77,2021
577,-15.0523,-68.2304,2021-09-20,83,2021
578,-14.9934,-68.1755,2021-09-20,72,2021
579,-14.9312,-68.3585,2021-09-25,67,2021
580,-15.0973,-68.2206,2021-09-25,65,2021
581,-15.026,-68.2285,2021-09-25,74,2021
582,-15.0274,-68.2379,2021-09-25,93,2021
583,-14.8634,-68.5531,2021-09-25,71,2021
584,-14.8374,-68.5671,2021-09-25,77,2021
585,-14.6553,-68.3909,2021-09-25,53,2021
586,-14.6172,-68.576,2021-09-25,56,2021
587,-14.6187,-68.5857,2021-09-25,75,2021
588,-14.7381,-68.4673,2021-09-27,48,2021
589,-14.7404,-68.4472,2021-09-27,64,2021
590,-15.1307,-67.6817,2021-09-27,0,2021
591,-14.8321,-68.5156,2021-09-27,70,2021
592,-14.5185,-68.5092,2021-09-27,86,2021
593,-14.5093,-68.5106,2021-09-27,97,2021
594,-14.7753,-68.3604,2021-09-28,73,2021
595,-14.8841,-68.2397,2021-09-29,44,2021
596,-14.4565,-68.4666,2021-09-29,100,2021
597,-14.4545,-68.4591,2021-09-29,85,2021
598,-14.4562,-68.4725,2021-09-29,89,2021
599,-14.3068,-68.55,2021-09-29,81,2021
600,-14.3085,-68.5643,2021-09-29,90,2021
601,-14.2955,-68.5514,2021-09-29,71,2021
602,-14.2973,-68.5656,2021-09-29,83,2021
603,-15.1559,-67.6787,2021-09-29,41,2021
604,-15.12,-68.2175,2021-10-02,65,2021
605,-15.1099,-68.2184,2021-10-02,70,2021
606,-14.975,-68.2067,2021-10-02,38,2021
607,-14.2919,-68.5535,2021-10-02,78,2021
608,-14.2909,-68.5474,2021-10-02,79,2021
609,-14.8755,-67.8235,2021-10-03,58,2021
610,-14.8615,-67.8507,2021-10-03,33,2021
611,-14.8912,-67.858,2021-10-03,27,2021
612,-14.5972,-68.53,2021-10-03,82,2021
613,-14.5987,-68.5372,2021-10-03,73,2021
614,-14.868,-67.8478,2021-10-04,100,2021
615,-14.8696,-67.8603,2021-10-04,100,2021
616,-14.856,-67.8531,2021-10-04,66,2021
617,-14.8573,-67.8437,2021-10-04,17,2021
618,-14.8652,-67.8544,2021-10-04,85,2021
619,-14.8665,-67.8452,2021-10-04,68,2021
620,-15.1202,-68.2169,2021-10-06,87,2021
621,-15.1112,-68.224,2021-10-06,66,2021
622,-14.6841,-67.5699,2021-10-08,61,2021
623,-14.7027,-68.258,2021-10-13,47,2021
624,-14.6064,-68.4154,2021-10-13,74,2021
625,-14.6078,-68.4257,2021-10-13,75,2021
626,-14.5415,-68.3539,2021-10-13,79,2021
627,-14.2454,-68.0636,2021-10-13,74,2021
628,-14.2363,-68.065,2021-10-13,49,2021
629,-14.3012,-68.5398,2021-10-13,52,2021
630,-14.4655,-68.5277,2021-10-15,82,2021
631,-14.4924,-68.4743,2021-10-16,95,2021
632,-14.9915,-68.1727,2021-10-22,49,2021
633,-14.9931,-68.1847,2021-10-22,74,2021
634,-14.965,-68.2801,2021-10-22,30,2021
635,-14.9665,-68.2917,2021-10-22,66,2021
636,-14.7065,-68.5606,2021-10-22,80,2021
637,-14.6563,-68.7247,2021-10-22,80,2021
638,-14.4003,-68.5471,2021-10-22,65,2021
639,-14.3134,-68.5106,2021-10-22,54,2021
640,-14.0767,-68.8713,2021-10-22,59,2021
641,-14.2169,-68.2658,2021-10-26,64,2021
642,-14.2212,-68.2742,2021-10-27,16,2021
643,-14.2248,-68.2719,2021-10-27,76,2021
644,-14.2232,-68.2614,2021-10-27,68,2021
645,-14.2998,-68.5191,2021-10-27,61,2021
646,-14.9077,-68.4588,2021-10-27,63,2021
647,-15.0869,-68.237,2021-10-27,73,2021
648,-15.0854,-68.2269,2021-10-27,73,2021
649,-15.1398,-68.232,2021-10-27,85,2021
650,-15.1383,-68.2224,2021-10-27,63,2021
651,-14.5413,-68.697,2021-10-29,68,2021
652,-15.0136,-68.2813,2021-10-31,38,2021
653,-14.2405,-68.5406,2021-11-02,87,2021
654,-14.3402,-68.5633,2021-11-02,30,2021
655,-14.3374,-68.5387,2021-11-02,45,2021
656,-15.1555,-67.6769,2021-11-05,80,2021
657,-14.2048,-68.1179,2021-11-11,52,2021
658,-14.8563,-68.2932,2022-04-23,57,
659,-14.5683,-68.373,2022-04-26,72,
660,-14.5659,-68.3651,2022-04-26,74,
661,-14.2191,-68.2657,2022-04-27,55,
662,-14.3937,-68.5478,2022-05-07,68,
663,-14.6466,-68.35,2022-05-09,51,
664,-14.6458,-68.4962,2022-05-21,69,
665,-14.9663,-68.3089,2022-06-15,44,
666,-14.8942,-68.1921,2022-06-15,60,
667,-14.8852,-68.1935,2022-06-15,87,
668,-14.6537,-68.5043,2022-06-15,45,
669,-14.6129,-68.3387,2022-06-21,63,
670,-14.7121,-68.2981,2022-06-27,72,
671,-14.7145,-68.3127,2022-06-27,78,
672,-14.6395,-68.2927,2022-07-02,50,
673,-14.8841,-68.2059,2022-07-04,97,
674,-14.8871,-68.1985,2022-07-04,76,
675,-14.9643,-68.3503,2022-07-08,60,
676,-14.6617,-68.3007,2022-07-10,36,
677,-14.5176,-69.107,2022-07-10,72,
678,-15.1,-68.2696,2022-07-28,62,
679,-14.7921,-68.3509,2022-07-28,60,
680,-14.803,-68.3567,2022-07-28,56,
681,-15.0951,-68.3505,2022-07-31,58,
682,-15.1075,-68.2776,2022-08-04,67,
683,-14.5607,-68.3446,2022-08-12,71,
684,-14.5588,-68.3454,2022-08-12,57,
685,-14.9893,-68.2004,2022-08-18,79,
686,-14.8373,-68.3598,2022-08-18,40,
687,-14.6879,-68.5378,2022-08-18,62,
688,-14.8606,-68.2845,2022-08-19,49,
689,-14.7819,-68.207,2022-08-20,67,
690,-14.9835,-68.2591,2022-08-20,67,
691,-14.9864,-68.2849,2022-08-20,82,
692,-14.9554,-68.264,2022-08-20,47,
693,-14.958,-68.2876,2022-08-20,36,
694,-14.9519,-68.2693,2022-08-20,42,
695,-14.7827,-68.214,2022-08-20,67,
696,-14.7803,-68.1924,2022-08-21,78,
697,-14.9605,-68.3449,2022-08-21,70,
698,-14.8528,-68.2413,2022-08-21,74,
699,-14.8427,-68.2422,2022-08-21,43,
700,-14.8571,-68.4605,2022-08-21,44,
701,-14.7744,-68.204,2022-08-21,78,
702,-14.7763,-68.1903,2022-08-22,76,
703,-14.7808,-68.1973,2022-08-22,74,
704,-14.7828,-68.1799,2022-08-22,64,
705,-15.0461,-67.7264,2022-08-23,0,
706,-15.0371,-67.7278,2022-08-23,52,
707,-15.0969,-68.338,2022-08-25,56,
708,-14.9872,-68.2637,2022-08-25,45,
709,-14.9245,-68.4222,2022-08-25,53,
710,-14.9164,-68.4164,2022-08-25,50,
711,-14.8312,-68.5485,2022-08-25,42,
712,-14.7794,-68.5552,2022-08-25,60,
713,-14.7555,-68.5327,2022-08-25,67,
714,-14.7494,-68.5393,2022-08-25,74,
715,-14.7081,-68.5447,2022-08-25,56,
716,-14.6977,-68.5458,2022-08-25,72,
717,-14.6777,-68.4716,2022-08-25,61,
718,-14.6792,-68.4837,2022-08-25,46,
719,-14.6304,-68.1852,2022-08-25,61,
720,-15.0293,-68.3119,2022-08-30,65,
721,-14.9215,-68.2909,2022-09-01,86,
722,-14.9229,-68.3014,2022-09-01,60,
723,-14.8999,-68.5176,2022-09-01,0,
724,-14.776,-68.3563,2022-09-01,64,
725,-14.6395,-68.4567,2022-09-01,57,
726,-14.7001,-68.3376,2022-09-06,74,
727,-14.5629,-68.4763,2022-09-06,59,
728,-14.5866,-68.8734,2022-09-06,56,
729,-14.5513,-68.8874,2022-09-06,67,
730,-14.9983,-68.1792,2022-09-08,50,
731,-14.8692,-68.377,2022-09-08,98,
732,-14.8706,-68.3678,2022-09-08,89,
733,-15.0299,-67.7346,2022-09-08,41,
734,-14.5543,-68.4817,2022-09-08,82,
735,-14.5557,-68.4915,2022-09-08,88,
736,-14.5451,-68.4828,2022-09-08,33,
737,-14.5465,-68.493,2022-09-08,67,
738,-14.5898,-68.4495,2022-09-12,72,
739,-14.5518,-68.3675,2022-09-12,26,
740,-14.5547,-68.3944,2022-09-12,50,
741,-14.5642,-68.4799,2022-09-12,33,
742,-14.5772,-68.873,2022-09-12,33,
743,-14.5518,-68.3993,2022-09-12,44,
744,-14.5618,-68.4847,2022-09-12,47,
745,-14.5775,-68.8768,2022-09-12,52,
746,-14.9175,-68.3097,2022-09-18,48,
747,-14.91,-68.3026,2022-09-18,48,
748,-15.0137,-68.2708,2022-09-20,20,
749,-15.0086,-68.2788,2022-09-20,49,
750,-14.5403,-68.4961,2022-09-20,52,
751,-14.5768,-68.7234,2022-09-20,30,
752,-14.5677,-68.4937,2022-09-21,72,
753,-14.5172,-68.5023,2022-09-21,73,
754,-14.5206,-68.5365,2022-09-21,34,
755,-14.5636,-68.5017,2022-09-21,77,
756,-14.5299,-68.5073,2022-09-21,80,
757,-14.5131,-68.5102,2022-09-21,53,
758,-14.8459,-68.2615,2022-10-01,88,
759,-15.1469,-68.3197,2022-10-03,73,
760,-14.3753,-68.5457,2022-10-03,61,
761,-15.1019,-68.2897,2022-10-05,83,
762,-14.4623,-68.4612,2022-10-06,60,
763,-14.4642,-68.4734,2022-10-06,87,
764,-14.4035,-68.5525,2022-10-06,88,
765,-14.4052,-68.5636,2022-10-06,16,
766,-14.3921,-68.5434,2022-10-06,63,
767,-14.3808,-68.5344,2022-10-06,40,
768,-14.3825,-68.545,2022-10-06,85,
769,-14.3742,-68.5117,2022-10-08,71,
770,-14.7147,-68.7467,2022-10-10,45,
771,-15.1932,-67.682,2022-10-15,99,
772,-15.1947,-67.6918,2022-10-15,28,
773,-14.507,-68.5167,2022-10-20,23,
774,-15.1416,-68.3107,2022-10-24,98,
775,-15.0422,-67.7293,2022-10-24,31,
776,-15.0436,-67.739,2022-10-24,58,
777,-15.0986,-68.347,2022-10-24,70,
778,-14.8648,-68.42,2022-10-26,72,
779,-14.8698,-68.425,2022-10-26,45,
780,-14.5943,-68.4415,2022-10-26,53,
781,-15.1224,-68.2245,2022-10-29,52,
782,-14.5835,-67.6266,2022-11-02,6,
783,-15.0625,-68.2236,2022-11-04,62,
784,-15.0655,-68.2508,2022-11-04,62,
785,-15.057,-68.2317,2022-11-04,74,
786,-15.1381,-68.3039,2022-11-06,24,
787,-14.3405,-68.5593,2022-11-07,77,
788,-14.2498,-68.0561,2022-11-07,80,
789,-14.2511,-68.0653,2022-11-07,68,
790,-14.2469,-68.5519,2022-11-07,35,
791,-15.0334,-68.1905,2022-11-11,82,
792,-15.1244,-68.3077,2022-11-14,75,
793,-14.5941,-68.7385,2022-11-18,14,
794,-14.5947,-68.7439,2022-11-18,41,
795,-15.1428,-68.2297,2022-11-18,96,
796,-15.1449,-68.247,2022-11-18,67,
797,-15.0834,-67.6736,2022-11-19,84,
798,-15.3101,-68.0605,2022-11-19,40,
799,-15.0896,-67.6713,2022-11-19,0,
800,-15.0853,-67.6959,2022-11-19,0,
801,-15.0342,-68.1884,2022-11-25,78,
802,-15.0362,-68.2038,2022-11-25,83,
803,-14.9411,-68.4623,2022-11-25,44,
804,-15.3117,-68.0576,2022-11-26,100,
805,-15.0344,-67.7356,2022-11-26,63,
806,-15.0281,-68.1978,2022-11-26,70,
807,-14.9021,-68.3746,2022-11-27,70,
808,-15.0315,-67.7358,2022-11-28,69,
809,-15.0709,-68.1238,2022-11-28,100,
810,-14.9779,-68.2774,2022-11-28,36,
811,-14.9795,-68.2898,2022-11-28,65,
812,-14.9695,-68.2907,2022-11-28,9,
813,-14.9993,-68.2579,2022-11-28,60,
814,-15.0135,-68.2194,2022-11-29,57,
815,-14.9857,-68.2956,2022-11-29,68,
816,-15.0236,-68.1981,2022-11-29,95,
817,-14.9906,-68.2997,2022-11-29,41,
818,-14.9872,-68.2797,2022-11-29,54,
819,-15.0272,-68.2182,2022-11-29,73,
820,-15.0099,-68.1986,2022-11-29,42,
821,-15.0081,-68.214,2022-11-29,61,
822,-15.0113,-68.1954,2022-11-29,73,
823,-15.02,-68.2169,2022-11-29,56,
824,-15.0235,-68.1965,2022-11-29,88,
825,-14.5441,-68.5775,2022-11-30,82,
826,-14.7614,-68.5282,2022-12-01,59,
827,-14.7632,-68.5402,2022-12-01,62,
828,-14.7638,-68.5338,2022-12-01,92,
829,-15.063,-68.1169,2023-01-21,70,2023
830,-14.2223,-68.2725,2023-04-22,32,2023
831,-14.6194,-68.3561,2023-05-16,79,2023
832,-14.647,-68.3016,2023-05-24,64,2023
833,-14.6413,-68.2835,2023-05-24,41,2023
834,-14.646,-68.3095,2023-05-24,53,2023
835,-14.6894,-68.2843,2023-05-25,69,2023
836,-14.8312,-68.4821,2023-06-20,49,2023
837,-14.7165,-68.2985,2023-06-20,59,2023
838,-15.0931,-68.2984,2023-06-29,66,2023
839,-14.5391,-68.4347,2023-06-30,30,2023
840,-15.0549,-68.3341,2023-07-02,69,2023
841,-15.0715,-68.303,2023-07-03,69,2023
842,-15.0752,-68.3422,2023-07-03,48,2023
843,-15.068,-68.3099,2023-07-03,79,2023
844,-14.773,-68.5271,2023-07-08,35,2023
845,-14.6426,-68.6493,2023-07-09,53,2023
846,-15.0976,-68.3456,2023-07-23,83,2023
847,-14.5571,-68.4282,2023-08-06,78,2023
848,-14.945,-68.4541,2023-08-11,25,2023
849,-14.9626,-68.3129,2023-08-18,66,2023
850,-14.9639,-68.3221,2023-08-18,63,2023
851,-15.0241,-68.2999,2023-08-20,33,2023
852,-14.8456,-68.5704,2023-08-20,16,2023
853,-14.8471,-68.5821,2023-08-20,70,2023
854,-14.7492,-68.2884,2023-08-22,65,2023
855,-15.3283,-68.0606,2023-08-23,73,2023
856,-14.9668,-68.2815,2023-08-23,43,2023
857,-14.9147,-68.2901,2023-08-23,64,2023
858,-14.561,-68.6888,2023-08-23,74,2023
859,-15.1075,-68.3455,2023-08-25,72,2023
860,-15.1088,-68.3547,2023-08-25,68,2023
861,-14.8955,-68.4161,2023-08-25,65,2023
862,-14.8968,-68.4253,2023-08-25,58,2023
863,-14.8781,-68.4844,2023-08-25,77,2023
864,-14.2958,-68.5331,2023-08-25,82,2023
865,-14.2971,-68.5422,2023-08-25,70,2023
866,-14.2869,-68.5344,2023-08-25,88,2023
867,-14.2882,-68.5436,2023-08-25,80,2023
868,-14.507,-69.0901,2023-08-29,53,2023
869,-15.0541,-68.2776,2023-08-29,79,2023
870,-15.0568,-68.2618,2023-08-29,50,2023
871,-15.0595,-68.2842,2023-08-29,73,2023
872,-14.9668,-68.3145,2023-08-29,34,2023
873,-14.9732,-68.3193,2023-08-29,39,2023
874,-14.3881,-68.5699,2023-08-29,65,2023
875,-14.3745,-68.5722,2023-08-29,57,2023
876,-14.931,-68.3204,2023-09-01,76,2023
877,-14.935,-68.348,2023-09-01,84,2023
878,-14.7037,-68.2735,2023-09-01,71,2023
879,-14.6476,-68.7226,2023-09-01,77,2023
880,-14.6183,-68.5807,2023-09-01,82,2023
881,-14.6196,-68.5899,2023-09-01,80,2023
882,-14.6573,-68.7234,2023-09-05,41,2023
883,-14.7463,-68.5372,2023-09-06,85,2023
884,-14.9972,-68.1642,2023-09-06,72,2023
885,-14.9989,-68.1752,2023-09-06,71,2023
886,-14.6499,-68.5388,2023-09-08,52,2023
887,-14.6542,-68.7035,2023-09-08,91,2023
888,-14.5142,-68.6197,2023-09-08,55,2023
889,-14.361,-68.5827,2023-09-08,92,2023
890,-14.3624,-68.5922,2023-09-08,100,2023
891,-14.5458,-68.5467,2023-09-10,64,2023
892,-14.5636,-68.9669,2023-09-10,76,2023
893,-14.7817,-68.52,2023-09-11,65,2023
894,-14.6107,-68.454,2023-09-11,76,2023
895,-14.5958,-68.4392,2023-09-11,65,2023
896,-14.5988,-68.4567,2023-09-11,73,2023
897,-14.3109,-68.5419,2023-09-11,77,2023
898,-14.314,-68.5597,2023-09-11,64,2023
899,-14.7591,-68.2765,2023-09-12,8,2023
900,-14.7562,-68.2766,2023-09-12,67,2023
901,-14.6398,-68.5825,2023-09-12,88,2023
902,-14.6379,-68.5628,2023-09-12,56,2023
903,-14.641,-68.5899,2023-09-12,83,2023
904,-14.5424,-68.6656,2023-09-12,74,2023
905,-14.5461,-68.7003,2023-09-12,100,2023
906,-14.5451,-68.6714,2023-09-12,91,2023
907,-14.5489,-68.7049,2023-09-12,100,2023
908,-14.5503,-68.708,2023-09-13,65,2023
909,-14.5394,-68.6987,2023-09-13,89,2023
910,-14.8394,-68.3131,2023-09-13,28,2023
911,-14.679,-68.3438,2023-09-13,45,2023
912,-14.5472,-68.6874,2023-09-13,94,2023
913,-14.5486,-68.6972,2023-09-13,100,2023
914,-14.5475,-68.69,2023-09-14,76,2023
915,-14.5488,-68.6993,2023-09-14,75,2023
916,-14.5385,-68.6914,2023-09-14,74,2023
917,-14.5398,-68.7006,2023-09-14,81,2023
918,-15.2589,-67.9007,2023-09-17,23,2023
919,-14.8147,-68.2751,2023-09-17,51,2023
920,-14.6855,-68.7064,2023-09-17,75,2023
921,-14.5891,-68.8996,2023-09-18,74,2023
922,-14.5133,-68.2785,2023-09-18,36,2023
923,-14.5147,-68.2678,2023-09-18,70,2023
924,-14.5556,-68.9221,2023-09-18,56,2023
925,-14.5933,-68.9037,2023-09-18,39,2023
926,-14.6362,-68.5872,2023-09-18,67,2023
927,-14.9795,-68.2263,2023-09-18,59,2023
928,-14.6393,-68.5861,2023-09-18,73,2023
929,-14.6422,-68.5905,2023-09-18,78,2023
930,-14.5176,-68.2712,2023-09-18,29,2023
931,-14.345,-68.5418,2023-09-18,74,2023
932,-14.3888,-68.547,2023-09-19,61,2023
933,-14.3776,-68.4835,2023-09-19,86,2023
934,-14.3811,-68.5175,2023-09-19,85,2023
935,-14.383,-68.4875,2023-09-19,87,2023
936,-14.3867,-68.5205,2023-09-19,80,2023
937,-14.5831,-68.4765,2023-09-20,51,2023
938,-15.1982,-67.678,2023-09-22,70,2023
939,-15.189,-67.6795,2023-09-22,59,2023
940,-15.1601,-67.6739,2023-09-22,77,2023
941,-15.1614,-67.6835,2023-09-22,88,2023
942,-14.4102,-68.5646,2023-09-22,78,2023
943,-14.3718,-68.4957,2023-09-22,30,2023
944,-14.3309,-68.5818,2023-09-22,80,2023
945,-14.6895,-67.855,2023-09-23,100,2023
946,-14.6919,-67.8751,2023-09-23,100,2023
947,-14.677,-67.8579,2023-09-23,100,2023
948,-14.6792,-67.8775,2023-09-23,65,2023
949,-14.6938,-67.8168,2023-09-23,24,2023
950,-14.6836,-67.8583,2023-09-23,73,2023
951,-14.6886,-67.8106,2023-09-23,55,2023
952,-14.6891,-67.864,2023-09-23,24,2023
953,-14.6871,-67.8352,2023-09-23,78,2023
954,-14.6848,-67.8545,2023-09-23,89,2023
955,-14.5556,-68.9159,2023-09-23,33,2023
956,-14.6865,-67.8481,2023-09-23,95,2023
957,-14.6844,-67.8647,2023-09-23,67,2023
958,-14.6754,-67.8444,2023-09-23,84,2023
959,-14.6733,-67.8615,2023-09-23,92,2023
960,-14.6972,-67.841,2023-09-24,87,2023
961,-14.6993,-67.8546,2023-09-24,100,2023
962,-14.6867,-67.8426,2023-09-24,80,2023
963,-14.6891,-67.8576,2023-09-24,67,2023
964,-14.6762,-67.8435,2023-09-24,100,2023
965,-14.6786,-67.8585,2023-09-24,95,2023
966,-14.668,-67.8592,2023-09-24,88,2023
967,-14.6574,-67.8601,2023-09-24,100,2023
968,-14.6593,-67.8719,2023-09-24,71,2023
969,-14.7585,-68.5599,2023-09-24,74,2023
970,-14.7571,-68.5541,2023-09-24,66,2023
971,-14.6761,-68.557,2023-09-24,85,2023
972,-14.6605,-67.8556,2023-09-24,100,2023
973,-14.6624,-67.8437,2023-09-24,38,2023
974,-14.6534,-67.8611,2023-09-24,100,2023
975,-14.6556,-67.8484,2023-09-24,100,2023
976,-14.6666,-67.8488,2023-09-24,69,2023
977,-14.6775,-67.8492,2023-09-24,88,2023
978,-14.6795,-67.8377,2023-09-24,90,2023
979,-14.6884,-67.8499,2023-09-24,92,2023
980,-14.6904,-67.8384,2023-09-24,100,2023
981,-14.8545,-68.4998,2023-09-24,63,2023
982,-14.7025,-67.8476,2023-09-24,94,2023
983,-14.705,-67.8382,2023-09-24,85,2023
984,-14.7069,-67.8537,2023-09-24,83,2023
985,-14.6932,-67.8396,2023-09-24,68,2023
986,-14.6951,-67.8544,2023-09-24,54,2023
987,-14.6601,-67.8614,2023-09-24,73,2023
988,-14.6554,-68.5694,2023-09-24,75,2023
989,-14.603,-68.5817,2023-09-24,37,2023
990,-14.5935,-68.8183,2023-09-24,62,2023
991,-14.5813,-68.8235,2023-09-24,45,2023
992,-14.6966,-67.8509,2023-09-25,76,2023
993,-14.695,-67.8545,2023-09-25,68,2023
994,-14.6822,-67.8312,2023-09-25,67,2023
995,-14.5317,-68.3995,2023-09-25,32,2023
996,-14.533,-68.3904,2023-09-25,87,2023
997,-14.686,-67.8356,2023-09-25,34,2023
998,-14.6896,-67.8748,2023-09-25,74,2023
999,-14.6909,-67.8656,2023-09-25,67,2023
1000,-14.8534,-68.4004,2023-09-25,70,2023
1001,-15.0258,-68.166,2023-09-25,65,2023
1002,-15.0271,-68.1568,2023-09-25,49,2023
1003,-14.6772,-68.5422,2023-09-25,80,2023
1004,-14.5462,-68.3834,2023-09-25,85,2023
1005,-14.5485,-68.3969,2023-09-25,76,2023
1006,-14.5353,-68.3859,2023-09-25,83,2023
1007,-14.5461,-68.3888,2023-09-25,21,2023
1008,-14.5353,-68.3915,2023-09-25,86,2023
1009,-14.5374,-68.405,2023-09-25,62,2023
1010,-14.3999,-68.5449,2023-09-25,59,2023
1011,-14.3914,-68.561,2023-09-25,9,2023
1012,-14.2445,-68.5849,2023-09-25,88,2023
1013,-14.6846,-67.841,2023-09-26,90,2023
1014,-14.6897,-67.8775,2023-09-26,100,2023
1015,-14.5298,-68.3821,2023-09-26,72,2023
1016,-15.0964,-68.3378,2023-09-26,32,2023
1017,-14.5751,-68.5289,2023-09-26,58,2023
1018,-14.5435,-68.3834,2023-09-26,67,2023
1019,-14.537,-68.3884,2023-09-26,67,2023
1020,-14.6735,-67.8412,2023-09-29,49,2023
1021,-14.6699,-67.8614,2023-09-29,48,2023
1022,-15.1438,-68.2327,2023-09-29,76,2023
1023,-14.6873,-67.5642,2023-09-29,0,2023
1024,-14.6927,-67.5903,2023-10-01,75,2023
1025,-14.5699,-68.7147,2023-10-02,52,2023
1026,-15.149,-68.2385,2023-10-02,80,2023
1027,-15.0279,-68.1634,2023-10-02,0,2023
1028,-14.3309,-68.5441,2023-10-02,57,2023
1029,-14.3258,-68.5506,2023-10-02,42,2023
1030,-15.1428,-68.2347,2023-10-03,57,2023
1031,-15.1441,-68.2455,2023-10-03,56,2023
1032,-15.142,-68.2403,2023-10-03,60,2023
1033,-15.1427,-68.2113,2023-10-04,51,2023
1034,-15.1317,-68.1957,2023-10-04,9,2023
1035,-14.5852,-67.9803,2023-10-04,56,2023
1036,-15.0481,-68.3283,2023-10-04,59,2023
1037,-14.9969,-68.2895,2023-10-04,0,2023
1038,-14.6919,-68.2869,2023-10-04,64,2023
1039,-14.6933,-68.2961,2023-10-04,91,2023
1040,-14.5926,-67.9821,2023-10-04,78,2023
1041,-14.5999,-68.597,2023-10-04,94,2023
1042,-14.5737,-68.4794,2023-10-04,72,2023
1043,-14.5896,-68.5893,2023-10-04,100,2023
1044,-14.591,-68.5984,2023-10-04,100,2023
1045,-14.5796,-68.7193,2023-10-04,47,2023
1046,-14.5475,-68.6867,2023-10-04,65,2023
1047,-14.5488,-68.6959,2023-10-04,76,2023
1048,-14.5399,-68.6973,2023-10-04,100,2023
1049,-14.5412,-68.7064,2023-10-04,94,2023
1050,-14.4631,-68.5463,2023-10-04,32,2023
1051,-14.4096,-68.5546,2023-10-04,73,2023
1052,-14.3891,-68.5391,2023-10-04,51,2023
1053,-14.3592,-68.5316,2023-10-04,43,2023
1054,-14.3503,-68.533,2023-10-04,45,2023
1055,-14.2768,-68.5313,2023-10-04,77,2023
1056,-14.2477,-68.5826,2023-10-04,69,2023
1057,-14.2388,-68.584,2023-10-04,51,2023
1058,-14.3889,-68.5394,2023-10-05,43,2023
1059,-14.6465,-68.6743,2023-10-05,68,2023
1060,-14.7469,-68.4453,2023-10-06,41,2023
1061,-14.7413,-68.4354,2023-10-06,61,2023
1062,-14.6391,-68.5715,2023-10-06,33,2023
1063,-14.6167,-68.5619,2023-10-06,79,2023
1064,-14.5644,-68.4839,2023-10-06,86,2023
1065,-14.5917,-68.699,2023-10-06,41,2023
1066,-14.4812,-68.4715,2023-10-06,55,2023
1067,-14.4831,-68.4861,2023-10-06,100,2023
1068,-14.4727,-68.4868,2023-10-06,94,2023
1069,-14.466,-68.5175,2023-10-06,83,2023
1070,-14.4677,-68.5303,2023-10-06,73,2023
1071,-14.4705,-68.5225,2023-10-06,82,2023
1072,-14.4013,-68.5585,2023-10-06,72,2023
1073,-14.2003,-68.1055,2023-10-06,60,2023
1074,-14.2578,-68.5399,2023-10-06,61,2023
1075,-14.2593,-68.5518,2023-10-06,74,2023
1076,-14.3896,-68.557,2023-10-07,73,2023
1077,-14.3909,-68.5478,2023-10-07,74,2023
1078,-14.5575,-68.6689,2023-10-07,36,2023
1079,-14.676,-68.7463,2023-10-07,81,2023
1080,-14.6773,-68.7372,2023-10-07,68,2023
1081,-15.06,-68.319,2023-10-07,78,2023
1082,-15.1346,-68.2519,2023-10-07,50,2023
1083,-14.5683,-68.6652,2023-10-07,50,2023
1084,-14.5177,-68.7346,2023-10-08,31,2023
1085,-14.4466,-68.4796,2023-10-08,52,2023
1086,-14.2618,-68.5397,2023-10-08,58,2023
1087,-14.2501,-68.5892,2023-10-08,58,2023
1088,-15.0212,-68.2733,2023-10-10,59,2023
1089,-15.0203,-68.2677,2023-10-10,55,2023
1090,-14.664,-68.7039,2023-10-11,14,2023
1091,-14.5919,-68.8269,2023-10-11,61,2023
1092,-14.4657,-68.4778,2023-10-11,35,2023
1093,-14.2694,-68.5467,2023-10-11,79,2023
1094,-14.2679,-68.5382,2023-10-11,67,2023
1095,-14.469,-68.4934,2023-10-11,21,2023
1096,-14.4748,-68.4608,2023-10-11,41,2023
1097,-14.4743,-68.4677,2023-10-11,64,2023
1098,-15.2463,-67.7118,2023-10-11,58,2023
1099,-15.114,-68.3296,2023-10-11,65,2023
1100,-14.687,-67.854,2023-10-11,58,2023
1101,-14.6884,-67.8631,2023-10-11,47,2023
1102,-14.6847,-68.2927,2023-10-11,72,2023
1103,-14.6696,-68.7039,2023-10-11,96,2023
1104,-14.6736,-68.7325,2023-10-11,82,2023
1105,-14.6749,-68.742,2023-10-11,72,2023
1106,-14.6544,-68.7221,2023-10-11,72,2023
1107,-14.6214,-68.5541,2023-10-11,78,2023
1108,-14.5787,-68.4472,2023-10-11,23,2023
1109,-14.58,-68.4565,2023-10-11,67,2023
1110,-14.6064,-68.6428,2023-10-11,83,2023
1111,-14.5973,-68.644,2023-10-11,65,2023
1112,-14.5502,-68.3753,2023-10-11,81,2023
1113,-14.5886,-68.7124,2023-10-11,12,2023
1114,-14.5611,-68.5824,2023-10-11,32,2023
1115,-14.5835,-68.7423,2023-10-11,76,2023
1116,-14.5639,-68.6678,2023-10-11,66,2023
1117,-14.4992,-68.4751,2023-10-11,97,2023
1118,-14.5006,-68.4846,2023-10-11,96,2023
1119,-14.4916,-68.4859,2023-10-11,93,2023
1120,-14.4956,-68.5143,2023-10-11,78,2023
1121,-14.4723,-68.4789,2023-10-11,45,2023
1122,-14.4531,-68.4726,2023-10-11,86,2023
1123,-14.4441,-68.474,2023-10-11,93,2023
1124,-14.4454,-68.4834,2023-10-11,89,2023
1125,-14.2889,-68.5486,2023-10-11,64,2023
1126,-14.2773,-68.5314,2023-10-11,82,2023
1127,-14.2787,-68.5407,2023-10-11,86,2023
1128,-14.2697,-68.5421,2023-10-11,64,2023
1129,-14.2515,-68.5411,2023-10-11,86,2023
1130,-14.2528,-68.5503,2023-10-11,95,2023
1131,-14.2451,-68.5609,2023-10-11,77,2023
1132,-14.4668,-68.4815,2023-10-12,73,2023
1133,-14.4681,-68.4718,2023-10-12,74,2023
1134,-14.5969,-68.6341,2023-10-14,68,2023
1135,-14.4431,-68.5212,2023-10-14,84,2023
1136,-15.011,-68.3089,2023-10-15,46,2023
1137,-14.4601,-68.4599,2023-10-15,58,2023
1138,-14.5858,-68.5556,2023-10-15,47,2023
1139,-14.4705,-68.4643,2023-10-15,60,2023
1140,-15.1172,-68.2349,2023-10-16,10,2023
1141,-15.1142,-68.2403,2023-10-16,30,2023
1142,-15.1228,-68.2552,2023-10-16,33,2023
1143,-15.061,-68.2779,2023-10-16,82,2023
1144,-15.0626,-68.2884,2023-10-16,52,2023
1145,-14.3353,-68.543,2023-10-16,51,2023
1146,-14.3149,-68.5361,2023-10-16,86,2023
1147,-14.3164,-68.546,2023-10-16,85,2023
1148,-14.2815,-68.5363,2023-10-16,83,2023
1149,-14.2831,-68.5466,2023-10-16,80,2023
1150,-15.1283,-68.2552,2023-10-17,34,2023
1151,-15.0592,-67.6997,2023-10-17,68,2023
1152,-15.1223,-68.2607,2023-10-17,65,2023
1153,-15.0511,-68.1195,2023-10-17,36,2023
1154,-15.0539,-68.1456,2023-10-17,2,2023
1155,-15.0645,-68.2448,2023-10-17,47,2023
1156,-15.0581,-68.3161,2023-10-17,64,2023
1157,-15.0442,-68.1276,2023-10-17,19,2023
1158,-15.0525,-68.3236,2023-10-17,41,2023
1159,-14.5864,-68.7311,2023-10-17,33,2023
1160,-14.4395,-68.8169,2023-10-17,78,2023
1161,-14.4378,-68.8292,2023-10-17,75,2023
1162,-15.1224,-68.2562,2023-10-17,61,2023
1163,-15.0694,-68.2484,2023-10-17,52,2023
1164,-15.0482,-68.1198,2023-10-17,87,2023
1165,-15.0465,-68.1333,2023-10-17,72,2023
1166,-14.9898,-68.1994,2023-10-17,49,2023
1167,-15.0406,-67.7201,2023-10-17,0,2023
1168,-14.6832,-67.8489,2023-10-17,55,2023
1169,-15.0758,-67.7025,2023-10-18,96,2023
1170,-15.1221,-68.2604,2023-10-18,36,2023
1171,-15.0482,-68.1215,2023-10-18,76,2023
1172,-15.0683,-68.2524,2023-10-18,45,2023
1173,-15.0699,-68.2631,2023-10-18,43,2023
1174,-15.0151,-68.3132,2023-10-18,63,2023
1175,-14.5679,-68.6636,2023-10-18,78,2023
1176,-14.5692,-68.6727,2023-10-18,86,2023
1177,-15.0426,-68.1159,2023-10-18,100,2023
1178,-15.1134,-68.2555,2023-10-18,87,2023
1179,-15.1148,-68.2463,2023-10-18,39,2023
1180,-15.1422,-68.2249,2023-10-18,63,2023
1181,-15.1344,-68.2359,2023-10-18,79,2023
1182,-15.1357,-68.2454,2023-10-18,39,2023
1183,-15.0721,-68.2513,2023-10-18,48,2023
1184,-15.0578,-68.283,2023-10-18,11,2023
1185,-15.0631,-68.3214,2023-10-18,73,2023
1186,-15.0486,-68.2843,2023-10-18,54,2023
1187,-15.0105,-68.4649,2023-10-18,28,2023
1188,-14.8835,-68.4197,2023-10-18,64,2023
1189,-14.5228,-68.7278,2023-10-19,34,2023
1190,-14.6446,-67.9666,2023-10-19,94,2023
1191,-14.6535,-67.9679,2023-10-19,87,2023
1192,-14.7407,-67.6157,2023-10-19,34,2023
1193,-14.9456,-67.7247,2023-10-19,51,2023
1194,-15.0458,-68.117,2023-10-19,55,2023
1195,-14.6375,-67.971,2023-10-20,80,2023
1196,-14.1514,-68.59,2023-10-20,95,2023
1197,-14.3113,-68.4483,2023-10-20,61,2023
1198,-14.6379,-67.9639,2023-10-20,36,2023
1199,-14.5859,-68.6326,2023-10-21,30,2023
1200,-14.5681,-68.665,2023-10-21,33,2023
1201,-15.0465,-68.2907,2023-10-22,100,2023
1202,-15.0486,-68.3079,2023-10-22,91,2023
1203,-15.0345,-68.2916,2023-10-22,90,2023
1204,-15.0365,-68.3084,2023-10-22,73,2023
1205,-14.5841,-67.9699,2023-10-22,100,2023
1206,-14.5861,-67.9863,2023-10-22,100,2023
1207,-14.5744,-67.9871,2023-10-22,59,2023
1208,-14.5871,-67.9747,2023-10-22,100,2023
1209,-14.5893,-67.9925,2023-10-22,86,2023
1210,-14.5756,-67.9762,2023-10-22,100,2023
1211,-14.5778,-67.9939,2023-10-22,100,2023
1212,-14.5818,-68.6357,2023-10-22,98,2023
1213,-14.5754,-68.6252,2023-10-22,36,2023
1214,-14.5776,-68.6434,2023-10-22,48,2023
1215,-14.337,-68.0981,2023-10-22,76,2023
1216,-14.5775,-67.9909,2023-10-22,49,2023
1217,-14.5818,-67.9671,2023-10-22,100,2023
1218,-14.5874,-68.6143,2023-10-22,24,2023
1219,-14.5785,-67.9788,2023-10-22,100,2023
1220,-14.5678,-67.9849,2023-10-22,69,2023
1221,-14.5704,-67.9625,2023-10-22,61,2023
1222,-14.5804,-67.9851,2023-10-22,89,2023
1223,-14.5827,-67.9654,2023-10-22,82,2023
1224,-14.5184,-68.7155,2023-10-22,78,2023
1225,-14.5303,-68.7159,2023-10-22,43,2023
1226,-15.1205,-68.2577,2023-10-22,50,2023
1227,-14.6925,-67.8752,2023-10-22,38,2023
1228,-14.6789,-67.8857,2023-10-22,51,2023
1229,-14.5855,-67.9917,2023-10-22,88,2023
1230,-14.57,-67.9905,2023-10-22,96,2023
1231,-14.5735,-68.0224,2023-10-22,65,2023
1232,-14.5926,-68.6426,2023-10-22,97,2023
1233,-14.5187,-68.7319,2023-10-22,29,2023
1234,-14.5347,-68.7298,2023-10-22,74,2023
1235,-14.5267,-68.7263,2023-10-22,72,2023
1236,-14.5556,-68.6931,2023-10-22,63,2023
1237,-14.5512,-68.6526,2023-10-22,95,2023
1238,-14.5831,-68.6493,2023-10-22,94,2023
1239,-14.5793,-68.6141,2023-10-22,26,2023
1240,-15.0188,-68.2829,2023-10-23,59,2023
1241,-15.0284,-68.3407,2023-10-23,83,2023
1242,-15.0308,-68.3553,2023-10-23,13,2023
1243,-15.0174,-68.3425,2023-10-23,65,2023
1244,-15.0271,-68.3473,2023-10-23,100,2023
1245,-14.7126,-67.8242,2023-10-23,83,2023
1246,-14.5764,-67.9763,2023-10-23,81,2023
1247,-14.565,-67.9782,2023-10-23,96,2023
1248,-14.5675,-67.9935,2023-10-23,96,2023
1249,-14.5537,-67.9804,2023-10-23,100,2023
1250,-14.5562,-67.9955,2023-10-23,100,2023
1251,-14.6391,-68.5778,2023-10-23,35,2023
1252,-14.5764,-68.6227,2023-10-23,68,2023
1253,-14.5786,-68.6369,2023-10-23,92,2023
1254,-14.3182,-68.4437,2023-10-23,88,2023
1255,-14.1464,-68.5906,2023-10-23,93,2023
1256,-14.1448,-68.5972,2023-10-23,55,2023
1257,-15.0499,-68.3081,2023-10-23,10,2023
1258,-14.6937,-67.857,2023-10-23,65,2023
1259,-14.6921,-67.8689,2023-10-23,79,2023
1260,-14.5644,-67.9765,2023-10-23,53,2023
1261,-14.5627,-67.9885,2023-10-23,35,2023
1262,-14.5546,-67.9752,2023-10-23,100,2023
1263,-14.5529,-67.987,2023-10-23,100,2023
1264,-14.5261,-68.1097,2023-10-23,52,2023
1265,-14.926,-68.1333,2023-10-23,20,2023
1266,-14.6932,-67.8784,2023-10-23,100,2023
1267,-14.6947,-67.8878,2023-10-23,49,2023
1268,-14.5522,-67.9751,2023-10-23,64,2023
1269,-14.5538,-67.9855,2023-10-23,87,2023
1270,-14.5445,-67.9872,2023-10-23,100,2023
1271,-14.6119,-68.5558,2023-10-23,0,2023
1272,-14.5259,-68.113,2023-10-23,77,2023
1273,-14.4451,-68.4863,2023-10-23,74,2023
1274,-14.4465,-68.4957,2023-10-23,44,2023
1275,-14.3192,-68.4438,2023-10-23,79,2023
1276,-14.3101,-68.4455,2023-10-23,47,2023
1277,-14.1584,-68.5997,2023-10-23,90,2023
1278,-14.1479,-68.592,2023-10-23,78,2023
1279,-14.5455,-68.0014,2023-10-24,79,2023
1280,-14.5368,-68.0084,2023-10-24,39,2023
1281,-15.0475,-68.1199,2023-10-24,81,2023
1282,-15.1263,-68.2127,2023-10-25,38,2023
1283,-14.6977,-67.8589,2023-10-25,71,2023
1284,-14.3117,-68.4403,2023-10-25,87,2023
1285,-14.313,-68.4494,2023-10-25,64,2023
1286,-14.5634,-68.634,2023-10-25,100,2023
1287,-14.701,-67.8592,2023-10-25,59,2023
1288,-14.7024,-67.8501,2023-10-25,45,2023
1289,-14.5922,-68.624,2023-10-25,31,2023
1290,-14.5622,-68.6729,2023-10-26,73,2023
1291,-14.5651,-68.646,2023-10-26,95,2023
1292,-14.5807,-68.6475,2023-10-26,90,2023
1293,-14.5656,-68.6689,2023-10-26,100,2023
1294,-14.5689,-68.6409,2023-10-26,100,2023
1295,-14.535,-68.6562,2023-10-26,71,2023
1296,-14.5367,-68.646,2023-10-26,64,2023
1297,-14.9363,-67.7368,2023-10-26,79,2023
1298,-14.9377,-67.7275,2023-10-26,32,2023
1299,-14.449,-68.539,2023-10-30,79,2023
1300,-14.405,-68.5515,2023-10-30,93,2023
1301,-14.4063,-68.5607,2023-10-30,83,2023
1302,-15.1123,-68.2442,2023-11-01,66,2023
1303,-14.9527,-68.2921,2023-11-03,28,2023
1304,-14.2865,-68.5282,2023-11-03,39,2023
1305,-14.2794,-68.5353,2023-11-03,57,2023
1306,-14.9357,-67.7371,2023-11-06,77,2023
1307,-14.9371,-67.7465,2023-11-06,23,2023
1308,-14.7804,-67.4257,2023-11-06,83,2023
1309,-14.7818,-67.4351,2023-11-06,71,2023
1310,-14.7794,-67.4236,2023-11-06,58,2023
1311,-14.928,-67.7373,2023-11-06,67,2023
1312,-15.0351,-67.7586,2023-11-06,54,2023
1313,-15.0493,-67.7669,2023-11-06,73,2023
1314,-15.0372,-67.7566,2023-11-06,81,2023
1315,-15.0386,-67.7658,2023-11-06,80,2023
1316,-14.9343,-67.7409,2023-11-06,68,2023
1317,-14.7785,-67.4333,2023-11-06,76,2023
1318,-14.7319,-67.6156,2023-11-06,77,2023
1319,-14.7333,-67.6248,2023-11-06,94,2023
1320,-14.5655,-68.6362,2023-11-06,29,2023
1321,-14.5668,-68.6454,2023-11-06,90,2023
1322,-14.475,-68.5148,2023-11-06,68,2023
1323,-14.4661,-68.5161,2023-11-06,87,2023
1324,-14.3953,-68.4768,2023-11-06,75,2023
1325,-14.3864,-68.4783,2023-11-06,97,2023
1326,-14.3877,-68.4874,2023-11-06,80,2023
1327,-14.388,-68.5536,2023-11-06,57,2023
1328,-14.6128,-68.808,2023-11-08,49,2023
1329,-14.5683,-68.6414,2023-11-08,71,2023
1330,-14.5701,-68.6557,2023-11-08,84,2023
1331,-15.0478,-68.3566,2023-11-10,40,2023
1332,-14.7923,-67.4575,2023-11-11,62,2023
1333,-14.7705,-67.4406,2023-11-11,51,2023
1334,-14.7724,-67.4525,2023-11-11,78,2023
1335,-14.8099,-67.4503,2023-11-12,81,2023
1336,-14.8086,-67.4595,2023-11-12,85,2023
1337,-14.7997,-67.4582,2023-11-12,51,2023
1338,-14.7651,-67.4375,2023-11-12,42,2023
1339,-14.7637,-67.4467,2023-11-12,73,2023
1340,-14.6774,-67.8466,2023-11-12,52,2023
1341,-14.9288,-67.62,2023-11-13,100,2023
1342,-14.8146,-67.4557,2023-11-13,4,2023
1343,-14.8159,-67.4654,2023-11-13,20,2023
1344,-14.8228,-67.459,2023-11-13,67,2023
1345,-14.7972,-67.4725,2023-11-13,74,2023
1346,-14.778,-67.4659,2023-11-13,73,2023
1347,-14.7677,-67.458,2023-11-13,32,2023
1348,-15.0219,-67.6255,2023-11-15,69,2023
1349,-14.8103,-67.4828,2023-11-15,50,2023
1350,-14.7718,-67.4664,2023-11-15,80,2023
1351,-14.7574,-67.4402,2023-11-15,58,2023
1352,-14.7125,-68.3542,2023-11-15,69,2023
1353,-14.8229,-67.4576,2023-11-16,78,2023
1354,-14.8252,-67.4717,2023-11-16,41,2023
1355,-14.7512,-67.4456,2023-11-16,66,2023
1356,-15.0383,-67.6085,2023-11-16,22,2023
1357,-14.5837,-68.6292,2023-11-16,42,2023
1358,-14.5392,-68.7014,2023-11-17,33,2023
1359,-14.7442,-67.4513,2023-11-17,44,2023
1360,-14.8416,-67.4119,2023-11-17,76,2023
1361,-14.7685,-68.5144,2023-11-17,60,2023
1362,-14.7038,-67.6125,2023-11-17,45,2023
1363,-14.6762,-67.5021,2023-11-17,74,2023
1364,-15.0557,-67.7342,2023-11-18,72,2023
1365,-15.0569,-67.7433,2023-11-18,76,2023
1366,-15.0475,-67.7506,2023-11-18,43,2023
1367,-15.0091,-68.3984,2023-11-18,15,2023
1368,-15.0002,-68.3996,2023-11-18,89,2023
1369,-15.0015,-68.4087,2023-11-18,70,2023
1370,-14.8431,-67.4051,2023-11-18,80,2023
1371,-14.8394,-67.4431,2023-11-18,32,2023
1372,-14.8407,-67.4523,2023-11-18,100,2023
1373,-14.842,-67.4615,2023-11-18,18,2023
1374,-14.8305,-67.4445,2023-11-18,54,2023
1375,-14.8318,-67.4537,2023-11-18,51,2023
1376,-14.8331,-67.4628,2023-11-18,97,2023
1377,-14.8187,-67.4335,2023-11-18,100,2023
1378,-14.8251,-67.4793,2023-11-18,95,2023
1379,-14.8098,-67.4348,2023-11-18,22,2023
1380,-14.8176,-67.4898,2023-11-18,100,2023
1381,-14.8087,-67.4912,2023-11-18,21,2023
1382,-14.6928,-68.435,2023-11-18,84,2023
1383,-14.6952,-67.4825,2023-11-18,100,2023
1384,-14.7053,-67.4841,2023-11-18,78,2023
1385,-14.729,-67.5365,2023-11-18,69,2023
1386,-14.8334,-67.447,2023-11-18,65,2023
1387,-14.8435,-67.4484,2023-11-18,22,2023
1388,-14.9975,-68.4017,2023-11-18,60,2023
1389,-15.0592,-67.5976,2023-11-18,73,2023
1390,-15.0533,-67.6049,2023-11-18,96,2023
1391,-15.0541,-67.7353,2023-11-18,76,2023
1392,-15.0403,-67.707,2023-11-18,0,2023
1393,-15.0418,-67.7168,2023-11-18,0,2023
1394,-15.0191,-67.631,2023-11-18,63,2023
1395,-14.9907,-67.5085,2023-11-18,54,2023
1396,-14.855,-67.4101,2023-11-18,46,2023
1397,-14.8599,-67.4413,2023-11-18,95,2023
1398,-14.8615,-67.4515,2023-11-18,73,2023
1399,-14.8505,-67.4428,2023-11-18,100,2023
1400,-14.8521,-67.4531,2023-11-18,99,2023
1401,-14.8439,-67.4398,2023-11-18,92,2023
1402,-14.8455,-67.4502,2023-11-18,95,2023
1403,-14.8471,-67.4605,2023-11-18,88,2023
1404,-14.8329,-67.4311,2023-11-18,84,2023
1405,-14.8345,-67.4414,2023-11-18,38,2023
1406,-14.8235,-67.4327,2023-11-18,82,2023
1407,-14.8141,-67.4343,2023-11-18,55,2023
1408,-14.756,-67.4331,2023-11-18,37,2023
1409,-14.7625,-67.4744,2023-11-18,79,2023
1410,-14.7571,-67.4705,2023-11-18,80,2023
1411,-14.768,-67.5425,2023-11-18,42,2023
1412,-14.7445,-67.4514,2023-11-18,81,2023
1413,-14.7461,-67.4618,2023-11-18,85,2023
1414,-14.7555,-67.5237,2023-11-18,63,2023
1415,-14.7586,-67.544,2023-11-18,100,2023
1416,-14.7602,-67.5541,2023-11-18,100,2023
1417,-14.7617,-67.5643,2023-11-18,96,2023
1418,-14.7462,-67.5253,2023-11-18,99,2023
1419,-14.7477,-67.5354,2023-11-18,100,2023
1420,-14.7493,-67.5455,2023-11-18,100,2023
1421,-14.7508,-67.5557,2023-11-18,100,2023
1422,-14.7524,-67.5658,2023-11-18,100,2023
1423,-14.7539,-67.5759,2023-11-18,94,2023
1424,-14.7601,-67.6163,2023-11-18,0,2023
1425,-14.7304,-67.4855,2023-11-18,99,2023
1426,-14.732,-67.4959,2023-11-18,73,2023
1427,-14.7368,-67.5269,2023-11-18,92,2023
1428,-14.7384,-67.5371,2023-11-18,98,2023
1429,-14.7399,-67.5471,2023-11-18,100,2023
1430,-14.7415,-67.5573,2023-11-18,100,2023
1431,-14.743,-67.5674,2023-11-18,100,2023
1432,-14.7445,-67.5774,2023-11-18,83,2023
1433,-14.7195,-67.4767,2023-11-18,81,2023
1434,-14.7211,-67.4871,2023-11-18,100,2023
1435,-14.7226,-67.4974,2023-11-18,98,2023
1436,-14.7274,-67.5284,2023-11-18,81,2023
1437,-14.729,-67.5387,2023-11-18,98,2023
1438,-14.7305,-67.5487,2023-11-18,99,2023
1439,-14.7321,-67.5588,2023-11-18,100,2023
1440,-14.7336,-67.569,2023-11-18,96,2023
1441,-14.7352,-67.5789,2023-11-18,75,2023
1442,-14.7414,-67.6194,2023-11-18,69,2023
1443,-14.743,-67.6296,2023-11-18,63,2023
1444,-14.7084,-67.4678,2023-11-18,89,2023
1445,-14.71,-67.4782,2023-11-18,88,2023
1446,-14.7116,-67.4886,2023-11-18,96,2023
1447,-14.7132,-67.4989,2023-11-18,100,2023
1448,-14.7196,-67.5402,2023-11-18,100,2023
1449,-14.7212,-67.5503,2023-11-18,100,2023
1450,-14.7227,-67.5603,2023-11-18,90,2023
1451,-14.7243,-67.5704,2023-11-18,60,2023
1452,-14.7258,-67.5804,2023-11-18,31,2023
1453,-14.7321,-67.621,2023-11-18,81,2023
1454,-14.7006,-67.4797,2023-11-18,100,2023
1455,-14.7022,-67.4901,2023-11-18,73,2023
1456,-14.7038,-67.5004,2023-11-18,100,2023
1457,-14.7054,-67.5108,2023-11-18,93,2023
1458,-14.7118,-67.5517,2023-11-18,30,2023
1459,-14.7133,-67.5618,2023-11-18,57,2023
1460,-14.7149,-67.5719,2023-11-18,77,2023
1461,-14.7243,-67.6326,2023-11-18,61,2023
1462,-14.6912,-67.4812,2023-11-18,56,2023
1463,-14.6945,-67.502,2023-11-18,100,2023
1464,-14.696,-67.5123,2023-11-18,99,2023
1465,-14.685,-67.5035,2023-11-18,100,2023
1466,-14.6866,-67.5138,2023-11-18,88,2023
1467,-14.693,-67.5547,2023-11-18,58,2023
1468,-14.6756,-67.5049,2023-11-18,90,2023
1469,-14.6773,-67.5153,2023-11-18,49,2023
1470,-14.69,-67.5967,2023-11-18,77,2023
1471,-14.683,-67.594,2023-11-18,70,2023
1472,-14.6518,-67.5154,2023-11-18,56,2023
1473,-14.6612,-67.5767,2023-11-18,0,2023
1474,-14.6518,-67.5783,2023-11-18,60,2023
1475,-14.6534,-67.5885,2023-11-18,80,2023
1476,-14.6625,-67.8349,2023-11-18,81,2023
1477,-14.6641,-67.8454,2023-11-18,73,2023
1478,-14.6548,-67.8466,2023-11-18,52,2023
1479,-14.7214,-68.4597,2023-11-18,53,2023
1480,-14.6024,-68.7166,2023-11-18,0,2023
1481,-14.4428,-68.8209,2023-11-18,28,2023
1482,-14.2729,-68.0507,2023-11-18,74,2023
1483,-14.2637,-68.0522,2023-11-18,80,2023
1484,-14.2568,-68.0538,2023-11-20,72,2023
1485,-14.7185,-67.5014,2023-11-20,98,2023
1486,-14.7263,-67.5177,2023-11-20,100,2023
1487,-14.7291,-67.4993,2023-11-20,83,2023
1488,-14.7759,-67.5539,2023-11-20,72,2023
1489,-14.7862,-67.546,2023-11-20,39,2023
1490,-14.7882,-67.5937,2023-11-20,45,2023
1491,-14.7171,-67.5106,2023-11-20,100,2023
1492,-14.5186,-68.6476,2023-11-29,28,2023
1493,-14.5141,-68.6357,2023-11-30,72,2023
1494,-14.6587,-67.5579,2023-12-14,61,2023
1495,-14.6593,-67.5332,2023-12-14,65,2023
1496,-14.6609,-67.539,2023-12-14,74,2023
1497,-15.0502,-68.1225,2023-12-18,26,2023
1498,-15.2101,-67.6924,2023-12-24,92,2023
1499,-15.0503,-68.1232,2023-12-28,67,2023
1500,-14.3922,-68.5506,2023-12-28,35,2023
1501,-14.6129,-68.5702,2024-01-07,17,2024
1502,-14.6426,-68.3098,2024-06-01,58,2024
1503,-14.5783,-68.4808,2024-06-01,63,2024
1504,-14.5682,-68.4819,2024-06-01,70,2024
1505,-14.4817,-69.0611,2024-06-05,60,2024
1506,-14.5299,-68.3343,2024-06-06,34,2024
1507,-14.6436,-68.4328,2024-06-27,35,2024
1508,-14.5259,-68.4947,2024-07-27,37,2024
1509,-14.9556,-68.2968,2024-08-03,49,2024
1510,-14.8937,-68.3944,2024-08-03,70,2024
1511,-14.8922,-68.4003,2024-08-03,38,2024
1512,-15.0528,-67.7261,2024-08-12,58,2024
1513,-14.7156,-68.3123,2024-08-13,69,2024
1514,-14.5621,-68.5602,2024-08-15,57,2024
1515,-14.7893,-68.3713,2024-08-17,73,2024
1516,-14.7802,-68.3727,2024-08-17,87,2024
1517,-14.7816,-68.3822,2024-08-17,58,2024
1518,-14.7357,-68.2527,2024-08-17,91,2024
1519,-14.737,-68.262,2024-08-17,96,2024
1520,-14.7369,-68.3242,2024-08-18,59,2024
1521,-14.7393,-68.3299,2024-08-18,31,2024
1522,-14.9095,-68.4265,2024-08-18,53,2024
1523,-15.1896,-67.6828,2024-08-19,53,2024
1524,-14.6327,-68.5973,2024-08-24,61,2024
1525,-14.6853,-68.7609,2024-08-29,80,2024
1526,-14.7532,-68.3,2024-08-30,21,2024
1527,-14.8546,-68.3733,2024-09-01,36,2024
1528,-14.8527,-68.3895,2024-09-01,10,2024
1529,-14.6583,-68.3151,2024-09-01,16,2024
1530,-14.6562,-68.3317,2024-09-01,25,2024
1531,-14.5506,-68.369,2024-09-03,39,2024
1532,-14.5519,-68.3597,2024-09-03,49,2024
1533,-15.09,-68.3222,2024-09-03,55,2024
1534,-14.9341,-68.4579,2024-09-03,63,2024
1535,-14.8978,-68.2622,2024-09-03,67,2024
1536,-14.905,-68.4517,2024-09-03,95,2024
1537,-14.9063,-68.4615,2024-09-03,86,2024
1538,-14.8978,-68.4483,2024-09-03,95,2024
1539,-14.8991,-68.4581,2024-09-03,100,2024
1540,-14.8766,-68.4313,2024-09-03,76,2024
1541,-14.878,-68.4413,2024-09-03,80,2024
1542,-14.8673,-68.4324,2024-09-03,75,2024
1543,-14.8687,-68.4425,2024-09-03,81,2024
1544,-14.7436,-68.2749,2024-09-03,73,2024
1545,-14.745,-68.285,2024-09-03,90,2024
1546,-14.6901,-68.7577,2024-09-03,31,2024
1547,-14.5769,-68.3326,2024-09-03,58,2024
1548,-14.5704,-68.3532,2024-09-03,88,2024
1549,-14.5718,-68.3633,2024-09-03,83,2024
1550,-14.5626,-68.3644,2024-09-03,86,2024
1551,-14.5534,-68.3654,2024-09-03,73,2024
1552,-14.3782,-68.4966,2024-09-03,68,2024
1553,-14.693,-68.2822,2024-09-06,75,2024
1554,-14.6952,-68.2959,2024-09-06,78,2024
1555,-14.6739,-68.5298,2024-09-06,54,2024
1556,-15.0742,-68.1105,2024-09-08,52,2024
1557,-14.6247,-68.1925,2024-09-08,68,2024
1558,-14.7054,-68.3158,2024-09-09,53,2024
1559,-14.6993,-68.3225,2024-09-09,56,2024
1560,-14.6841,-68.2998,2024-09-10,77,2024
1561,-14.6825,-68.3103,2024-09-10,76,2024
1562,-14.8592,-68.466,2024-09-10,69,2024
1563,-14.8618,-68.4711,2024-09-10,61,2024
1564,-14.8375,-68.5544,2024-09-10,64,2024
1565,-14.6857,-68.2628,2024-09-10,91,2024
1566,-14.6914,-68.3081,2024-09-10,49,2024
1567,-14.6802,-68.3102,2024-09-10,71,2024
1568,-14.6794,-68.7516,2024-09-10,51,2024
1569,-14.5859,-68.8342,2024-09-10,59,2024
1570,-14.5877,-68.8483,2024-09-10,31,2024
1571,-14.7184,-68.5168,2024-09-11,41,2024
1572,-14.7947,-68.4762,2024-09-11,45,2024
1573,-14.7871,-68.259,2024-09-11,52,2024
1574,-14.7993,-68.3998,2024-09-11,73,2024
1575,-14.8019,-68.4155,2024-09-11,62,2024
1576,-14.8013,-68.48,2024-09-11,70,2024
1577,-14.804,-68.496,2024-09-11,49,2024
1578,-14.7273,-68.5147,2024-09-11,79,2024
1579,-14.6791,-68.3008,2024-09-11,30,2024
1580,-14.7161,-68.5173,2024-09-11,85,2024
1581,-14.7185,-68.5314,2024-09-11,41,2024
1582,-14.7051,-68.5205,2024-09-11,75,2024
1583,-14.7074,-68.5341,2024-09-11,40,2024
1584,-14.7057,-68.5266,2024-09-11,74,2024
1585,-14.6867,-68.7591,2024-09-11,79,2024
1586,-14.5799,-68.8867,2024-09-11,39,2024
1587,-14.5821,-68.8999,2024-09-11,64,2024
1588,-14.3792,-68.5023,2024-09-11,34,2024
1589,-14.6616,-68.7123,2024-09-12,71,2024
1590,-14.6644,-68.7287,2024-09-12,42,2024
1591,-14.6809,-68.532,2024-09-12,46,2024
1592,-14.6846,-68.567,2024-09-12,65,2024
1593,-14.6729,-68.5393,2024-09-12,58,2024
1594,-14.7509,-68.4097,2024-09-13,76,2024
1595,-14.7415,-68.4734,2024-09-13,70,2024
1596,-14.6787,-68.2954,2024-09-13,69,2024
1597,-14.6893,-68.7503,2024-09-13,26,2024
1598,-14.6102,-67.9661,2024-09-18,56,2024
1599,-14.6118,-67.9543,2024-09-18,36,2024
1600,-14.6133,-67.9579,2024-09-18,89,2024
1601,-14.6148,-67.9677,2024-09-18,89,2024
1602,-14.6646,-68.5343,2024-09-18,79,2024
1603,-14.6661,-68.5441,2024-09-18,35,2024
1604,-14.6029,-67.9543,2024-09-19,75,2024
1605,-14.6049,-67.9673,2024-09-19,88,2024
1606,-14.5934,-67.9602,2024-09-20,100,2024
1607,-14.592,-67.9693,2024-09-20,52,2024
1608,-14.5953,-68.2336,2024-09-20,51,2024
1609,-14.6096,-67.9478,2024-09-20,27,2024
1610,-14.6083,-67.9569,2024-09-20,87,2024
1611,-14.5995,-67.9556,2024-09-20,51,2024
1612,-14.5981,-67.9647,2024-09-20,80,2024
1613,-14.5893,-67.9634,2024-09-20,91,2024
1614,-14.9754,-68.3642,2024-09-20,74,2024
1615,-14.6801,-68.7513,2024-09-20,89,2024
1616,-14.6818,-68.7634,2024-09-20,79,2024
1617,-14.6357,-68.5705,2024-09-20,50,2024
1618,-14.4666,-68.5317,2024-09-20,97,2024
1619,-14.468,-68.5423,2024-09-20,89,2024
1620,-13.9939,-68.9502,2024-09-20,71,2024
1621,-14.5859,-68.2246,2024-09-21,53,2024
1622,-14.5977,-68.2163,2024-09-21,65,2024
1623,-14.5935,-68.2203,2024-09-22,62,2024
1624,-14.5913,-68.233,2024-09-22,38,2024
1625,-14.7076,-68.5395,2024-09-22,41,2024
1626,-14.8292,-68.4986,2024-09-23,74,2024
1627,-14.837,-68.4842,2024-09-23,28,2024
1628,-14.8393,-68.5035,2024-09-23,47,2024
1629,-14.7398,-68.54,2024-09-23,28,2024
1630,-14.672,-68.7239,2024-09-23,83,2024
1631,-14.6744,-68.745,2024-09-23,77,2024
1632,-14.6711,-68.73,2024-09-23,96,2024
1633,-15.0037,-68.1683,2024-09-23,67,2024
1634,-15.0009,-68.1629,2024-09-23,78,2024
1635,-14.6669,-68.7356,2024-09-23,59,2024
1636,-14.6684,-68.7239,2024-09-23,100,2024
1637,-15.0154,-68.2602,2024-09-23,61,2024
1638,-14.8892,-68.5046,2024-09-23,45,2024
1639,-14.8346,-68.4984,2024-09-23,50,2024
1640,-14.8284,-68.5218,2024-09-23,34,2024
1641,-14.7989,-68.4604,2024-09-23,68,2024
1642,-14.7928,-68.4839,2024-09-23,50,2024
1643,-14.7401,-68.5427,2024-09-23,85,2024
1644,-14.7418,-68.5535,2024-09-23,72,2024
1645,-14.6937,-68.5253,2024-09-23,89,2024
1646,-14.6823,-68.5156,2024-09-23,93,2024
1647,-14.684,-68.5268,2024-09-23,97,2024
1648,-14.6759,-68.7253,2024-09-23,37,2024
1649,-14.6775,-68.7354,2024-09-23,86,2024
1650,-14.7313,-68.5504,2024-09-24,25,2024
1651,-14.6941,-68.5189,2024-09-24,95,2024
1652,-14.6971,-68.5108,2024-09-24,21,2024
1653,-14.6991,-68.5236,2024-09-24,85,2024
1654,-14.666,-68.3792,2024-09-24,32,2024
1655,-14.141,-68.8347,2024-09-24,60,2024
1656,-15.0344,-68.1299,2024-09-25,65,2024
1657,-15.034,-68.122,2024-09-25,73,2024
1658,-15.043,-68.1235,2024-09-25,44,2024
1659,-15.0327,-68.1316,2024-09-25,78,2024
1660,-14.9824,-68.2637,2024-09-25,88,2024
1661,-14.9736,-68.2618,2024-09-25,57,2024
1662,-14.9749,-68.2713,2024-09-25,37,2024
1663,-14.7967,-68.1832,2024-09-25,51,2024
1664,-14.7981,-68.1929,2024-09-25,84,2024
1665,-14.6389,-68.6362,2024-09-25,56,2024
1666,-14.6404,-68.647,2024-09-25,69,2024
1667,-14.6215,-68.5781,2024-09-25,58,2024
1668,-14.565,-68.306,2024-09-25,73,2024
1669,-14.5894,-68.7582,2024-09-25,35,2024
1670,-14.5907,-68.7681,2024-09-25,89,2024
1671,-14.5844,-68.765,2024-09-25,85,2024
1672,-14.5857,-68.7747,2024-09-25,74,2024
1673,-14.5572,-68.9136,2024-09-25,44,2024
1674,-14.5585,-68.9231,2024-09-25,83,2024
1675,-14.4154,-68.5482,2024-09-28,85,2024
1676,-14.4177,-68.5629,2024-09-28,80,2024
1677,-14.3908,-68.5273,2024-09-28,52,2024
1678,-14.3928,-68.5394,2024-09-28,100,2024
1679,-14.3947,-68.5515,2024-09-28,58,2024
1680,-14.3824,-68.5412,2024-09-28,52,2024
1681,-14.577,-68.4709,2024-09-28,52,2024
1682,-15.1019,-68.2856,2024-09-30,81,2024
1683,-15.1032,-68.2947,2024-09-30,72,2024
1684,-14.8826,-68.2437,2024-09-30,76,2024
1685,-14.8839,-68.2529,2024-09-30,56,2024
1686,-14.7371,-67.6134,2024-09-30,59,2024
1687,-14.7385,-67.6225,2024-09-30,39,2024
1688,-14.6036,-67.9629,2024-09-30,64,2024
1689,-14.6049,-67.972,2024-09-30,92,2024
1690,-14.4707,-68.5159,2024-09-30,62,2024
1691,-14.4426,-68.5106,2024-09-30,83,2024
1692,-14.4439,-68.5199,2024-09-30,83,2024
1693,-15.0827,-67.6746,2024-10-01,100,2024
1694,-15.0841,-67.6841,2024-10-01,84,2024
1695,-14.7537,-68.4671,2024-10-01,86,2024
1696,-14.4386,-68.5146,2024-10-01,57,2024
1697,-14.547,-68.4888,2024-10-01,62,2024
1698,-14.5541,-68.5261,2024-10-01,59,2024
1699,-14.5524,-68.495,2024-10-01,66,2024
1700,-15.1166,-68.2904,2024-10-02,44,2024
1701,-14.9758,-68.3599,2024-10-02,61,2024
1702,-14.978,-68.3779,2024-10-02,62,2024
1703,-14.967,-68.3682,2024-10-02,54,2024
1704,-14.931,-68.4557,2024-10-02,100,2024
1705,-14.933,-68.4719,2024-10-02,54,2024
1706,-14.3753,-68.5661,2024-10-03,48,2024
1707,-14.3767,-68.5776,2024-10-03,31,2024
1708,-14.5999,-67.9852,2024-10-05,55,2024
1709,-14.5932,-67.9667,2024-10-05,44,2024
1710,-14.5918,-67.9653,2024-10-05,24,2024
1711,-14.601,-67.9675,2024-10-05,73,2024
1712,-15.0245,-68.2864,2024-10-05,53,2024
1713,-14.5963,-67.9702,2024-10-05,61,2024
1714,-15.1405,-68.336,2024-10-05,75,2024
1715,-14.6295,-68.1921,2024-10-05,75,2024
1716,-14.4598,-68.5387,2024-10-05,73,2024
1717,-14.4603,-68.6038,2024-10-05,84,2024
1718,-14.4616,-68.613,2024-10-05,46,2024
1719,-14.4054,-68.5539,2024-10-05,51,2024
1720,-14.3837,-68.5294,2024-10-05,73,2024
1721,-14.3851,-68.5385,2024-10-05,55,2024
1722,-14.457,-68.6054,2024-10-06,53,2024
1723,-14.3845,-68.2638,2024-10-07,17,2024
1724,-14.3925,-68.2756,2024-10-07,84,2024
1725,-14.3943,-68.2646,2024-10-07,100,2024
1726,-14.4501,-68.6163,2024-10-07,80,2024
1727,-14.4518,-68.6061,2024-10-07,80,2024
1728,-14.4549,-68.6109,2024-10-07,50,2024
1729,-14.4535,-68.62,2024-10-07,48,2024
1730,-14.3962,-68.2669,2024-10-07,93,2024
1731,-14.3947,-68.2767,2024-10-07,70,2024
1732,-14.3871,-68.266,2024-10-07,22,2024
1733,-14.6338,-68.4706,2024-10-10,50,2024
1734,-14.6324,-68.4614,2024-10-10,68,2024
1735,-14.8309,-68.3037,2024-10-10,51,2024
1736,-14.8355,-68.2736,2024-10-10,72,2024
1737,-14.8341,-68.264,2024-10-10,91,2024
1738,-14.8431,-68.2623,2024-10-10,85,2024
1739,-14.5555,-68.4982,2024-10-10,31,2024
1740,-14.4594,-68.5188,2024-10-11,4,2024
1741,-14.4554,-68.6236,2024-10-11,45,2024
1742,-14.4571,-68.6345,2024-10-11,70,2024
1743,-14.6181,-67.9501,2024-10-12,62,2024
1744,-14.627,-67.9514,2024-10-12,81,2024
1745,-15.0901,-67.6717,2024-10-12,0,2024
1746,-15.0924,-68.2956,2024-10-12,76,2024
1747,-14.9755,-68.3418,2024-10-12,17,2024
1748,-14.7143,-67.6115,2024-10-12,18,2024
1749,-14.5638,-68.7783,2024-10-12,43,2024
1750,-14.5653,-68.79,2024-10-12,88,2024
1751,-14.245,-68.606,2024-10-12,79,2024
1752,-15.2175,-67.6956,2024-10-13,100,2024
1753,-15.2075,-67.6937,2024-10-13,8,2024
1754,-14.7783,-68.4756,2024-10-13,100,2024
1755,-14.5948,-68.6084,2024-10-13,56,2024
1756,-14.562,-68.7863,2024-10-13,68,2024
1757,-15.1973,-67.6851,2024-10-14,83,2024
1758,-14.3127,-68.5293,2024-10-14,78,2024
1759,-14.3108,-68.5345,2024-10-14,77,2024
1760,-14.7532,-68.3898,2024-10-15,68,2024
1761,-14.7513,-68.4057,2024-10-15,61,2024
1762,-15.0196,-68.2568,2024-10-15,78,2024
1763,-15.0119,-68.2507,2024-10-15,56,2024
1764,-14.3758,-68.541,2024-10-15,76,2024
1765,-14.3774,-68.5509,2024-10-15,93,2024
1766,-14.3789,-68.5609,2024-10-15,90,2024
1767,-14.2833,-68.7288,2024-10-15,66,2024
1768,-15.1596,-68.1783,2024-10-15,73,2024
1769,-14.8657,-68.2601,2024-10-16,46,2024
1770,-14.598,-67.9766,2024-10-16,57,2024
1771,-14.1955,-68.3786,2024-10-17,100,2024
1772,-14.1968,-68.3695,2024-10-17,81,2024
1773,-14.1994,-68.3511,2024-10-17,42,2024
1774,-14.1786,-68.3607,2024-10-17,33,2024
1775,-14.1862,-68.3712,2024-10-17,65,2024
1776,-14.1875,-68.3621,2024-10-17,100,2024
1777,-14.1888,-68.3529,2024-10-17,99,2024
1778,-14.1855,-68.3729,2024-10-17,100,2024
1779,-14.1869,-68.3834,2024-10-17,100,2024
1780,-14.1781,-68.3598,2024-10-17,52,2024
1781,-14.9155,-68.2618,2024-10-17,58,2024
1782,-14.3877,-68.5448,2024-10-17,40,2024
1783,-14.3781,-68.5461,2024-10-17,52,2024
1784,-14.3796,-68.5572,2024-10-17,43,2024
1785,-14.2016,-68.3494,2024-10-17,35,2024
1786,-14.2031,-68.3604,2024-10-17,63,2024
1787,-14.2045,-68.3709,2024-10-17,50,2024
1788,-14.206,-68.3814,2024-10-17,59,2024
1789,-14.1921,-68.3504,2024-10-17,99,2024
1790,-14.1935,-68.3607,2024-10-17,100,2024
1791,-14.1949,-68.3713,2024-10-17,100,2024
1792,-14.1964,-68.3821,2024-10-17,100,2024
1793,-14.1979,-68.393,2024-10-17,80,2024
1794,-14.1827,-68.3517,2024-10-17,100,2024
1795,-14.1841,-68.3626,2024-10-17,100,2024
1796,-14.199,-68.3447,2024-10-18,100,2024
1797,-14.1901,-68.346,2024-10-18,100,2024
1798,-14.1952,-68.3825,2024-10-18,53,2024
1799,-14.1813,-68.3473,2024-10-18,100,2024
1800,-14.1826,-68.3565,2024-10-18,100,2024
1801,-14.1838,-68.3656,2024-10-18,34,2024
1802,-14.185,-68.3747,2024-10-18,100,2024
1803,-14.1863,-68.3838,2024-10-18,100,2024
1804,-14.1876,-68.3929,2024-10-18,56,2024
1805,-14.1751,-68.3491,2024-10-18,36,2024
1806,-14.1965,-68.3589,2024-10-18,68,2024
1807,-14.3005,-68.5546,2024-10-19,45,2024
1808,-14.5538,-68.6944,2024-10-19,72,2024
1809,-14.3916,-68.5606,2024-10-19,50,2024
1810,-14.3842,-68.566,2024-10-19,38,2024
1811,-14.341,-68.5491,2024-10-19,43,2024
1812,-14.2034,-68.3409,2024-10-20,30,2024
1813,-15.1048,-68.3283,2024-10-20,63,2024
1814,-14.9838,-68.2047,2024-10-20,91,2024
1815,-14.9856,-68.2161,2024-10-20,60,2024
1816,-14.6461,-68.4055,2024-10-20,56,2024
1817,-14.6494,-68.5532,2024-10-20,24,2024
1818,-14.6571,-68.7269,2024-10-20,40,2024
1819,-14.6297,-68.6777,2024-10-20,85,2024
1820,-14.6313,-68.688,2024-10-20,54,2024
1821,-14.6165,-68.6856,2024-10-20,85,2024
1822,-14.5573,-68.6845,2024-10-20,91,2024
1823,-14.559,-68.6949,2024-10-20,87,2024
1824,-14.5494,-68.6965,2024-10-20,72,2024
1825,-14.3885,-68.5338,2024-10-20,57,2024
1826,-14.332,-68.5539,2024-10-20,88,2024
1827,-14.317,-68.523,2024-10-20,51,2024
1828,-14.3046,-68.5193,2024-10-20,97,2024
1829,-14.3063,-68.5302,2024-10-20,40,2024
1830,-14.308,-68.541,2024-10-20,71,2024
1831,-14.2754,-68.5243,2024-10-20,52,2024
1832,-14.2771,-68.5348,2024-10-20,81,2024
1833,-14.1843,-68.3935,2024-10-21,93,2024
1834,-14.1935,-68.3499,2024-10-21,56,2024
1835,-14.5926,-68.7701,2024-10-22,44,2024
1836,-14.5874,-68.7537,2024-10-22,58,2024
1837,-14.6217,-68.5517,2024-10-24,17,2024
1838,-14.624,-68.5721,2024-10-24,58,2024
1839,-14.622,-68.5571,2024-10-24,65,2024
1840,-14.6244,-68.5767,2024-10-24,36,2024
1841,-14.6121,-68.6888,2024-10-24,38,2024
1842,-14.5509,-68.6108,2024-10-24,36,2024
1843,-14.5532,-68.6312,2024-10-24,65,2024
1844,-14.5507,-68.6186,2024-10-24,68,2024
1845,-14.3899,-68.466,2024-10-24,50,2024
1846,-14.3923,-68.4856,2024-10-24,80,2024
1847,-14.2699,-68.5511,2024-10-24,72,2024
1848,-14.2696,-68.5556,2024-10-24,65,2024
1849,-14.6129,-68.7795,2024-10-25,64,2024
1850,-14.4652,-68.548,2024-10-25,83,2024
1851,-14.4549,-68.5494,2024-10-25,87,2024
1852,-14.4572,-68.5636,2024-10-25,44,2024
1853,-14.4053,-68.5498,2024-10-25,57,2024
1854,-14.3932,-68.5396,2024-10-25,87,2024
1855,-14.3811,-68.5293,2024-10-25,33,2024
1856,-14.383,-68.5413,2024-10-25,100,2024
1857,-14.387,-68.5662,2024-10-25,58,2024
1858,-14.2128,-68.3346,2024-10-29,67,2024
1859,-15.1932,-67.6822,2024-11-01,93,2024
1860,-15.1946,-67.6914,2024-11-01,51,2024
1861,-15.1021,-67.6938,2024-11-01,0,2024
1862,-15.1035,-67.703,2024-11-01,79,2024
1863,-15.0946,-67.7043,2024-11-01,33,2024
1864,-14.606,-68.4658,2024-11-01,84,2024
1865,-14.6072,-68.4748,2024-11-01,73,2024
1866,-14.3973,-68.5476,2024-11-01,85,2024
1867,-14.2185,-68.3372,2024-11-01,74,2024
1868,-14.3918,-68.5761,2024-11-10,58,2024
1869,-14.3868,-68.5732,2024-11-10,70,2024
1870,-14.6797,-67.5892,2024-11-11,59,2024
1871,-14.5219,-68.685,2024-11-11,75,2024
1872,-14.5232,-68.6942,2024-11-11,79,2024
1873,-15.1186,-68.3369,2024-11-16,60,2024
1874,-14.1982,-68.3563,2024-11-30,65,2024
1875,-14.1858,-68.3768,2024-11-30,26,2024
1876,-14.6415,-68.4348,2024-12-01,74,2024
1877,-14.1956,-68.3616,2024-12-10,42,2024
1878,-15.2177,-67.6907,2024-12-28,76,2024
1879,-15.2191,-67.7,2024-12-28,99,2024
1880,-14.1955,-68.3633,2025-05-07,61,
1881,-14.1954,-68.3622,2025-05-12,56,
1882,-14.8937,-68.4616,2025-05-15,59,
1883,-14.1918,-68.3626,2025-05-17,66,
1884,-14.5302,-68.4276,2025-06-27,78,
1885,-14.5316,-68.4372,2025-06-27,65,
1886,-14.5914,-68.3643,2025-07-15,78,
1887,-14.5673,-68.3928,2025-07-15,70,
1888,-14.1935,-68.3651,2025-09-01,70,
1889,-14.749,-67.8089,2025-09-07,27,
1890,-14.8876,-68.4896,2025-09-14,37,
1891,-14.9156,-68.3965,2025-09-16,80,
1892,-14.5618,-68.5463,2025-09-22,62,
1893,-14.2672,-68.5343,2025-09-24,94,
1894,-14.2583,-68.5357,2025-09-24,90,
1895,-14.2506,-68.5463,2025-09-24,77,
1896,-14.2519,-68.5556,2025-09-24,93,
1897,-14.2574,-68.5343,2025-09-25,38,
1898,-15.06,-67.733,2025-09-29,80,
1899,-15.0614,-67.7425,2025-09-29,88,
1900,-14.194,-68.3645,2025-10-11,67,
1901,-14.5367,-68.6782,2025-10-11,60,
1902,-14.5405,-68.7133,2025-10-11,57,
1903,-14.5452,-68.6857,2025-10-11,54,
1904,-14.5342,-68.6956,2025-10-12,40,
1905,-14.2615,-68.5452,2025-10-12,82,
1906,-14.2431,-68.6035,2025-10-12,72,
1907,-14.4967,-68.482,2025-10-15,97,
1908,-14.486,-68.4841,2025-10-15,84,
1909,-14.5859,-68.5835,2025-10-17,99,
1910,-14.5872,-68.5928,2025-10-17,100,
1911,-15.0872,-68.3299,2025-10-22,68,
1912,-15.0885,-68.3398,2025-10-22,64,
1913,-14.7621,-68.2403,2025-10-22,60,
1914,-14.7297,-68.274,2025-10-22,58,
1915,-14.731,-68.2839,2025-10-22,47,
1916,-14.4314,-68.5383,2025-10-24,72,
1917,-14.4338,-68.5585,2025-10-24,67,
1918,-14.4943,-68.4856,2025-11-04,78,
1919,-14.4957,-68.4946,2025-11-04,38,
1920,-14.3857,-68.5543,2025-11-04,84,
1921,-14.3871,-68.5633,2025-11-04,70,
1922,-14.5137,-68.4902,2025-11-06,31,
1923,-15.0012,-68.2901,2025-11-21,55,
1924,-14.7284,-68.2633,2025-12-12,26,
1925,-14.7179,-68.2652,2025-12-12,54,
1926,-14.7131,-68.4701,2025-12-16,60,
1927,-15.0544,-67.7326,2025-12-20,70,
1928,-14.87817,-68.38638,2019-01-09,n,
1929,-14.49504,-68.49907,2019-01-17,n,
1930,-14.81645,-68.45819,2019-01-27,n,
1931,-14.81586,-68.45512,2019-01-27,n,
1932,-14.78838,-68.22913,2019-01-27,n,
1933,-14.50448,-68.55808,2019-02-23,n,
1934,-15.02421,-68.16367,2019-04-02,n,
1935,-14.74478,-68.46473,2019-04-07,n,
1936,-14.95031,-68.35022,2019-04-07,n,
1937,-14.95103,-68.35424,2019-04-07,n,
1938,-14.49503,-68.58427,2019-04-07,n,
1939,-14.9999,-68.24679,2019-04-08,n,
1940,-14.99715,-68.25104,2019-04-08,n,
1941,-14.99324,-68.24792,2019-04-08,n,
1942,-14.99382,-68.25163,2019-04-08,n,
1943,-14.99048,-68.25217,2019-04-08,n,
1944,-14.83672,-68.30825,2019-04-08,n,
1945,-14.96177,-68.28345,2019-04-09,n,
1946,-14.68683,-68.26643,2019-04-09,n,
1947,-14.68312,-68.26697,2019-04-09,n,
1948,-14.68466,-68.26517,2019-04-09,n,
1949,-14.83581,-68.27617,2019-04-10,n,
1950,-14.63855,-68.32584,2019-04-10,n,
1951,-14.63891,-68.32891,2019-04-10,n,
1952,-14.65252,-68.34622,2019-04-29,l,
1953,-14.84506,-68.37371,2019-05-18,n,
1954,-14.7297,-68.31213,2019-05-30,n,
1955,-14.66778,-68.29801,2019-05-31,n,
1956,-14.83427,-68.40028,2019-06-02,n,
1957,-14.57779,-68.69954,2019-06-02,n,
1958,-14.53165,-68.41729,2019-06-04,n,
1959,-15.10316,-68.34897,2019-06-07,n,
1960,-14.54417,-68.4976,2019-06-07,n,
1961,-14.9001,-68.37335,2019-06-08,n,
1962,-14.89699,-68.37154,2019-06-08,n,
1963,-14.99584,-68.18257,2019-06-11,n,
1964,-14.99194,-68.17951,2019-06-11,l,
1965,-15.06889,-68.26701,2019-06-12,n,
1966,-14.56233,-68.37231,2019-06-12,n,
1967,-14.56298,-68.3771,2019-06-12,n,
1968,-14.69293,-68.56271,2019-06-13,n,
1969,-14.69086,-68.56344,2019-06-13,n,
1970,-14.90054,-68.37792,2019-06-18,n,
1971,-14.91148,-68.38636,2019-06-21,l,
1972,-14.94113,-68.36736,2019-06-22,n,
1973,-14.91045,-68.38758,2019-06-22,n,
1974,-14.71093,-68.31707,2019-06-23,n,
1975,-14.8362,-68.51948,2019-06-24,n,
1976,-14.90962,-68.35053,2019-06-29,n,
1977,-14.81689,-68.38077,2019-06-30,n,
1978,-14.93822,-68.34479,2019-06-30,n,
1979,-14.93641,-68.34408,2019-06-30,n,
1980,-14.8605,-68.44129,2019-07-01,n,
1981,-14.96897,-68.28751,2019-07-02,n,
1982,-14.90393,-68.33551,2019-07-02,n,
1983,-14.91768,-68.37369,2019-07-09,n,
1984,-14.52247,-68.43954,2019-07-10,n,
1985,-14.52205,-68.43586,2019-07-10,n,
1986,-14.51892,-68.43857,2019-07-10,n,
1987,-14.52466,-68.43848,2019-07-10,h,
1988,-14.7098,-68.54093,2019-07-12,n,
1989,-15.04573,-68.13162,2019-07-18,n,
1990,-14.94673,-68.383,2019-07-20,n,
1991,-14.94742,-68.38469,2019-07-20,n,
1992,-14.58226,-68.40842,2019-07-20,n,
1993,-14.98855,-68.28136,2019-07-23,n,
1994,-14.98772,-68.27965,2019-07-23,n,
1995,-14.88806,-68.40218,2019-07-23,n,
1996,-15.03574,-68.4445,2019-07-29,n,
1997,-14.82568,-68.38031,2019-07-29,n,
1998,-14.59189,-68.47112,2019-07-29,n,
1999,-14.60636,-68.65253,2019-07-29,l,
2000,-14.54382,-68.5976,2019-07-29,n,
2001,-14.56885,-68.89323,2019-07-29,n,
2002,-14.5043,-69.08936,2019-07-30,n,
2003,-14.50026,-69.09109,2019-07-30,n,
2004,-14.50109,-69.08691,2019-07-30,n,
2005,-14.50626,-69.08661,2019-07-30,n,
2006,-14.51434,-69.0975,2019-07-30,n,
2007,-14.51531,-69.09257,2019-07-30,n,
2008,-14.88058,-68.40524,2019-07-30,n,
2009,-14.59317,-68.47188,2019-07-30,n,
2010,-14.50194,-69.08635,2019-07-30,n,
2011,-14.62766,-68.35896,2019-07-31,n,
2012,-14.93723,-68.4269,2019-07-31,n,
2013,-14.93893,-68.42564,2019-07-31,n,
2014,-15.02697,-68.4631,2019-07-31,n,
2015,-15.02662,-68.46008,2019-07-31,n,
2016,-14.65013,-68.48524,2019-08-01,n,
2017,-14.65697,-68.48351,2019-08-01,n,
2018,-14.96521,-68.28012,2019-08-01,n,
2019,-14.95883,-68.28046,2019-08-01,n,
2020,-14.71446,-68.33009,2019-08-01,n,
2021,-14.73854,-68.50282,2019-08-01,n,
2022,-14.73246,-68.50423,2019-08-01,n,
2023,-14.71643,-68.33199,2019-08-01,n,
2024,-14.73942,-68.50528,2019-08-01,n,
2025,-14.73231,-68.50175,2019-08-01,n,
2026,-14.65201,-68.48477,2019-08-01,n,
2027,-14.64487,-68.60114,2019-08-01,h,
2028,-14.64587,-68.60581,2019-08-01,n,
2029,-14.65385,-68.48922,2019-08-01,n,
2030,-14.65515,-68.55781,2019-08-01,n,
2031,-14.6458,-68.60512,2019-08-01,h,
2032,-14.64484,-68.60044,2019-08-01,n,
2033,-14.63941,-68.60494,2019-08-01,h,
2034,-14.64041,-68.60976,2019-08-01,n,
2035,-14.96236,-68.30301,2019-08-02,n,
2036,-14.95782,-68.30399,2019-08-02,n,
2037,-15.02454,-68.30131,2019-08-05,n,
2038,-14.80234,-68.39354,2019-08-06,n,
2039,-14.77621,-68.26292,2019-08-06,n,
2040,-14.7293,-68.29934,2019-08-06,n,
2041,-14.72512,-68.30072,2019-08-06,n,
2042,-14.63099,-68.30848,2019-08-06,n,
2043,-14.62474,-68.30926,2019-08-06,l,
2044,-14.62526,-68.31441,2019-08-06,n,
2045,-14.6309,-68.37088,2019-08-06,n,
2046,-14.63131,-68.37498,2019-08-06,n,
2047,-14.63295,-68.30537,2019-08-06,l,
2048,-14.62724,-68.31111,2019-08-06,n,
2049,-14.62778,-68.31614,2019-08-06,l,
2050,-14.63373,-68.37182,2019-08-06,n,
2051,-14.62755,-68.37346,2019-08-06,n,
2052,-14.88956,-68.18301,2019-08-06,n,
2053,-14.89095,-68.1892,2019-08-06,n,
2054,-14.88873,-68.18401,2019-08-06,n,
2055,-14.8901,-68.1903,2019-08-06,n,
2056,-14.79941,-68.38976,2019-08-06,n,
2057,-14.8008,-68.39594,2019-08-06,n,
2058,-14.80498,-68.39172,2019-08-06,n,
2059,-14.6293,-68.30763,2019-08-06,l,
2060,-14.63062,-68.31363,2019-08-06,n,
2061,-14.58082,-68.31326,2019-08-06,n,
2062,-14.44264,-68.69463,2019-08-06,n,
2063,-14.44691,-68.69672,2019-08-06,n,
2064,-14.62335,-68.4286,2019-08-07,n,
2065,-14.71846,-68.46311,2019-08-07,n,
2066,-14.7225,-68.46336,2019-08-07,n,
2067,-14.92899,-68.3195,2019-08-07,n,
2068,-14.92959,-68.32251,2019-08-07,n,
2069,-14.92526,-68.40681,2019-08-07,h,
2070,-14.92656,-68.40811,2019-08-07,h,
2071,-14.84099,-68.55545,2019-08-07,n,
2072,-14.75832,-68.28741,2019-08-07,h,
2073,-14.75776,-68.28448,2019-08-07,n,
2074,-14.63433,-68.28983,2019-08-07,n,
2075,-14.63489,-68.29269,2019-08-07,n,
2076,-14.62082,-68.30194,2019-08-07,l,
2077,-14.62141,-68.30496,2019-08-07,l,
2078,-14.62259,-68.31102,2019-08-07,n,
2079,-14.58296,-68.47636,2019-08-07,h,
2080,-14.58373,-68.48039,2019-08-07,n,
2081,-14.55791,-68.40058,2019-08-07,n,
2082,-14.55851,-68.4037,2019-08-07,n,
2083,-14.54839,-68.56747,2019-08-07,n,
2084,-14.54906,-68.57088,2019-08-07,n,
2085,-14.9144,-68.31615,2019-08-08,n,
2086,-14.94863,-68.33622,2019-08-08,n,
2087,-14.95194,-68.33674,2019-08-08,n,
2088,-14.9558,-68.33372,2019-08-08,n,
2089,-15.03942,-68.2725,2019-08-08,n,
2090,-14.95286,-68.33528,2019-08-08,l,
2091,-14.94252,-68.3424,2019-08-08,n,
2092,-14.91221,-68.30054,2019-08-08,n,
2093,-14.9147,-68.31499,2019-08-08,n,
2094,-14.87186,-68.45296,2019-08-08,n,
2095,-14.81423,-68.3405,2019-08-08,n,
2096,-14.83259,-68.55864,2019-08-08,n,
2097,-14.82889,-68.5593,2019-08-08,n,
2098,-14.79038,-68.35873,2019-08-08,n,
2099,-14.83034,-68.55811,2019-08-08,n,
2100,-14.78931,-68.35783,2019-08-08,l,
2101,-14.79009,-68.36246,2019-08-08,l,
2102,-14.79858,-68.55049,2019-08-08,n,
2103,-14.71575,-68.31093,2019-08-08,n,
2104,-14.73597,-68.519,2019-08-08,n,
2105,-14.6647,-68.5366,2019-08-08,l,
2106,-15.1247,-68.3139,2019-08-09,n,
2107,-15.03922,-68.44579,2019-08-09,n,
2108,-15.01746,-68.46028,2019-08-09,n,
2109,-15.01412,-68.46076,2019-08-09,n,
2110,-14.96061,-68.32492,2019-08-09,n,
2111,-14.95835,-68.33267,2019-08-09,n,
2112,-14.93223,-68.43263,2019-08-09,n,
2113,-14.90474,-68.54084,2019-08-09,n,
2114,-14.88259,-68.52963,2019-08-09,n,
2115,-14.80989,-68.42989,2019-08-09,n,
2116,-14.79041,-68.54763,2019-08-09,n,
2117,-14.68575,-68.32384,2019-08-09,n,
2118,-14.60095,-68.52947,2019-08-09,n,
2119,-13.99328,-68.95281,2019-08-09,n,
2120,-15.09282,-68.33759,2019-08-10,n,
2121,-15.08867,-68.33818,2019-08-10,n,
2122,-15.09089,-68.33801,2019-08-10,h,
2123,-15.04924,-68.27743,2019-08-10,n,
2124,-14.66399,-68.725,2019-08-10,n,
2125,-14.51874,-68.62957,2019-08-10,n,
2126,-14.58572,-68.67705,2019-08-11,n,
2127,-14.73642,-68.43795,2019-08-11,n,
2128,-14.59194,-68.67142,2019-08-12,n,
2129,-15.01981,-68.29843,2019-08-12,n,
2130,-15.09168,-68.33715,2019-08-12,n,
2131,-14.86838,-68.27265,2019-08-15,n,
2132,-14.86721,-68.27112,2019-08-15,n,
2133,-14.93975,-68.32688,2019-08-16,n,
2134,-14.5308,-68.34277,2019-08-16,n,
2135,-14.57341,-68.48548,2019-08-16,n,
2136,-14.69888,-68.46643,2019-08-16,n,
2137,-14.69853,-68.46346,2019-08-16,n,
2138,-14.70412,-68.46638,2019-08-16,n,
2139,-14.85881,-68.23302,2019-08-16,n,
2140,-14.88544,-68.37255,2019-08-16,l,
2141,-14.88993,-68.19053,2019-08-16,n,
2142,-14.8868,-68.16428,2019-08-16,n,
2143,-14.88655,-68.16213,2019-08-16,n,
2144,-14.62631,-68.55138,2019-08-17,n,
2145,-14.6313,-68.55132,2019-08-17,n,
2146,-14.69146,-68.46931,2019-08-17,n,
2147,-14.69562,-68.47605,2019-08-17,n,
2148,-14.69634,-68.47036,2019-08-17,n,
2149,-14.70071,-68.47546,2019-08-17,n,
2150,-14.69315,-68.47021,2019-08-17,n,
2151,-14.69809,-68.47075,2019-08-17,n,
2152,-14.70252,-68.47558,2019-08-17,n,
2153,-14.70756,-68.4753,2019-08-17,n,
2154,-14.70817,-68.47022,2019-08-17,n,
2155,-14.63823,-68.33087,2019-08-17,n,
2156,-14.54273,-68.35159,2019-08-17,n,
2157,-14.54222,-68.35073,2019-08-17,n,
2158,-14.53529,-68.35108,2019-08-17,n,
2159,-15.13987,-68.32359,2019-08-17,h,
2160,-14.98387,-68.29536,2019-08-17,n,
2161,-14.97681,-68.29441,2019-08-17,n,
2162,-14.9831,-68.29057,2019-08-17,n,
2163,-14.97682,-68.29752,2019-08-17,n,
2164,-14.88612,-68.44658,2019-08-17,h,
2165,-14.88712,-68.44694,2019-08-17,h,
2166,-14.69088,-68.46709,2019-08-17,n,
2167,-14.54486,-68.34605,2019-08-17,n,
2168,-14.53879,-68.34786,2019-08-17,h,
2169,-14.53775,-68.3429,2019-08-17,n,
2170,-14.53261,-68.3492,2019-08-17,n,
2171,-14.56747,-68.88457,2019-08-17,l,
2172,-15.20392,-68.16077,2019-08-17,n,
2173,-15.08718,-68.32608,2019-08-17,n,
2174,-15.08817,-68.3308,2019-08-17,n,
2175,-14.97178,-68.29073,2019-08-17,n,
2176,-14.95815,-68.3175,2019-08-17,n,
2177,-14.95905,-68.32179,2019-08-17,n,
2178,-14.9312,-68.30634,2019-08-17,n,
2179,-14.93455,-68.44665,2019-08-17,n,
2180,-14.52938,-68.35178,2019-08-18,n,
2181,-14.965,-68.3202,2019-08-18,n,
2182,-14.96457,-68.31898,2019-08-18,n,
2183,-15.02785,-68.31232,2019-08-19,n,
2184,-14.85258,-68.48309,2019-08-19,n,
2185,-14.74201,-68.51476,2019-08-19,n,
2186,-14.74264,-68.51863,2019-08-19,n,
2187,-14.47585,-68.51936,2019-08-20,n,
2188,-14.80805,-68.35606,2019-08-21,n,
2189,-14.65353,-68.44627,2019-08-22,n,
2190,-14.65266,-68.53375,2019-08-22,n,
2191,-14.6595,-68.53304,2019-08-22,h,
2192,-14.65473,-68.44657,2019-08-22,n,
2193,-14.80528,-68.41689,2019-08-22,n,
2194,-14.80692,-68.41393,2019-08-22,n,
2195,-14.99832,-68.17664,2019-08-22,n,
2196,-14.7599,-68.23125,2019-08-23,n,
2197,-15.08153,-68.22686,2019-08-23,n,
2198,-15.07979,-68.22736,2019-08-23,n,
2199,-15.07728,-68.22971,2019-08-24,n,
2200,-15.0802,-68.25848,2019-08-24,n,
2201,-14.92348,-68.34405,2019-08-24,n,
2202,-14.92422,-68.34844,2019-08-24,n,
2203,-14.92051,-68.3492,2019-08-24,n,
2204,-14.87,-68.55823,2019-08-24,n,
2205,-14.78146,-68.32902,2019-08-24,l,
2206,-14.63516,-68.65816,2019-08-24,n,
2207,-14.69944,-68.34064,2019-08-25,l,
2208,-14.69891,-68.33704,2019-08-25,n,
2209,-14.826,-68.43925,2019-08-25,n,
2210,-14.91608,-68.36208,2019-08-25,l,
2211,-14.97238,-68.26882,2019-08-26,n,
2212,-14.97285,-68.27255,2019-08-26,n,
2213,-14.85614,-68.50043,2019-08-26,n,
2214,-14.77952,-68.50922,2019-08-26,n,
2215,-15.04531,-68.32603,2019-08-28,n,
2216,-14.93349,-68.45129,2019-08-28,n,
2217,-14.93428,-68.45515,2019-08-28,n,
2218,-14.82484,-68.33585,2019-08-28,h,
2219,-14.82402,-68.33181,2019-08-28,n,
2220,-14.4821,-68.5568,2019-08-28,h,
2221,-14.48102,-68.55709,2019-08-28,n,
2222,-14.46895,-68.51611,2019-08-29,n,
2223,-14.48512,-68.55935,2019-08-29,n,
2224,-14.63939,-68.50838,2019-08-29,n,
2225,-14.94725,-68.37984,2019-08-29,n,
2226,-14.73947,-67.43832,2019-08-29,n,
2227,-14.74028,-67.44278,2019-08-29,n,
2228,-14.43874,-68.49428,2019-08-30,n,
2229,-14.48969,-68.55959,2019-08-30,n,
2230,-14.50348,-68.51655,2019-08-30,n,
2231,-14.56896,-68.47945,2019-08-30,n,
2232,-14.57894,-68.47791,2019-08-30,l,
2233,-14.63494,-68.38071,2019-08-30,n,
2234,-14.67647,-68.45093,2019-08-30,n,
2235,-14.74813,-68.51962,2019-08-30,n,
2236,-14.79015,-68.54945,2019-08-30,n,
2237,-14.82716,-68.56902,2019-08-30,n,
2238,-14.81231,-68.45053,2019-08-30,n,
2239,-14.91197,-68.43737,2019-08-30,n,
2240,-14.93851,-68.45499,2019-08-30,n,
2241,-14.79514,-68.51096,2019-08-31,n,
2242,-14.86198,-68.55273,2019-08-31,n,
2243,-14.90126,-68.52737,2019-08-31,n,
2244,-14.90349,-68.4296,2019-08-31,n,
2245,-14.90728,-68.42913,2019-08-31,n,
2246,-14.9275,-68.40781,2019-08-31,n,
2247,-14.92781,-68.40934,2019-08-31,n,
2248,-14.34374,-68.22779,2019-08-31,n,
2249,-14.54789,-68.56429,2019-08-31,n,
2250,-14.55602,-68.56722,2019-08-31,n,
2251,-14.69793,-68.33006,2019-08-31,n,
2252,-15.02217,-68.31053,2019-08-31,l,
2253,-15.02216,-68.30776,2019-08-31,n,
2254,-15.05047,-68.31868,2019-08-31,l,
2255,-15.131,-68.34547,2019-08-31,n,
2256,-15.13479,-68.34502,2019-08-31,n,
2257,-15.13149,-68.3479,2019-08-31,n,
2258,-15.13528,-68.34747,2019-08-31,n,
2259,-14.70627,-68.32706,2019-09-01,n,
2260,-14.70225,-68.32884,2019-09-01,n,
2261,-14.80838,-68.33358,2019-09-01,n,
2262,-14.80558,-68.33269,2019-09-01,n,
2263,-14.7011,-68.30675,2019-09-01,n,
2264,-14.6898,-68.29895,2019-09-01,n,
2265,-14.69011,-68.30161,2019-09-01,n,
2266,-14.68784,-68.29476,2019-09-02,n,
2267,-14.69274,-68.29606,2019-09-02,n,
2268,-14.68823,-68.29666,2019-09-02,n,
2269,-14.68896,-68.29047,2019-09-02,n,
2270,-14.69274,-68.28842,2019-09-02,n,
2271,-14.57216,-68.48566,2019-09-02,h,
2272,-14.74118,-68.3032,2019-09-02,n,
2273,-14.70166,-68.2927,2019-09-02,n,
2274,-14.68799,-68.28905,2019-09-02,n,
2275,-14.68918,-68.29466,2019-09-02,n,
2276,-14.45728,-68.52545,2019-09-05,n,
2277,-14.50098,-68.51194,2019-09-07,n,
2278,-14.50387,-68.51038,2019-09-07,n,
2279,-14.55165,-68.60794,2019-09-08,n,
2280,-14.56968,-68.47469,2019-09-08,n,
2281,-14.55566,-68.60812,2019-09-08,n,
2282,-14.78894,-68.26221,2019-09-08,n,
2283,-15.02762,-68.16475,2019-09-09,n,
2284,-15.0273,-68.16177,2019-09-09,n,
2285,-14.69167,-67.59609,2019-09-10,n,
2286,-15.0353,-68.28316,2019-09-10,n,
2287,-15.10538,-68.23435,2019-09-14,n,
2288,-15.04501,-68.26648,2019-09-14,n,
2289,-14.81854,-68.35921,2019-09-14,l,
2290,-14.57459,-68.48981,2019-09-14,n,
2291,-14.56168,-68.60857,2019-09-14,n,
2292,-14.55706,-68.60613,2019-09-14,n,
2293,-14.55763,-68.60941,2019-09-14,l,
2294,-14.48964,-68.51112,2019-09-14,n,
2295,-14.47456,-68.52125,2019-09-14,n,
2296,-14.47578,-68.52156,2019-09-14,n,
2297,-14.45595,-68.52889,2019-09-14,l,
2298,-14.4566,-68.53264,2019-09-14,l,
2299,-14.55589,-68.61635,2019-09-15,n,
2300,-14.72345,-67.60612,2019-09-15,n,
2301,-14.82714,-68.27055,2019-09-15,n,
2302,-14.77746,-68.45572,2019-09-15,n,
2303,-14.77801,-68.45929,2019-09-15,l,
2304,-14.77413,-68.45623,2019-09-15,n,
2305,-14.67953,-68.54591,2019-09-15,n,
2306,-14.62591,-68.68261,2019-09-15,n,
2307,-14.62646,-68.68616,2019-09-15,n,
2308,-14.627,-68.68968,2019-09-15,n,
2309,-14.62259,-68.6831,2019-09-15,h,
2310,-14.62313,-68.68663,2019-09-15,n,
2311,-14.61594,-68.68408,2019-09-15,l,
2312,-14.59439,-68.67658,2019-09-15,l,
2313,-14.5623,-68.49117,2019-09-15,n,
2314,-14.56333,-68.60548,2019-09-15,n,
2315,-14.55725,-68.61014,2019-09-15,n,
2316,-14.4565,-68.53076,2019-09-15,n,
2317,-13.95661,-68.9657,2019-09-16,n,
2318,-14.45284,-68.52456,2019-09-16,n,
2319,-14.55136,-68.88107,2019-09-16,n,
2320,-14.55513,-68.87989,2019-09-16,n,
2321,-14.58361,-68.87527,2019-09-16,n,
2322,-14.5591,-68.60021,2019-09-16,l,
2323,-14.56361,-68.60507,2019-09-16,l,
2324,-14.56294,-68.59999,2019-09-16,l,
2325,-14.59993,-68.67388,2019-09-16,n,
2326,-14.61723,-68.68681,2019-09-16,n,
2327,-14.70169,-68.51256,2019-09-16,n,
2328,-14.7055,-68.51225,2019-09-16,n,
2329,-14.7086,-68.45013,2019-09-16,l,
2330,-14.71493,-68.4402,2019-09-16,n,
2331,-14.73313,-68.43293,2019-09-16,n,
2332,-14.74554,-68.43753,2019-09-16,l,
2333,-14.74494,-68.43301,2019-09-16,n,
2334,-14.77837,-68.51077,2019-09-16,n,
2335,-14.83462,-68.26659,2019-09-16,n,
2336,-14.95405,-68.38345,2019-09-16,n,
2337,-14.97035,-68.27599,2019-09-16,n,
2338,-15.01055,-68.26271,2019-09-16,n,
2339,-15.0952,-68.2592,2019-09-16,n,
2340,-15.13591,-68.18677,2019-09-17,n,
2341,-15.1328,-68.19009,2019-09-17,h,
2342,-15.13325,-68.19386,2019-09-17,n,
2343,-15.02836,-68.31814,2019-09-17,h,
2344,-15.03127,-68.31934,2019-09-17,h,
2345,-14.97982,-68.3242,2019-09-17,n,
2346,-14.95393,-68.3251,2019-09-17,n,
2347,-14.72533,-67.61331,2019-09-17,n,
2348,-14.72765,-67.61485,2019-09-17,n,
2349,-14.82987,-68.50805,2019-09-17,h,
2350,-14.59976,-68.67914,2019-09-17,h,
2351,-14.55169,-68.49026,2019-09-17,n,
2352,-14.54652,-68.49071,2019-09-17,h,
2353,-14.52676,-68.59409,2019-09-17,n,
2354,-14.52532,-68.59448,2019-09-17,n,
2355,-14.54812,-68.49943,2019-09-18,n,
2356,-15.02488,-68.15434,2019-09-18,n,
2357,-15.02413,-68.15571,2019-09-18,n,
2358,-14.82914,-68.51498,2019-09-18,n,
2359,-14.55404,-68.48848,2019-09-18,h,
2360,-14.54695,-68.48758,2019-09-18,h,
2361,-14.54215,-68.51104,2019-09-18,n,
2362,-14.55923,-68.46719,2019-09-18,n,
2363,-14.55429,-68.48753,2019-09-18,n,
2364,-14.54714,-68.48611,2019-09-18,h,
2365,-14.548,-68.49468,2019-09-18,n,
2366,-14.54299,-68.51452,2019-09-18,n,
2367,-14.40652,-68.54637,2019-09-18,n,
2368,-14.37448,-68.50596,2019-09-18,n,
2369,-14.3752,-68.5134,2019-09-18,n,
2370,-14.61221,-68.68958,2019-09-18,n,
2371,-14.55847,-68.46027,2019-09-18,n,
2372,-14.60424,-68.68158,2019-09-18,n,
2373,-14.59803,-68.68211,2019-09-18,n,
2374,-14.55121,-68.48699,2019-09-18,n,
2375,-14.55217,-68.49162,2019-09-18,n,
2376,-14.54598,-68.49268,2019-09-18,n,
2377,-14.54841,-68.59602,2019-09-18,n,
2378,-14.54243,-68.59788,2019-09-18,h,
2379,-14.40469,-68.54406,2019-09-18,n,
2380,-14.25422,-68.52973,2019-09-18,h,
2381,-14.25489,-68.52785,2019-09-18,n,
2382,-14.25566,-68.53159,2019-09-18,n,
2383,-14.24948,-68.53273,2019-09-18,n,
2384,-15.03331,-68.24103,2019-09-18,h,
2385,-15.0325,-68.23717,2019-09-18,n,
2386,-15.00801,-68.18243,2019-09-18,n,
2387,-14.8316,-68.27849,2019-09-18,n,
2388,-14.83072,-68.27429,2019-09-18,l,
2389,-14.81831,-68.27673,2019-09-18,n,
2390,-14.82234,-68.47813,2019-09-18,n,
2391,-14.82431,-68.51749,2019-09-18,n,
2392,-14.82435,-68.51657,2019-09-18,n,
2393,-14.78213,-68.49712,2019-09-18,n,
2394,-14.6852,-68.55122,2019-09-18,h,
2395,-14.66428,-68.51186,2019-09-18,n,
2396,-14.62552,-68.69021,2019-09-18,n,
2397,-14.62623,-68.69357,2019-09-18,n,
2398,-14.6129,-68.69036,2019-09-18,n,
2399,-14.62556,-68.69305,2019-09-18,n,
2400,-14.54968,-68.49273,2019-09-19,n,
2401,-14.53342,-68.43011,2019-09-19,n,
2402,-14.47387,-68.51848,2019-09-19,n,
2403,-13.99222,-68.93222,2019-09-19,n,
2404,-14.68073,-68.26028,2019-09-20,n,
2405,-14.67739,-68.25969,2019-09-20,n,
2406,-14.53546,-68.44158,2019-09-20,n,
2407,-14.53604,-68.438,2019-09-20,n,
2408,-14.56444,-68.47968,2019-09-20,l,
2409,-14.56384,-68.47595,2019-09-20,n,
2410,-14.56264,-68.4685,2019-09-20,n,
2411,-14.56853,-68.483,2019-09-20,n,
2412,-14.56609,-68.46783,2019-09-20,n,
2413,-14.60439,-68.68436,2019-09-20,n,
2414,-14.60535,-68.53567,2019-09-20,n,
2415,-14.60372,-68.53233,2019-09-20,n,
2416,-14.87069,-68.5537,2019-09-20,n,
2417,-14.39632,-68.55135,2019-09-20,n,
2418,-14.07136,-68.88081,2019-09-20,n,
2419,-14.48951,-68.51211,2019-09-20,n,
2420,-14.48891,-68.50837,2019-09-20,n,
2421,-14.49296,-68.51148,2019-09-20,n,
2422,-14.49141,-68.51181,2019-09-20,n,
2423,-14.50313,-68.51817,2019-09-20,l,
2424,-14.57767,-68.86818,2019-09-20,n,
2425,-14.58112,-68.86781,2019-09-20,n,
2426,-14.52672,-68.51024,2019-09-20,n,
2427,-14.53781,-68.44695,2019-09-20,n,
2428,-14.53717,-68.44305,2019-09-20,n,
2429,-14.5365,-68.43893,2019-09-20,l,
2430,-14.5484,-68.49048,2019-09-20,n,
2431,-14.54126,-68.44633,2019-09-20,l,
2432,-14.55878,-68.48866,2019-09-20,n,
2433,-14.32052,-68.57255,2019-09-21,n,
2434,-14.68944,-68.49541,2019-09-23,n,
2435,-14.68569,-68.49381,2019-09-23,n,
2436,-14.81446,-68.28533,2019-09-23,n,
2437,-14.98477,-68.19804,2019-09-23,n,
2438,-15.00278,-68.18904,2019-09-23,n,
2439,-14.83908,-68.42393,2019-09-23,n,
2440,-14.83763,-68.41724,2019-09-23,h,
2441,-14.83398,-68.42271,2019-09-23,n,
2442,-14.83245,-68.41587,2019-09-23,n,
2443,-14.97468,-68.31608,2019-09-23,n,
2444,-15.03934,-67.7288,2019-09-23,n,
2445,-15.03689,-67.72503,2019-09-23,n,
2446,-14.53613,-68.49075,2019-09-24,n,
2447,-14.99806,-68.19328,2019-09-24,n,
2448,-14.99868,-68.18876,2019-09-24,n,
2449,-15.02944,-68.2759,2019-09-24,h,
2450,-15.03007,-68.27914,2019-09-24,l,
2451,-15.02446,-68.27734,2019-09-24,n,
2452,-15.02501,-68.28017,2019-09-24,n,
2453,-14.74163,-67.61762,2019-09-24,n,
2454,-14.73842,-67.61825,2019-09-24,n,
2455,-14.84956,-68.54766,2019-09-24,h,
2456,-14.57083,-68.60321,2019-09-24,h,
2457,-14.57149,-68.60665,2019-09-24,n,
2458,-14.58028,-68.86638,2019-09-24,n,
2459,-14.50671,-68.51403,2019-09-24,n,
2460,-14.57512,-68.86608,2019-09-24,n,
2461,-14.50167,-68.51503,2019-09-24,n,
2462,-14.48539,-68.51205,2019-09-24,n,
2463,-14.48591,-68.51466,2019-09-24,n,
2464,-14.48716,-68.51379,2019-09-24,h,
2465,-14.4877,-68.51663,2019-09-24,n,
2466,-14.30805,-68.52811,2019-09-24,n,
2467,-14.30708,-68.52985,2019-09-25,n,
2468,-14.55647,-68.49808,2019-09-25,n,
2469,-14.58612,-68.59044,2019-09-25,n,
2470,-14.58831,-68.5981,2019-09-25,n,
2471,-15.0773,-67.7111,2019-09-25,n,
2472,-15.1267,-68.22031,2019-09-25,n,
2473,-15.14503,-68.32596,2019-09-25,n,
2474,-15.14588,-68.33087,2019-09-25,l,
2475,-15.12611,-68.21886,2019-09-25,n,
2476,-15.12688,-68.22344,2019-09-25,n,
2477,-15.11256,-68.23027,2019-09-25,n,
2478,-15.08404,-68.10742,2019-09-25,n,
2479,-15.0314,-68.16359,2019-09-25,n,
2480,-14.96826,-68.22649,2019-09-25,n,
2481,-14.94782,-68.26543,2019-09-25,n,
2482,-14.90569,-68.54301,2019-09-25,n,
2483,-14.6532,-68.38246,2019-09-25,n,
2484,-14.6744,-68.50694,2019-09-25,n,
2485,-14.67518,-68.51152,2019-09-25,n,
2486,-14.61268,-68.53673,2019-09-25,n,
2487,-14.60442,-68.53306,2019-09-25,n,
2488,-14.57368,-68.48714,2019-09-25,n,
2489,-14.58541,-68.60146,2019-09-25,n,
2490,-14.58713,-68.61162,2019-09-25,n,
2491,-14.58157,-68.60137,2019-09-25,n,
2492,-14.58336,-68.61183,2019-09-25,l,
2493,-14.57777,-68.60143,2019-09-25,n,
2494,-14.57865,-68.60661,2019-09-25,n,
2495,-14.57957,-68.61201,2019-09-25,n,
2496,-14.57484,-68.60664,2019-09-25,n,
2497,-14.57104,-68.60674,2019-09-25,n,
2498,-14.56728,-68.60707,2019-09-25,n,
2499,-14.53501,-68.50804,2019-09-25,n,
2500,-14.55108,-68.60154,2019-09-25,l,
2501,-14.48515,-68.51537,2019-09-25,n,
2502,-14.45907,-68.45205,2019-09-25,n,
2503,-14.46055,-68.52876,2019-09-25,n,
2504,-14.45606,-68.52496,2019-09-25,h,
2505,-14.45235,-68.52571,2019-09-25,n,
2506,-14.40134,-68.45775,2019-09-25,h,
2507,-14.40993,-68.57835,2019-09-25,n,
2508,-14.90504,-68.40929,2019-09-28,n,
2509,-14.88711,-68.36891,2019-09-28,n,
2510,-14.68408,-68.32613,2019-09-28,n,
2511,-14.67793,-68.32234,2019-09-28,n,
2512,-14.67838,-68.32652,2019-09-28,n,
2513,-14.58257,-68.47373,2019-09-28,h,
2514,-14.566,-68.48114,2019-09-28,n,
2515,-14.56642,-68.48517,2019-09-28,n,
2516,-14.56074,-68.48615,2019-09-28,n,
2517,-14.58606,-68.47173,2019-09-28,h,
2518,-14.58642,-68.47482,2019-09-28,n,
2519,-14.5804,-68.47285,2019-09-28,n,
2520,-14.56429,-68.48384,2019-09-28,h,
2521,-14.74384,-67.43669,2019-09-29,n,
2522,-14.59231,-68.49059,2019-09-29,n,
2523,-14.51705,-68.5102,2019-09-29,h,
2524,-14.51807,-68.5153,2019-09-29,n,
2525,-14.24587,-68.57383,2019-09-30,n,
2526,-15.11443,-68.21411,2019-09-30,n,
2527,-15.11177,-68.22327,2019-09-30,n,
2528,-15.1322,-68.33913,2019-09-30,n,
2529,-15.09405,-68.24355,2019-09-30,l,
2530,-15.02101,-68.25292,2019-09-30,n,
2531,-14.95384,-68.44676,2019-09-30,n,
2532,-14.95486,-68.4472,2019-09-30,n,
2533,-14.94155,-68.39504,2019-09-30,n,
2534,-14.84064,-68.28149,2019-09-30,n,
2535,-14.83046,-68.24884,2019-09-30,n,
2536,-14.81688,-68.29173,2019-09-30,n,
2537,-14.80197,-68.29187,2019-09-30,n,
2538,-14.75961,-68.41249,2019-09-30,n,
2539,-14.75551,-68.41325,2019-09-30,n,
2540,-14.54854,-68.49606,2019-09-30,n,
2541,-14.56922,-68.61124,2019-09-30,n,
2542,-14.54104,-68.50143,2019-09-30,n,
2543,-14.53691,-68.50201,2019-09-30,n,
2544,-14.52201,-68.50581,2019-09-30,n,
2545,-14.51791,-68.50655,2019-09-30,n,
2546,-14.51859,-68.51041,2019-09-30,n,
2547,-14.51934,-68.51472,2019-09-30,n,
2548,-14.45423,-68.52919,2019-09-30,n,
2549,-14.45489,-68.53291,2019-09-30,n,
2550,-14.61479,-68.43236,2019-10-09,n,
2551,-14.85005,-68.26283,2019-10-09,n,
2552,-14.84882,-68.2571,2019-10-09,h,
2553,-14.93868,-68.39354,2019-10-09,n,
2554,-14.84997,-68.25779,2019-10-09,h,
2555,-14.59259,-68.44553,2019-10-10,n,
2556,-14.75322,-68.41698,2019-10-10,n,
2557,-14.77882,-68.38634,2019-10-10,n,
2558,-14.84529,-68.49323,2019-10-10,n,
2559,-14.85352,-68.37401,2019-10-10,n,
2560,-14.85464,-68.27061,2019-10-10,n,
2561,-14.85411,-68.26786,2019-10-10,n,
2562,-14.92626,-68.40591,2019-10-10,h,
2563,-15.01806,-68.29314,2019-10-10,n,
2564,-15.01752,-68.29043,2019-10-10,h,
2565,-15.02772,-68.31551,2019-10-10,n,
2566,-15.03406,-68.29419,2019-10-10,n,
2567,-15.03944,-68.2678,2019-10-10,n,
2568,-15.05616,-68.27251,2019-10-10,h,
2569,-15.08338,-68.33181,2019-10-10,n,
2570,-15.08282,-68.32888,2019-10-10,n,
2571,-15.12287,-68.22073,2019-10-10,n,
2572,-15.12212,-68.21696,2019-10-10,n,
2573,-14.4772,-68.51012,2019-10-10,n,
2574,-14.54061,-68.49419,2019-10-10,l,
2575,-14.54011,-68.49161,2019-10-10,h,
2576,-14.5941,-68.44489,2019-10-10,n,
2577,-14.40655,-68.57775,2019-10-10,n,
2578,-14.85022,-68.3668,2019-10-11,n,
2579,-14.84966,-68.37038,2019-10-11,n,
2580,-14.84635,-68.36983,2019-10-11,n,
2581,-14.8458,-68.3734,2019-10-11,n,
2582,-14.53839,-68.49486,2019-10-11,n,
2583,-15.15535,-67.68276,2019-10-11,n,
2584,-14.66377,-68.72203,2019-10-11,l,
2585,-14.66675,-68.73944,2019-10-11,n,
2586,-14.66754,-68.74403,2019-10-11,n,
2587,-14.67734,-68.75094,2019-10-11,n,
2588,-14.67803,-68.75505,2019-10-11,l,
2589,-14.67215,-68.74241,2019-10-11,n,
2590,-14.67361,-68.75123,2019-10-11,n,
2591,-14.6648,-68.7209,2019-10-11,n,
2592,-14.64404,-68.71001,2019-10-11,n,
2593,-15.02941,-68.45982,2019-10-11,n,
2594,-15.03206,-68.28936,2019-10-11,n,
2595,-15.0449,-68.29659,2019-10-11,n,
2596,-15.10394,-68.34872,2019-10-11,n,
2597,-15.11727,-68.33655,2019-10-11,n,
2598,-15.12176,-68.34037,2019-10-11,n,
2599,-15.10473,-68.21667,2019-10-11,n,
2600,-14.65078,-67.56187,2019-10-11,n,
2601,-14.64145,-67.53147,2019-10-11,n,
2602,-14.58125,-68.47267,2019-10-11,n,
2603,-14.67047,-68.73901,2019-10-11,n,
2604,-14.67125,-68.74358,2019-10-11,n,
2605,-14.5775,-68.47325,2019-10-11,n,
2606,-14.56209,-68.49567,2019-10-11,n,
2607,-14.55831,-68.49607,2019-10-11,n,
2608,-14.55453,-68.49645,2019-10-11,n,
2609,-14.58185,-68.79028,2019-10-11,n,
2610,-14.39195,-68.54849,2019-10-11,n,
2611,-14.55615,-68.4965,2019-10-12,n,
2612,-14.3131,-68.52592,2019-10-12,n,
2613,-14.31257,-68.52232,2019-10-12,n,
2614,-14.37656,-68.49739,2019-10-12,n,
2615,-14.39682,-68.54221,2019-10-12,n,
2616,-14.49438,-68.51537,2019-10-12,n,
2617,-14.49718,-68.51126,2019-10-12,n,
2618,-14.51662,-68.50448,2019-10-12,n,
2619,-14.51995,-68.50396,2019-10-12,l,
2620,-14.5194,-68.50025,2019-10-12,n,
2621,-14.52273,-68.49972,2019-10-12,n,
2622,-14.54146,-68.60312,2019-10-12,n,
2623,-14.52714,-68.5065,2019-10-12,l,
2624,-14.54201,-68.60683,2019-10-12,h,
2625,-14.54534,-68.6063,2019-10-12,n,
2626,-14.54479,-68.6026,2019-10-12,n,
2627,-14.54813,-68.6021,2019-10-12,n,
2628,-14.55607,-68.49805,2019-10-12,n,
2629,-14.62713,-68.65633,2019-10-12,n,
2630,-14.65407,-68.72331,2019-10-12,n,
2631,-14.71797,-68.53781,2019-10-12,l,
2632,-14.72131,-68.53731,2019-10-12,l,
2633,-14.72078,-68.53369,2019-10-12,n,
2634,-14.81218,-68.46391,2019-10-12,n,
2635,-14.81164,-68.46031,2019-10-12,l,
2636,-14.84032,-68.4929,2019-10-12,n,
2637,-14.84496,-68.45524,2019-10-12,n,
2638,-14.84167,-68.34151,2019-10-12,n,
2639,-14.84659,-68.35174,2019-10-12,n,
2640,-14.84991,-68.3512,2019-10-12,l,
2641,-14.93122,-68.46724,2019-10-12,n,
2642,-14.93825,-68.39964,2019-10-12,n,
2643,-14.93699,-68.32245,2019-10-12,l,
2644,-14.98999,-68.29209,2019-10-12,n,
2645,-15.00954,-68.2634,2019-10-12,n,
2646,-15.0254,-68.30148,2019-10-12,n,
2647,-15.0472,-68.26499,2019-10-12,n,
2648,-15.05053,-68.2645,2019-10-12,n,
2649,-15.06272,-68.25851,2019-10-12,n,
2650,-15.10606,-68.22961,2019-10-12,n,
2651,-15.0913,-68.23692,2019-10-13,n,
2652,-14.74602,-67.62191,2019-10-13,n,
2653,-14.81064,-68.52531,2019-10-13,n,
2654,-14.23649,-68.06153,2019-10-13,n,
2655,-14.23695,-68.06508,2019-10-13,n,
2656,-13.99966,-68.95463,2019-10-14,n,
2657,-13.99912,-68.94965,2019-10-14,n,
2658,-15.13356,-68.34073,2019-10-14,n,
2659,-14.31938,-68.51716,2019-10-16,n,
2660,-14.50292,-68.50793,2019-10-16,n,
2661,-14.54054,-68.48975,2019-10-16,n,
2662,-14.50178,-68.50892,2019-10-17,n,
2663,-14.32603,-68.51247,2019-10-17,n,
2664,-14.32659,-68.51608,2019-10-17,n,
2665,-14.72404,-67.6078,2019-10-17,n,
2666,-14.75633,-67.42603,2019-10-23,n,
2667,-14.31201,-68.5421,2019-10-23,n,
2668,-15.01262,-68.17526,2019-10-24,n,
2669,-14.39924,-68.55685,2019-10-25,n,
2670,-14.3987,-68.55183,2019-10-25,h,
2671,-14.40213,-68.55688,2019-10-25,n,
2672,-14.40164,-68.55195,2019-10-25,h,
2673,-14.56793,-68.70813,2019-10-25,n,
2674,-14.56735,-68.7025,2019-10-25,h,
2675,-14.61786,-68.69105,2019-10-25,n,
2676,-14.61936,-68.6886,2019-10-25,n,
2677,-14.80787,-67.3978,2019-10-25,n,
2678,-14.99282,-68.18664,2019-10-25,n,
2679,-14.99898,-68.18533,2019-10-25,n,
2680,-14.99837,-68.17963,2019-10-25,n,
2681,-14.99705,-68.18295,2019-10-25,h,
2682,-14.81484,-68.2858,2019-10-26,n,
2683,-14.81223,-68.28594,2019-10-26,n,
2684,-14.81272,-68.28851,2019-10-26,n,
2685,-14.8025,-68.318,2019-10-26,h,
2686,-14.80315,-68.3214,2019-10-26,n,
2687,-14.7974,-68.31892,2019-10-26,n,
2688,-14.79801,-68.32212,2019-10-26,n,
2689,-14.81007,-68.46719,2019-10-26,h,
2690,-14.79098,-68.55731,2019-10-26,n,
2691,-14.68952,-68.40491,2019-10-26,n,
2692,-14.59365,-68.44264,2019-10-26,h,
2693,-14.59415,-68.44527,2019-10-26,n,
2694,-14.57997,-68.45349,2019-10-26,n,
2695,-14.57287,-68.44391,2019-10-26,n,
2696,-14.44916,-68.52869,2019-10-26,n,
2697,-14.43674,-68.49178,2019-10-26,n,
2698,-14.43722,-68.49428,2019-10-26,n,
2699,-14.40688,-68.51796,2019-10-26,n,
2700,-14.40183,-68.51902,2019-10-26,n,
2701,-14.38241,-68.55455,2019-10-26,l,
2702,-14.3774,-68.55568,2019-10-26,n,
2703,-14.3515,-68.53016,2019-10-26,n,
2704,-14.35209,-68.5332,2019-10-26,n,
2705,-14.29959,-68.50658,2019-10-26,n,
2706,-14.29605,-68.50578,2019-10-26,n,
2707,-14.72688,-68.51025,2019-10-27,n,
2708,-14.7232,-68.51111,2019-10-27,n,
2709,-14.5045,-68.45849,2019-10-27,n,
2710,-15.13421,-68.31786,2019-10-28,n,
2711,-14.97904,-68.20982,2019-10-28,n,
2712,-14.70446,-67.60058,2019-10-28,n,
2713,-14.57363,-68.48857,2019-10-28,n,
2714,-14.53983,-68.49029,2019-10-28,n,
2715,-14.52102,-68.4783,2019-10-28,n,
2716,-14.51822,-68.48238,2019-10-28,n,
2717,-14.51264,-68.49067,2019-10-28,n,
2718,-14.49203,-68.51264,2019-10-28,n,
2719,-14.45031,-68.5266,2019-10-28,n,
2720,-14.32032,-68.51863,2019-10-28,n,
2721,-14.31141,-68.52743,2019-10-28,l,
2722,-14.3069,-68.54295,2019-10-28,n,
2723,-14.30357,-68.54347,2019-10-28,n,
2724,-13.98151,-68.97505,2019-10-28,n,
2725,-15.21035,-68.16289,2019-10-29,n,
2726,-15.20624,-68.16338,2019-10-29,n,
2727,-14.96349,-68.30555,2019-10-29,n,
2728,-14.95976,-68.34206,2019-10-29,n,
2729,-14.9602,-68.34553,2019-10-29,n,
2730,-14.96065,-68.34907,2019-10-29,l,
2731,-14.95832,-68.39703,2019-10-29,n,
2732,-14.93554,-68.45107,2019-10-29,n,
2733,-14.93394,-68.45091,2019-10-29,n,
2734,-14.54979,-68.56631,2019-10-29,n,
2735,-14.55026,-68.57,2019-10-29,n,
2736,-14.54519,-68.56349,2019-10-29,n,
2737,-14.54567,-68.56723,2019-10-29,n,
2738,-14.49167,-68.48975,2019-10-29,n,
2739,-14.45049,-68.53034,2019-10-29,n,
2740,-14.39811,-68.53314,2019-10-29,n,
2741,-14.37582,-68.55666,2019-10-29,n,
2742,-14.33229,-68.54711,2019-10-29,n,
2743,-14.77759,-67.41747,2019-10-31,n,
2744,-14.90205,-68.34286,2019-10-31,n,
2745,-14.8966,-68.34479,2019-10-31,h,
2746,-15.08662,-68.2464,2019-11-02,n,
2747,-14.97701,-68.23938,2019-11-02,n,
2748,-14.74265,-68.42255,2019-11-04,n,
2749,-14.54849,-68.39082,2019-11-05,n,
2750,-14.54069,-68.38451,2019-11-05,h,
2751,-14.54157,-68.38869,2019-11-05,n,
2752,-14.54245,-68.3928,2019-11-05,n,
2753,-14.54272,-68.38592,2019-11-05,h,
2754,-14.54185,-68.38171,2019-11-05,n,
2755,-14.5589,-68.46452,2019-11-05,n,
2756,-14.53673,-68.38816,2019-11-05,n,
2757,-14.67501,-67.49746,2019-11-09,n,
2758,-14.67553,-67.5016,2019-11-09,n,
2759,-14.30621,-68.50568,2019-11-09,n,
2760,-13.98136,-68.96573,2019-11-10,n,
2761,-14.9952,-68.29774,2019-11-17,n,
2762,-14.9958,-68.30108,2019-11-17,n,
2763,-14.38528,-68.55044,2019-11-18,n,
2764,-14.39914,-68.55184,2019-11-18,n,
2765,-14.55159,-68.54944,2019-11-18,n,
2766,-14.61146,-68.41048,2019-11-18,n,
2767,-14.75261,-68.33508,2019-11-18,n,
2768,-15.10664,-68.34475,2019-11-18,n,
2769,-15.12675,-68.21507,2019-11-19,l,
2770,-15.14151,-68.32291,2019-11-19,l,
2771,-14.75799,-68.2207,2019-11-19,l,
2772,-14.75863,-68.22543,2019-11-19,l,
2773,-14.75927,-68.2302,2019-11-19,l,
2774,-14.75425,-68.22104,2019-11-19,n,
2775,-14.75489,-68.22582,2019-11-19,n,
2776,-14.64087,-68.40681,2019-11-19,n,
2777,-14.52392,-68.48689,2019-11-19,n,
2778,-14.73469,-67.43906,2019-11-20,n,
2779,-14.74115,-67.62012,2019-11-20,n,
2780,-14.74179,-67.62557,2019-11-20,n,
2781,-14.84163,-68.50021,2019-11-20,n,
2782,-14.83643,-68.50056,2019-11-20,h,
2783,-14.7429,-67.62112,2019-11-20,n,
2784,-14.74357,-67.62653,2019-11-20,n,
2785,-14.83974,-68.50063,2019-11-20,h,
2786,-14.83454,-68.50094,2019-11-20,h,
2787,-14.77053,-68.22411,2019-11-20,n,
2788,-15.26295,-68.09196,2019-11-20,h,
2789,-15.1593,-67.67217,2019-11-20,n,
2790,-15.16204,-67.6727,2019-11-20,n,
2791,-15.09044,-67.69949,2019-11-20,n,
2792,-15.1142,-68.08292,2019-11-20,n,
2793,-15.10994,-68.08305,2019-11-20,n,
2794,-15.00714,-68.16882,2019-11-20,n,
2795,-15.00323,-68.17001,2019-11-20,n,
2796,-13.9909,-68.92213,2019-11-21,n,
2797,-14.66398,-67.51302,2019-12-21,n,
2798,-15.07095,-67.72707,2020-01-05,n,
2799,-14.69623,-67.56643,2020-01-08,n,
2800,-14.83776,-68.3084,2020-01-09,n,
2801,-15.0916,-67.70132,2020-01-10,n,
2802,-15.09027,-67.7021,2020-01-10,n,
2803,-14.64052,-68.51443,2020-01-10,n,
2804,-14.88342,-68.33119,2020-01-10,n,
2805,-14.46964,-68.57839,2020-01-18,n,
2806,-14.72313,-68.36953,2020-01-21,n,
2807,-14.59525,-68.37327,2020-02-06,n,
2808,-14.59917,-68.37066,2020-02-06,n,
2809,-14.64524,-68.51187,2020-03-05,n,
2810,-14.81176,-68.44873,2020-03-15,n,
2811,-14.9579,-68.34071,2020-03-25,n,
2812,-14.80281,-68.31589,2020-04-06,n,
2813,-14.81939,-68.2822,2020-04-06,n,
2814,-14.81885,-68.27798,2020-04-06,n,
2815,-14.82304,-68.2782,2020-04-06,n,
2816,-14.59505,-68.34308,2020-04-12,n,
2817,-14.85345,-68.38535,2020-04-18,n,
2818,-14.79312,-68.45584,2020-04-19,n,
2819,-14.80154,-68.36224,2020-04-19,n,
2820,-14.83453,-68.27412,2020-04-19,n,
2821,-14.83398,-68.2713,2020-04-19,n,
2822,-14.46395,-68.68114,2020-04-19,n,
2823,-14.76778,-68.46658,2020-04-20,n,
2824,-14.57101,-68.38377,2020-04-20,n,
2825,-14.57183,-68.38861,2020-04-20,l,
2826,-14.80364,-68.35892,2020-04-20,n,
2827,-14.99615,-68.28719,2020-04-21,n,
2828,-14.33094,-68.55593,2020-04-21,n,
2829,-14.83296,-68.28405,2020-04-21,n,
2830,-15.0758,-68.32187,2020-04-21,n,
2831,-15.05015,-68.26356,2020-04-21,n,
2832,-14.99731,-68.18088,2020-04-21,n,
2833,-14.93832,-68.46418,2020-04-22,n,
2834,-14.97638,-68.30688,2020-04-24,n,
2835,-14.9741,-68.30802,2020-04-24,n,
2836,-14.87228,-68.44098,2020-04-24,h,
2837,-14.87408,-68.43826,2020-04-24,n,
2838,-14.87477,-68.44174,2020-04-24,n,
2839,-14.80622,-68.27506,2020-04-24,n,
2840,-14.75013,-68.49789,2020-04-28,n,
2841,-14.84135,-68.23811,2020-05-16,n,
2842,-14.62756,-68.29243,2020-05-17,l,
2843,-14.66635,-68.53101,2020-05-17,n,
2844,-14.66699,-68.53497,2020-05-17,l,
2845,-14.62343,-68.28915,2020-05-17,n,
2846,-14.86125,-68.48009,2020-05-17,n,
2847,-14.87473,-68.4092,2020-05-17,n,
2848,-14.94224,-68.37435,2020-05-18,n,
2849,-14.96792,-68.23819,2020-05-19,n,
2850,-14.96684,-68.23782,2020-05-19,n,
2851,-14.73991,-68.23785,2020-05-19,n,
2852,-14.74276,-68.23555,2020-05-19,n,
2853,-14.87241,-68.34121,2020-05-22,n,
2854,-14.61927,-68.56502,2020-05-22,n,
2855,-14.90097,-68.30653,2020-05-25,n,
2856,-14.90291,-68.30497,2020-05-25,n,
2857,-14.80099,-68.36531,2020-05-25,n,
2858,-14.55438,-68.41312,2020-05-26,h,
2859,-14.55181,-68.41311,2020-05-26,h,
2860,-15.03606,-68.25729,2020-05-27,n,
2861,-15.03685,-68.26168,2020-05-27,n,
2862,-14.8096,-68.50751,2020-05-28,n,
2863,-14.73851,-68.5082,2020-05-28,n,
2864,-14.56501,-68.39714,2020-05-28,n,
2865,-14.53843,-68.5971,2020-05-28,n,
2866,-14.46514,-68.57204,2020-05-29,n,
2867,-14.91204,-68.4517,2020-05-29,n,
2868,-14.49003,-68.57529,2020-05-30,n,
2869,-14.82634,-68.44756,2020-05-30,n,
2870,-14.80783,-68.40667,2020-05-31,n,
2871,-14.83456,-68.37173,2020-06-11,n,
2872,-14.75953,-67.60749,2020-06-13,n,
2873,-14.84574,-68.31678,2020-06-18,n,
2874,-14.29842,-68.55389,2020-06-18,l,
2875,-14.29775,-68.54986,2020-06-18,n,
2876,-14.54535,-68.40555,2020-06-18,n,
2877,-14.66445,-68.31552,2020-06-18,n,
2878,-14.66795,-68.31497,2020-06-18,n,
2879,-14.94702,-68.4565,2020-06-19,n,
2880,-15.11179,-68.34161,2020-06-19,n,
2881,-15.048,-68.4447,2020-06-23,n,
2882,-14.34182,-68.43922,2020-06-27,n,
2883,-14.66651,-68.71346,2020-06-30,l,
2884,-14.72912,-68.45727,2020-07-05,n,
2885,-14.53082,-68.42271,2020-07-05,n,
2886,-14.53187,-68.42194,2020-07-05,n,
2887,-14.5284,-68.4224,2020-07-05,n,
2888,-14.92494,-68.40422,2020-07-10,n,
2889,-14.76108,-68.42115,2020-07-11,n,
2890,-14.66277,-68.72202,2020-07-11,n,
2891,-14.96962,-68.25996,2020-07-13,n,
2892,-14.87508,-68.46969,2020-07-13,n,
2893,-14.72232,-68.20992,2020-07-18,n,
2894,-14.7197,-68.25564,2020-07-18,h,
2895,-14.71555,-68.21096,2020-07-18,n,
2896,-14.7204,-68.20987,2020-07-18,n,
2897,-14.72486,-68.25436,2020-07-18,n,
2898,-14.71807,-68.25532,2020-07-18,h,
2899,-14.71882,-68.26286,2020-07-18,n,
2900,-14.71204,-68.26397,2020-07-18,n,
2901,-14.73453,-68.24542,2020-07-18,n,
2902,-14.73573,-68.25095,2020-07-18,n,
2903,-14.732,-68.25064,2020-07-18,h,
2904,-14.72482,-68.24748,2020-07-18,n,
2905,-14.72585,-68.25237,2020-07-18,n,
2906,-14.71421,-68.259,2020-07-18,n,
2907,-14.7027,-68.26622,2020-07-18,n,
2908,-14.70362,-68.27053,2020-07-18,n,
2909,-14.90808,-68.31326,2020-07-19,n,
2910,-14.90251,-68.30883,2020-07-19,n,
2911,-14.90345,-68.31391,2020-07-19,n,
2912,-14.00117,-68.95071,2020-07-19,n,
2913,-14.92029,-68.47879,2020-07-20,n,
2914,-14.70517,-67.589,2020-07-20,n,
2915,-14.83062,-68.34412,2020-07-20,n,
2916,-14.83128,-68.34809,2020-07-20,n,
2917,-14.82018,-68.34592,2020-07-20,l,
2918,-14.82603,-68.44666,2020-07-20,n,
2919,-14.71073,-68.38474,2020-07-20,n,
2920,-14.9187,-68.4672,2020-07-21,n,
2921,-14.89146,-68.29849,2020-07-21,n,
2922,-14.91395,-68.48405,2020-07-21,n,
2923,-14.74338,-67.6082,2020-07-21,n,
2924,-14.8428,-68.57089,2020-07-21,n,
2925,-14.50939,-69.0723,2020-07-21,n,
2926,-14.50128,-69.09203,2020-07-21,n,
2927,-14.49776,-69.09286,2020-07-21,n,
2928,-14.95996,-68.32876,2020-07-22,n,
2929,-14.93702,-68.4465,2020-07-22,n,
2930,-14.67827,-68.3195,2020-07-26,n,
2931,-14.67495,-68.32002,2020-07-26,n,
2932,-14.67126,-68.31715,2020-07-26,n,
2933,-14.67179,-68.3207,2020-07-26,n,
2934,-14.67232,-68.32428,2020-07-26,n,
2935,-14.66794,-68.31767,2020-07-26,n,
2936,-14.66901,-68.32481,2020-07-26,n,
2937,-14.5178,-68.44774,2020-07-26,n,
2938,-14.51833,-68.45131,2020-07-26,n,
2939,-14.51501,-68.45183,2020-07-26,n,
2940,-14.51168,-68.45232,2020-07-26,n,
2941,-14.52122,-68.44517,2020-07-27,n,
2942,-14.85457,-68.23235,2020-07-27,n,
2943,-14.15405,-68.83232,2020-07-27,n,
2944,-15.09675,-68.32533,2020-07-28,n,
2945,-14.72208,-68.44745,2020-07-29,n,
2946,-14.72274,-68.44227,2020-07-29,n,
2947,-14.56517,-68.36898,2020-07-29,n,
2948,-14.52456,-68.42683,2020-08-01,n,
2949,-14.54328,-68.42432,2020-08-01,l,
2950,-14.94543,-68.38219,2020-08-02,n,
2951,-14.72034,-68.32538,2020-08-02,l,
2952,-14.49128,-69.11029,2020-08-03,n,
2953,-14.49755,-69.0987,2020-08-03,n,
2954,-14.66809,-68.7129,2020-08-03,h,
2955,-14.66907,-68.71758,2020-08-03,l,
2956,-14.92575,-68.45277,2020-08-04,n,
2957,-14.9193,-68.4688,2020-08-04,n,
2958,-14.88861,-68.43029,2020-08-04,n,
2959,-14.88947,-68.43491,2020-08-04,n,
2960,-14.84635,-68.25543,2020-08-04,n,
2961,-14.83009,-68.52381,2020-08-04,n,
2962,-14.83606,-68.55633,2020-08-04,n,
2963,-14.83696,-68.56125,2020-08-04,n,
2964,-14.83241,-68.56196,2020-08-04,n,
2965,-14.66384,-68.59158,2020-08-04,n,
2966,-14.65918,-68.59168,2020-08-04,n,
2967,-14.66324,-68.59453,2020-08-04,n,
2968,-14.65856,-68.59449,2020-08-04,n,
2969,-14.65115,-68.59746,2020-08-05,n,
2970,-14.66065,-68.60268,2020-08-05,n,
2971,-14.66126,-68.59885,2020-08-05,n,
2972,-14.97667,-68.32716,2020-08-05,n,
2973,-14.97608,-68.33076,2020-08-05,n,
2974,-15.13293,-68.28384,2020-08-05,n,
2975,-15.08516,-68.32915,2020-08-05,n,
2976,-15.05862,-68.23154,2020-08-05,n,
2977,-14.992,-68.19759,2020-08-05,n,
2978,-15.02057,-68.45792,2020-08-05,n,
2979,-15.00502,-68.46156,2020-08-05,n,
2980,-14.87018,-68.27719,2020-08-05,l,
2981,-14.70522,-68.50166,2020-08-05,n,
2982,-14.70177,-68.50234,2020-08-05,n,
2983,-14.6584,-68.59864,2020-08-05,n,
2984,-14.88022,-68.34396,2020-08-06,n,
2985,-14.88089,-68.34039,2020-08-06,n,
2986,-14.88509,-68.34107,2020-08-06,n,
2987,-14.9891,-68.19614,2020-08-06,n,
2988,-15.0506,-68.12714,2020-08-06,n,
2989,-15.01499,-68.45972,2020-08-06,n,
2990,-15.00392,-68.45694,2020-08-06,n,
2991,-14.90012,-68.51279,2020-08-06,n,
2992,-14.79325,-68.54819,2020-08-06,n,
2993,-14.78977,-68.54877,2020-08-06,n,
2994,-15.15675,-67.67895,2020-08-07,n,
2995,-15.04659,-68.3212,2020-08-07,n,
2996,-14.98198,-68.32478,2020-08-07,n,
2997,-14.85567,-68.5548,2020-08-07,n,
2998,-14.78957,-68.54129,2020-08-07,n,
2999,-14.78852,-68.57137,2020-08-07,n,
3000,-14.74483,-68.32315,2020-08-09,n,
3001,-14.74892,-68.32341,2020-08-09,n,
3002,-14.7491,-68.32568,2020-08-09,n,
3003,-14.74951,-68.32263,2020-08-09,n,
3004,-15.04801,-68.32256,2020-08-09,n,
3005,-15.04348,-68.32637,2020-08-09,n,
3006,-14.74767,-68.27553,2020-08-09,n,
3007,-14.74562,-68.27651,2020-08-09,n,
3008,-14.74152,-68.28284,2020-08-09,h,
3009,-14.74202,-68.28544,2020-08-09,n,
3010,-14.61108,-68.38906,2020-08-09,h,
3011,-14.53257,-68.37936,2020-08-09,n,
3012,-14.5332,-68.38264,2020-08-09,n,
3013,-14.60578,-68.45123,2020-08-10,n,
3014,-15.14625,-68.32377,2020-08-10,n,
3015,-15.00241,-68.32133,2020-08-10,n,
3016,-14.98286,-68.32012,2020-08-10,n,
3017,-14.77715,-68.38898,2020-08-10,n,
3018,-14.7734,-68.38962,2020-08-10,n,
3019,-14.76965,-68.39027,2020-08-10,n,
3020,-14.7659,-68.39096,2020-08-10,n,
3021,-14.53329,-68.48804,2020-08-10,n,
3022,-14.67715,-68.71082,2020-08-11,n,
3023,-14.67436,-68.71507,2020-08-11,n,
3024,-14.67489,-68.71866,2020-08-11,n,
3025,-14.67543,-68.72231,2020-08-11,n,
3026,-14.67104,-68.71571,2020-08-11,h,
3027,-14.67051,-68.71211,2020-08-11,n,
3028,-14.67157,-68.71927,2020-08-11,n,
3029,-14.67264,-68.72655,2020-08-11,n,
3030,-14.67319,-68.73026,2020-08-11,n,
3031,-14.67374,-68.73399,2020-08-11,n,
3032,-14.66878,-68.72351,2020-08-11,h,
3033,-14.66605,-68.7051,2020-08-11,n,
3034,-14.66931,-68.72713,2020-08-11,n,
3035,-14.62424,-68.63,2020-08-11,n,
3036,-14.66679,-68.72398,2020-08-12,n,
3037,-14.66756,-68.72017,2020-08-12,n,
3038,-14.57161,-68.35202,2020-08-12,n,
3039,-14.83252,-68.34782,2020-08-13,l,
3040,-14.81462,-68.3416,2020-08-13,n,
3041,-14.81507,-68.3457,2020-08-13,n,
3042,-14.81552,-68.34981,2020-08-13,n,
3043,-14.80896,-68.34229,2020-08-13,n,
3044,-14.62538,-68.19046,2020-08-13,n,
3045,-14.62505,-68.18753,2020-08-13,l,
3046,-14.61467,-68.19599,2020-08-13,n,
3047,-14.66824,-68.72745,2020-08-13,n,
3048,-14.83855,-68.25268,2020-08-14,n,
3049,-14.73313,-68.29536,2020-08-14,n,
3050,-14.72679,-68.2931,2020-08-14,n,
3051,-14.72516,-68.57109,2020-08-14,n,
3052,-14.72077,-68.57145,2020-08-14,n,
3053,-14.39714,-68.52979,2020-08-14,n,
3054,-14.39785,-68.53328,2020-08-14,n,
3055,-14.39978,-68.53017,2020-08-14,n,
3056,-14.40046,-68.53365,2020-08-14,n,
3057,-14.71709,-68.27312,2020-08-15,n,
3058,-14.71826,-68.26526,2020-08-15,n,
3059,-14.73083,-68.29868,2020-08-15,n,
3060,-14.83086,-68.33223,2020-08-15,n,
3061,-14.83027,-68.33613,2020-08-15,n,
3062,-14.83429,-68.33274,2020-08-15,h,
3063,-14.83371,-68.33665,2020-08-15,n,
3064,-14.83028,-68.32902,2020-08-15,n,
3065,-14.78006,-68.32222,2020-08-15,n,
3066,-14.80694,-68.47423,2020-08-16,n,
3067,-14.82451,-68.32657,2020-08-16,n,
3068,-14.82385,-68.3305,2020-08-16,n,
3069,-14.6254,-68.32873,2020-08-16,n,
3070,-14.61475,-68.36478,2020-08-17,n,
3071,-14.63853,-68.39923,2020-08-17,n,
3072,-14.7488,-68.55801,2020-08-17,n,
3073,-14.81138,-68.25132,2020-08-17,n,
3074,-14.81565,-68.25482,2020-08-17,n,
3075,-14.81508,-68.25064,2020-08-17,n,
3076,-14.51825,-68.62012,2020-08-17,n,
3077,-14.51897,-68.6255,2020-08-17,n,
3078,-14.51445,-68.62049,2020-08-17,n,
3079,-14.40917,-68.49666,2020-08-17,n,
3080,-14.40547,-68.49768,2020-08-17,n,
3081,-14.3933,-68.54964,2020-08-17,n,
3082,-15.01164,-68.16728,2020-08-18,n,
3083,-14.40395,-68.51619,2020-08-18,n,
3084,-14.40642,-68.51531,2020-08-18,n,
3085,-14.5539,-68.87642,2020-08-18,n,
3086,-14.5532,-68.87052,2020-08-18,n,
3087,-14.55354,-68.87338,2020-08-18,h,
3088,-14.55328,-68.8759,2020-08-18,n,
3089,-14.55262,-68.86997,2020-08-18,n,
3090,-14.55294,-68.87282,2020-08-18,h,
3091,-14.64358,-68.543,2020-08-18,n,
3092,-14.76403,-68.48302,2020-08-18,n,
3093,-14.79781,-68.37152,2020-08-18,h,
3094,-14.80837,-68.25467,2020-08-18,n,
3095,-14.81841,-68.25243,2020-08-18,h,
3096,-14.88202,-68.49022,2020-08-18,l,
3097,-14.88239,-68.49344,2020-08-18,n,
3098,-14.81134,-68.19326,2020-08-19,n,
3099,-14.81105,-68.19561,2020-08-19,n,
3100,-14.81074,-68.19818,2020-08-19,n,
3101,-14.80616,-68.19362,2020-08-19,n,
3102,-14.80645,-68.19118,2020-08-19,n,
3103,-14.80348,-68.18382,2020-08-20,n,
3104,-14.69788,-68.39429,2020-08-23,n,
3105,-14.70247,-68.39368,2020-08-23,n,
3106,-15.01447,-68.17783,2020-08-24,n,
3107,-14.80286,-68.18572,2020-08-24,n,
3108,-14.53592,-68.54808,2020-08-24,n,
3109,-14.5329,-68.54958,2020-08-24,n,
3110,-14.80593,-68.17853,2020-08-24,n,
3111,-14.68583,-68.34753,2020-08-24,n,
3112,-14.68473,-68.34901,2020-08-24,n,
3113,-14.75454,-68.41965,2020-08-25,n,
3114,-14.84216,-68.28483,2020-08-25,n,
3115,-14.95476,-68.30945,2020-08-26,n,
3116,-14.79804,-68.18189,2020-08-26,n,
3117,-14.79748,-68.18551,2020-08-26,n,
3118,-14.80284,-68.1853,2020-08-26,n,
3119,-14.9728,-68.43295,2020-08-26,n,
3120,-15.01076,-68.45358,2020-08-26,n,
3121,-15.01178,-68.45052,2020-08-26,n,
3122,-15.0905,-68.32564,2020-08-26,n,
3123,-15.0914,-68.32682,2020-08-26,n,
3124,-14.66376,-68.46548,2020-08-26,n,
3125,-14.66752,-68.46497,2020-08-26,n,
3126,-14.67209,-68.46933,2020-08-26,n,
3127,-14.67128,-68.46445,2020-08-26,n,
3128,-14.9802,-68.26671,2020-08-27,n,
3129,-14.97939,-68.27132,2020-08-27,n,
3130,-14.71059,-68.48456,2020-08-27,n,
3131,-14.67649,-68.25436,2020-08-27,n,
3132,-14.68034,-68.25747,2020-08-27,n,
3133,-14.76754,-68.25116,2020-08-27,n,
3134,-14.77457,-68.27557,2020-08-27,n,
3135,-14.79826,-68.18375,2020-08-27,n,
3136,-14.80211,-68.18682,2020-08-27,n,
3137,-14.80158,-68.18327,2020-08-27,n,
3138,-14.80543,-68.18634,2020-08-27,n,
3139,-14.8049,-68.18277,2020-08-27,n,
3140,-14.80437,-68.17922,2020-08-27,n,
3141,-14.89724,-68.21195,2020-08-27,n,
3142,-14.93767,-68.4156,2020-08-27,n,
3143,-14.98539,-68.32703,2020-08-27,n,
3144,-14.99817,-68.32137,2020-08-27,n,
3145,-14.99562,-68.28111,2020-08-27,n,
3146,-15.03146,-68.31622,2020-08-27,n,
3147,-15.01169,-68.18324,2020-08-27,n,
3148,-15.04507,-68.13367,2020-08-27,n,
3149,-15.0876,-68.35492,2020-08-27,n,
3150,-15.10425,-68.35235,2020-08-27,n,
3151,-15.10372,-68.34871,2020-08-27,n,
3152,-14.49063,-68.5096,2020-08-27,n,
3153,-14.70537,-68.48795,2020-08-28,n,
3154,-14.70604,-68.48463,2020-08-28,n,
3155,-14.71045,-68.4898,2020-08-28,n,
3156,-14.99412,-68.31653,2020-08-28,n,
3157,-14.99355,-68.3194,2020-08-28,n,
3158,-14.67481,-68.50609,2020-08-28,n,
3159,-14.59207,-68.46915,2020-08-28,n,
3160,-14.58797,-68.47012,2020-08-28,n,
3161,-14.53734,-68.33575,2020-08-28,n,
3162,-15.13348,-68.33289,2020-08-28,n,
3163,-15.12142,-68.33748,2020-08-28,n,
3164,-15.12248,-68.34582,2020-08-28,n,
3165,-15.08066,-68.31492,2020-08-28,n,
3166,-15.08115,-68.31887,2020-08-28,l,
3167,-15.0123,-68.16402,2020-08-28,n,
3168,-15.01708,-68.29778,2020-08-28,n,
3169,-15.0189,-68.3119,2020-08-28,n,
3170,-15.01477,-68.31245,2020-08-28,n,
3171,-14.98752,-68.19796,2020-08-28,n,
3172,-14.98342,-68.19855,2020-08-28,n,
3173,-14.98801,-68.23441,2020-08-28,n,
3174,-14.99465,-68.28638,2020-08-28,n,
3175,-14.98386,-68.23466,2020-08-28,n,
3176,-14.97973,-68.23506,2020-08-28,n,
3177,-14.83706,-67.41053,2020-08-28,n,
3178,-14.95484,-68.32246,2020-08-28,n,
3179,-14.92534,-68.32172,2020-08-28,n,
3180,-14.91993,-68.47649,2020-08-28,n,
3181,-14.89833,-68.43981,2020-08-28,n,
3182,-14.90078,-68.52655,2020-08-28,n,
3183,-14.89368,-68.50387,2020-08-28,n,
3184,-14.86142,-68.49576,2020-08-28,n,
3185,-14.85406,-68.50445,2020-08-28,n,
3186,-14.83239,-68.56721,2020-08-28,n,
3187,-14.82114,-68.51254,2020-08-28,n,
3188,-14.79435,-68.53566,2020-08-28,n,
3189,-14.76657,-68.38217,2020-08-28,n,
3190,-14.76339,-68.39037,2020-08-28,n,
3191,-14.77133,-68.48743,2020-08-28,n,
3192,-14.72213,-68.19107,2020-08-28,n,
3193,-14.71358,-68.28402,2020-08-28,n,
3194,-14.71407,-68.28776,2020-08-28,n,
3195,-14.70952,-68.28494,2020-08-28,n,
3196,-14.71001,-68.28866,2020-08-28,l,
3197,-14.70829,-68.33961,2020-08-28,n,
3198,-14.70414,-68.33998,2020-08-28,n,
3199,-14.72377,-68.2933,2020-08-29,n,
3200,-14.71758,-68.29288,2020-08-29,n,
3201,-15.11156,-68.34426,2020-08-29,n,
3202,-15.10577,-68.34402,2020-08-29,n,
3203,-14.93547,-68.40938,2020-08-29,n,
3204,-14.92983,-68.41068,2020-08-29,h,
3205,-14.92848,-68.45154,2020-08-29,n,
3206,-14.90418,-68.44097,2020-08-29,n,
3207,-14.89809,-68.43818,2020-08-29,n,
3208,-14.89616,-68.43884,2020-08-29,n,
3209,-14.82436,-68.36452,2020-08-29,l,
3210,-14.8043,-68.39184,2020-08-29,h,
3211,-14.79728,-68.54247,2020-08-29,h,
3212,-14.7977,-68.54639,2020-08-29,n,
3213,-14.80215,-68.54363,2020-08-29,n,
3214,-14.79615,-68.54207,2020-08-29,h,
3215,-14.7966,-68.54599,2020-08-29,n,
3216,-14.59846,-68.44886,2020-08-29,n,
3217,-14.59272,-68.44914,2020-08-29,h,
3218,-14.51932,-68.33174,2020-08-30,n,
3219,-15.08075,-68.3322,2020-08-31,n,
3220,-15.05781,-68.32582,2020-08-31,n,
3221,-14.82882,-68.19467,2020-08-31,n,
3222,-14.82594,-68.19027,2020-08-31,n,
3223,-14.82253,-68.1895,2020-08-31,n,
3224,-14.82142,-68.19706,2020-08-31,n,
3225,-14.94727,-68.26101,2020-09-02,n,
3226,-14.94624,-68.26342,2020-09-02,n,
3227,-14.51944,-68.40392,2020-09-03,n,
3228,-14.99974,-68.28719,2020-09-03,n,
3229,-14.82746,-68.34533,2020-09-03,n,
3230,-15.03254,-68.3203,2020-09-04,l,
3231,-15.03175,-68.31219,2020-09-04,n,
3232,-14.24325,-68.55766,2020-09-04,n,
3233,-14.57751,-68.35863,2020-09-04,n,
3234,-14.57586,-68.36012,2020-09-04,n,
3235,-14.80262,-68.55806,2020-09-04,n,
3236,-14.84548,-68.4906,2020-09-04,n,
3237,-14.84116,-68.25607,2020-09-04,n,
3238,-14.94066,-68.45895,2020-09-04,n,
3239,-14.93013,-68.22649,2020-09-04,n,
3240,-14.92912,-68.2217,2020-09-04,h,
3241,-14.97654,-68.26292,2020-09-04,n,
3242,-14.97538,-68.25735,2020-09-04,n,
3243,-14.97385,-68.25893,2020-09-04,l,
3244,-14.97502,-68.26435,2020-09-04,n,
3245,-15.03048,-68.31278,2020-09-04,n,
3246,-14.92696,-68.22305,2020-09-05,n,
3247,-14.68461,-68.51537,2020-09-05,n,
3248,-14.51269,-68.51633,2020-09-05,n,
3249,-14.85039,-68.28952,2020-09-05,n,
3250,-14.8939,-68.52071,2020-09-05,n,
3251,-14.85302,-68.42814,2020-09-05,n,
3252,-14.85737,-68.42998,2020-09-05,n,
3253,-14.85962,-68.54515,2020-09-05,n,
3254,-14.74691,-68.54771,2020-09-05,n,
3255,-14.73208,-68.49226,2020-09-05,n,
3256,-14.73298,-68.49716,2020-09-05,n,
3257,-14.58071,-68.5155,2020-09-05,n,
3258,-14.56986,-68.48268,2020-09-05,n,
3259,-14.5653,-68.48344,2020-09-05,n,
3260,-14.46156,-68.53467,2020-09-05,n,
3261,-14.46253,-68.53982,2020-09-05,n,
3262,-14.45794,-68.54041,2020-09-05,n,
3263,-15.05831,-68.1381,2020-09-05,n,
3264,-15.05916,-68.14264,2020-09-05,n,
3265,-15.06015,-68.1479,2020-09-05,n,
3266,-15.091,-68.3121,2020-09-05,n,
3267,-15.08648,-68.31318,2020-09-05,n,
3268,-15.08731,-68.3176,2020-09-05,n,
3269,-15.08534,-68.33225,2020-09-05,n,
3270,-15.04157,-68.15066,2020-09-05,n,
3271,-15.03797,-68.15682,2020-09-05,n,
3272,-15.03374,-68.15416,2020-09-05,n,
3273,-14.25043,-68.53132,2020-09-06,n,
3274,-15.04857,-68.1441,2020-09-06,n,
3275,-15.04524,-68.14349,2020-09-06,n,
3276,-15.0335,-68.15274,2020-09-06,n,
3277,-15.03292,-68.15635,2020-09-06,n,
3278,-14.99161,-68.17909,2020-09-06,n,
3279,-14.99102,-68.18276,2020-09-06,n,
3280,-14.9679,-68.21972,2020-09-06,n,
3281,-14.96459,-68.21906,2020-09-06,n,
3282,-14.71304,-68.26504,2020-09-06,n,
3283,-14.38788,-68.54627,2020-09-06,n,
3284,-14.25453,-68.53141,2020-09-06,n,
3285,-14.24414,-68.57751,2020-09-06,n,
3286,-14.68181,-68.39691,2020-09-06,l,
3287,-14.82274,-68.51754,2020-09-06,n,
3288,-14.84033,-68.53848,2020-09-06,n,
3289,-14.90689,-68.42316,2020-09-06,n,
3290,-14.90901,-68.42317,2020-09-06,n,
3291,-14.90836,-68.41926,2020-09-06,n,
3292,-14.91569,-68.37718,2020-09-06,n,
3293,-14.90317,-68.2136,2020-09-06,n,
3294,-14.92819,-68.32279,2020-09-06,n,
3295,-14.92755,-68.31888,2020-09-06,n,
3296,-14.93102,-68.3182,2020-09-06,n,
3297,-14.99538,-68.17926,2020-09-06,n,
3298,-15.01987,-68.17534,2020-09-06,n,
3299,-14.67834,-68.39752,2020-09-06,l,
3300,-14.59486,-68.47598,2020-09-06,n,
3301,-14.57565,-68.4785,2020-09-06,n,
3302,-14.57216,-68.47896,2020-09-06,l,
3303,-15.12783,-68.3446,2020-09-06,n,
3304,-14.69784,-67.59818,2020-09-08,n,
3305,-14.83654,-68.26057,2020-09-09,h,
3306,-15.08644,-68.33071,2020-09-09,n,
3307,-15.08587,-68.32526,2020-09-09,h,
3308,-15.08374,-68.33022,2020-09-09,n,
3309,-15.08317,-68.32436,2020-09-09,h,
3310,-15.09069,-68.32836,2020-09-09,n,
3311,-15.09124,-68.32085,2020-09-09,h,
3312,-15.09261,-68.32703,2020-09-09,n,
3313,-15.08462,-68.32279,2020-09-09,h,
3314,-15.08582,-68.32818,2020-09-09,n,
3315,-15.08939,-68.32231,2020-09-09,n,
3316,-15.08277,-68.32429,2020-09-09,n,
3317,-15.08393,-68.32965,2020-09-09,n,
3318,-14.83278,-68.2555,2020-09-09,n,
3319,-14.83133,-68.25482,2020-09-09,n,
3320,-14.6859,-68.50175,2020-09-09,n,
3321,-14.59905,-68.60679,2020-09-10,n,
3322,-14.74356,-68.41396,2020-09-10,n,
3323,-14.74297,-68.41088,2020-09-10,h,
3324,-15.25719,-67.89657,2020-09-10,h,
3325,-14.79948,-68.46732,2020-09-10,n,
3326,-14.74656,-68.41089,2020-09-10,h,
3327,-14.84007,-68.26887,2020-09-10,n,
3328,-14.84313,-68.26942,2020-09-10,l,
3329,-14.9918,-68.17758,2020-09-10,n,
3330,-14.99924,-68.18864,2020-09-10,n,
3331,-14.99859,-68.18525,2020-09-10,h,
3332,-15.02661,-68.30305,2020-09-10,n,
3333,-15.01661,-68.16882,2020-09-10,n,
3334,-15.01886,-68.15292,2020-09-10,n,
3335,-15.02398,-68.15196,2020-09-10,n,
3336,-15.02348,-68.14934,2020-09-10,n,
3337,-15.02125,-68.15254,2020-09-10,n,
3338,-15.02074,-68.14995,2020-09-10,n,
3339,-15.02645,-68.15193,2020-09-10,n,
3340,-15.02593,-68.14933,2020-09-10,n,
3341,-15.08599,-68.23917,2020-09-10,n,
3342,-15.0853,-68.23566,2020-09-10,h,
3343,-15.11528,-68.33549,2020-09-10,n,
3344,-14.56605,-68.46565,2020-09-11,n,
3345,-14.58097,-68.36993,2020-09-11,n,
3346,-14.58648,-68.37811,2020-09-11,n,
3347,-14.58923,-68.38219,2020-09-11,n,
3348,-14.70345,-68.5208,2020-09-11,n,
3349,-14.70731,-68.51778,2020-09-11,n,
3350,-15.01858,-68.15141,2020-09-11,n,
3351,-15.0219,-68.15192,2020-09-11,n,
3352,-15.0059,-68.34374,2020-09-11,n,
3353,-15.00977,-68.34071,2020-09-11,n,
3354,-15.01419,-68.31218,2020-09-11,n,
3355,-15.0175,-68.31272,2020-09-11,n,
3356,-15.08993,-68.24016,2020-09-11,n,
3357,-15.12735,-68.2259,2020-09-11,n,
3358,-15.12666,-68.22495,2020-09-11,n,
3359,-15.09672,-68.32174,2020-09-11,n,
3360,-15.07645,-68.24814,2020-09-11,n,
3361,-15.08479,-68.31947,2020-09-11,n,
3362,-15.02388,-68.2573,2020-09-11,n,
3363,-15.02324,-68.25577,2020-09-11,n,
3364,-15.0171,-68.31117,2020-09-11,n,
3365,-14.98671,-68.2,2020-09-11,n,
3366,-14.97243,-68.20729,2020-09-11,n,
3367,-14.97583,-68.22723,2020-09-11,n,
3368,-14.9767,-68.23231,2020-09-11,n,
3369,-14.96948,-68.21276,2020-09-11,h,
3370,-15.00408,-68.46117,2020-09-11,n,
3371,-14.96375,-68.26978,2020-09-11,l,
3372,-14.95913,-68.26538,2020-09-11,l,
3373,-14.95859,-68.28474,2020-09-11,n,
3374,-14.96112,-68.32199,2020-09-11,n,
3375,-14.948,-68.45636,2020-09-11,n,
3376,-14.90484,-68.35921,2020-09-11,n,
3377,-14.90563,-68.36388,2020-09-11,n,
3378,-14.90191,-68.36466,2020-09-11,n,
3379,-14.91897,-68.46575,2020-09-11,n,
3380,-14.91528,-68.46651,2020-09-11,n,
3381,-14.85193,-68.36501,2020-09-11,n,
3382,-14.84808,-68.43197,2020-09-11,n,
3383,-14.68625,-67.59606,2020-09-11,n,
3384,-14.82657,-68.42547,2020-09-11,l,
3385,-14.84124,-68.58157,2020-09-11,n,
3386,-14.79271,-68.31566,2020-09-11,n,
3387,-14.77645,-68.24236,2020-09-11,l,
3388,-14.7395,-68.53249,2020-09-11,n,
3389,-14.71818,-68.42778,2020-09-11,n,
3390,-14.71941,-68.50381,2020-09-11,l,
3391,-14.72101,-68.51333,2020-09-11,n,
3392,-14.72172,-68.51759,2020-09-11,n,
3393,-14.71653,-68.50944,2020-09-11,n,
3394,-14.67539,-68.73795,2020-09-11,n,
3395,-14.67635,-68.73758,2020-09-11,n,
3396,-14.60566,-68.45033,2020-09-11,n,
3397,-14.4595,-68.45707,2020-09-11,n,
3398,-14.1985,-68.08672,2020-09-11,n,
3399,-14.98344,-68.26248,2020-09-12,n,
3400,-14.98234,-68.26435,2020-09-12,n,
3401,-14.96856,-68.2132,2020-09-12,n,
3402,-15.00913,-68.16093,2020-09-12,n,
3403,-15.026,-68.29804,2020-09-12,n,
3404,-15.02653,-68.30159,2020-09-12,l,
3405,-14.99237,-68.29675,2020-09-12,n,
3406,-14.97173,-68.22658,2020-09-12,l,
3407,-14.95166,-68.34366,2020-09-12,l,
3408,-14.92564,-68.42142,2020-09-12,n,
3409,-14.87604,-68.26727,2020-09-12,h,
3410,-14.87551,-68.26373,2020-09-12,n,
3411,-14.87271,-68.26775,2020-09-12,h,
3412,-14.87218,-68.26421,2020-09-12,n,
3413,-14.59422,-68.44485,2020-09-12,n,
3414,-14.55963,-68.48727,2020-09-12,n,
3415,-14.5563,-68.48779,2020-09-12,n,
3416,-14.57863,-68.87279,2020-09-12,n,
3417,-14.57174,-68.8961,2020-09-12,l,
3418,-14.56787,-68.89315,2020-09-12,n,
3419,-14.4427,-68.27063,2020-09-12,n,
3420,-14.43978,-68.50278,2020-09-12,n,
3421,-14.37213,-68.54739,2020-09-12,l,
3422,-14.28125,-68.52851,2020-09-12,n,
3423,-14.2746,-68.5296,2020-09-12,l,
3424,-14.27514,-68.53324,2020-09-12,l,
3425,-14.26461,-68.53119,2020-09-12,n,
3426,-14.24715,-68.57441,2020-09-12,n,
3427,-15.01105,-68.18218,2020-09-13,n,
3428,-14.8225,-68.39146,2020-09-13,n,
3429,-14.82296,-68.3951,2020-09-13,n,
3430,-14.61144,-68.45603,2020-09-13,n,
3431,-14.60726,-68.4564,2020-09-13,n,
3432,-14.59071,-68.4592,2020-09-13,n,
3433,-14.5912,-68.46313,2020-09-13,n,
3434,-14.5933,-68.46172,2020-09-13,n,
3435,-14.58921,-68.46281,2020-09-13,n,
3436,-14.31724,-68.51339,2020-09-13,n,
3437,-14.27671,-68.52724,2020-09-13,n,
3438,-14.24202,-68.59896,2020-09-13,n,
3439,-14.49862,-68.50429,2020-09-14,h,
3440,-14.49913,-68.50922,2020-09-14,n,
3441,-14.49759,-68.50859,2020-09-14,h,
3442,-14.49701,-68.50346,2020-09-14,n,
3443,-14.41412,-68.48695,2020-09-14,n,
3444,-14.39744,-68.54794,2020-09-14,n,
3445,-14.39171,-68.54868,2020-09-14,n,
3446,-14.39608,-68.55055,2020-09-14,h,
3447,-14.39558,-68.5461,2020-09-14,n,
3448,-14.31175,-68.52238,2020-09-14,n,
3449,-14.30789,-68.54034,2020-09-14,n,
3450,-14.3084,-68.54507,2020-09-14,n,
3451,-14.30885,-68.54922,2020-09-14,n,
3452,-14.31255,-68.54346,2020-09-14,h,
3453,-14.31006,-68.5219,2020-09-14,n,
3454,-14.31307,-68.54795,2020-09-14,n,
3455,-14.30687,-68.54447,2020-09-14,n,
3456,-14.30735,-68.54865,2020-09-14,n,
3457,-15.0416,-68.28138,2020-09-16,n,
3458,-15.02161,-68.28854,2020-09-16,n,
3459,-14.8113,-68.32883,2020-09-16,n,
3460,-14.81199,-68.33268,2020-09-16,n,
3461,-14.23425,-68.06534,2020-09-16,n,
3462,-14.3098,-68.51953,2020-09-16,n,
3463,-14.29856,-68.55194,2020-09-16,n,
3464,-14.29925,-68.5559,2020-09-16,n,
3465,-14.66949,-68.30657,2020-09-19,n,
3466,-14.30734,-68.57003,2020-09-19,n,
3467,-14.30554,-68.5705,2020-09-19,n,
3468,-14.81075,-68.45396,2020-09-24,n,
3469,-14.80919,-68.45092,2020-09-24,n,
3470,-14.84737,-68.30031,2020-09-24,n,
3471,-15.03039,-68.27423,2020-09-24,n,
3472,-14.45278,-68.53823,2020-09-24,n,
3473,-15.11283,-68.2187,2020-09-25,l,
3474,-15.06505,-68.24836,2020-09-25,h,
3475,-15.06769,-68.24763,2020-09-25,h,
3476,-15.06814,-68.25196,2020-09-25,n,
3477,-14.88217,-68.30756,2020-09-25,n,
3478,-14.86122,-68.41113,2020-09-25,h,
3479,-14.68717,-67.57205,2020-09-25,n,
3480,-14.68411,-67.56944,2020-09-25,n,
3481,-14.68462,-67.57407,2020-09-25,n,
3482,-14.56173,-68.48179,2020-09-25,n,
3483,-14.56479,-68.47966,2020-09-25,l,
3484,-14.55265,-68.48592,2020-09-25,l,
3485,-14.54744,-68.49732,2020-09-25,h,
3486,-14.53266,-68.47837,2020-09-25,h,
3487,-14.52646,-68.48029,2020-09-25,h,
3488,-14.52832,-68.49825,2020-09-25,n,
3489,-14.52905,-68.5053,2020-09-25,n,
3490,-14.52005,-68.48017,2020-09-25,h,
3491,-14.51013,-68.50829,2020-09-25,l,
3492,-14.50318,-68.50297,2020-09-25,n,
3493,-14.50382,-68.50928,2020-09-25,n,
3494,-14.49749,-68.51008,2020-09-25,n,
3495,-14.49034,-68.50266,2020-09-25,h,
3496,-14.49112,-68.51043,2020-09-25,n,
3497,-14.48467,-68.50996,2020-09-25,h,
3498,-14.50079,-68.50615,2020-09-25,h,
3499,-14.49442,-68.50648,2020-09-25,h,
3500,-14.4951,-68.5128,2020-09-25,n,
3501,-14.48875,-68.51334,2020-09-25,h,
3502,-14.4823,-68.513,2020-09-25,n,
3503,-14.48299,-68.51941,2020-09-25,n,
3504,-14.45769,-68.52261,2020-09-25,h,
3505,-14.4583,-68.52837,2020-09-25,n,
3506,-14.45128,-68.52263,2020-09-25,h,
3507,-14.4519,-68.52851,2020-09-25,n,
3508,-14.41179,-68.57494,2020-09-25,n,
3509,-14.41246,-68.58147,2020-09-25,n,
3510,-14.38407,-68.55506,2020-09-25,l,
3511,-14.38457,-68.56004,2020-09-25,n,
3512,-14.38768,-68.55573,2020-09-25,n,
3513,-14.38818,-68.56035,2020-09-25,n,
3514,-15.0877,-68.23969,2020-09-25,n,
3515,-14.45915,-68.52451,2020-09-25,n,
3516,-14.46976,-68.50845,2020-09-25,n,
3517,-14.45807,-68.51944,2020-09-25,h,
3518,-14.48618,-68.51962,2020-09-25,h,
3519,-14.485,-68.51406,2020-09-25,h,
3520,-14.45406,-68.52302,2020-09-25,h,
3521,-14.4607,-68.52127,2020-09-25,n,
3522,-14.46467,-68.50735,2020-09-25,n,
3523,-14.47641,-68.49679,2020-09-25,n,
3524,-14.48656,-68.51108,2020-09-25,n,
3525,-14.48769,-68.51624,2020-09-25,h,
3526,-14.49318,-68.5092,2020-09-25,n,
3527,-14.51404,-68.47585,2020-09-25,n,
3528,-14.54585,-68.493,2020-09-25,n,
3529,-14.55264,-68.49195,2020-09-25,n,
3530,-14.55141,-68.4862,2020-09-25,h,
3531,-14.56466,-68.48251,2020-09-25,n,
3532,-14.39191,-68.53822,2020-09-25,n,
3533,-14.45255,-68.52643,2020-09-25,n,
3534,-14.57966,-68.45403,2020-09-25,h,
3535,-14.54958,-68.49853,2020-09-25,n,
3536,-14.54805,-68.49162,2020-09-25,n,
3537,-14.55472,-68.49001,2020-09-25,n,
3538,-14.55352,-68.48455,2020-09-25,n,
3539,-14.58154,-68.45206,2020-09-25,h,
3540,-14.62995,-68.35032,2020-09-25,n,
3541,-14.6287,-68.34451,2020-09-25,n,
3542,-14.63015,-68.34435,2020-09-25,n,
3543,-14.82566,-68.29256,2020-09-25,h,
3544,-14.85482,-68.26383,2020-09-25,n,
3545,-14.82783,-68.29527,2020-09-25,n,
3546,-14.82649,-68.28929,2020-09-25,n,
3547,-14.85572,-68.26154,2020-09-25,h,
3548,-14.92378,-68.41087,2020-09-25,n,
3549,-14.94533,-68.44548,2020-09-25,n,
3550,-14.95256,-68.27525,2020-09-25,n,
3551,-14.95953,-68.2748,2020-09-25,n,
3552,-14.96906,-68.22198,2020-09-25,n,
3553,-14.45064,-68.48473,2020-09-25,n,
3554,-14.49047,-68.51007,2020-09-26,n,
3555,-14.47567,-68.49979,2020-09-26,n,
3556,-15.19191,-68.15504,2020-09-26,h,
3557,-15.19497,-68.17081,2020-09-26,h,
3558,-15.18432,-68.17027,2020-09-26,n,
3559,-15.11367,-68.23041,2020-09-26,n,
3560,-15.0957,-68.21906,2020-09-26,h,
3561,-15.09629,-68.22208,2020-09-26,l,
3562,-15.0907,-68.22043,2020-09-26,h,
3563,-15.09138,-68.22394,2020-09-26,n,
3564,-15.07812,-68.23683,2020-09-26,h,
3565,-14.92557,-68.25366,2020-09-26,n,
3566,-14.92606,-68.25615,2020-09-26,n,
3567,-14.92768,-68.25443,2020-09-26,h,
3568,-14.92815,-68.25697,2020-09-26,n,
3569,-14.86348,-68.24931,2020-09-26,n,
3570,-14.85284,-68.27581,2020-09-26,l,
3571,-14.89031,-68.49431,2020-09-26,n,
3572,-14.82594,-68.27291,2020-09-26,n,
3573,-14.82928,-68.28987,2020-09-26,n,
3574,-14.82434,-68.29145,2020-09-26,h,
3575,-14.82757,-68.26991,2020-09-26,n,
3576,-14.82808,-68.27257,2020-09-26,n,
3577,-14.8302,-68.28377,2020-09-26,l,
3578,-14.83138,-68.28994,2020-09-26,n,
3579,-14.83314,-68.29922,2020-09-26,n,
3580,-14.82641,-68.29153,2020-09-26,n,
3581,-14.82146,-68.29311,2020-09-26,n,
3582,-14.81417,-68.31001,2020-09-26,h,
3583,-14.79907,-68.31346,2020-09-26,h,
3584,-14.79964,-68.31644,2020-09-26,n,
3585,-14.75947,-68.353,2020-09-26,n,
3586,-14.78887,-68.50388,2020-09-26,n,
3587,-14.78943,-68.50675,2020-09-26,n,
3588,-14.73039,-68.36522,2020-09-26,n,
3589,-14.73097,-68.36818,2020-09-26,n,
3590,-14.7321,-68.36635,2020-09-26,h,
3591,-14.65001,-68.29485,2020-09-26,n,
3592,-14.64491,-68.29578,2020-09-26,n,
3593,-14.68698,-68.56548,2020-09-26,h,
3594,-14.63931,-68.53085,2020-09-26,n,
3595,-14.61866,-68.44961,2020-09-26,n,
3596,-14.64241,-68.6829,2020-09-26,n,
3597,-14.59163,-68.44491,2020-09-26,h,
3598,-14.59215,-68.44765,2020-09-26,n,
3599,-14.58292,-68.454,2020-09-26,n,
3600,-14.58089,-68.47054,2020-09-26,h,
3601,-14.56238,-68.48283,2020-09-26,n,
3602,-14.56293,-68.48563,2020-09-26,n,
3603,-14.55857,-68.49006,2020-09-26,n,
3604,-14.5529,-68.48775,2020-09-26,l,
3605,-14.54908,-68.49487,2020-09-26,h,
3606,-14.55188,-68.50913,2020-09-26,h,
3607,-14.54198,-68.4853,2020-09-26,n,
3608,-14.54294,-68.49017,2020-09-26,n,
3609,-14.54396,-68.49538,2020-09-26,n,
3610,-14.53739,-68.48849,2020-09-26,n,
3611,-14.5432,-68.48635,2020-09-26,h,
3612,-14.54366,-68.4888,2020-09-26,n,
3613,-14.54414,-68.49133,2020-09-26,n,
3614,-14.54521,-68.49696,2020-09-26,n,
3615,-14.54742,-68.50877,2020-09-26,n,
3616,-14.53815,-68.4872,2020-09-26,h,
3617,-14.5386,-68.48958,2020-09-26,n,
3618,-14.52106,-68.47968,2020-09-26,h,
3619,-14.52056,-68.47704,2020-09-26,n,
3620,-14.52113,-68.5075,2020-09-26,h,
3621,-14.52176,-68.5108,2020-09-26,n,
3622,-14.51608,-68.50835,2020-09-26,n,
3623,-14.51665,-68.51134,2020-09-26,n,
3624,-14.50092,-68.51084,2020-09-26,n,
3625,-14.49035,-68.51014,2020-09-26,n,
3626,-14.46119,-68.52127,2020-09-26,h,
3627,-14.45673,-68.52513,2020-09-26,h,
3628,-14.45619,-68.52235,2020-09-26,n,
3629,-14.45728,-68.52795,2020-09-26,n,
3630,-14.45122,-68.52364,2020-09-26,h,
3631,-14.4523,-68.52917,2020-09-26,h,
3632,-14.45176,-68.52639,2020-09-26,n,
3633,-14.45287,-68.53208,2020-09-26,n,
3634,-14.44575,-68.52233,2020-09-26,n,
3635,-14.44628,-68.52504,2020-09-26,n,
3636,-14.44131,-68.52631,2020-09-26,n,
3637,-14.4423,-68.52544,2020-09-26,h,
3638,-14.44282,-68.52824,2020-09-26,n,
3639,-14.41001,-68.54758,2020-09-26,n,
3640,-14.40387,-68.54274,2020-09-26,n,
3641,-14.4044,-68.54549,2020-09-26,n,
3642,-14.40496,-68.54842,2020-09-26,n,
3643,-14.39938,-68.54653,2020-09-26,h,
3644,-14.40049,-68.55234,2020-09-26,h,
3645,-14.39436,-68.54753,2020-09-26,n,
3646,-14.3949,-68.55032,2020-09-26,n,
3647,-14.38221,-68.53857,2020-09-26,n,
3648,-14.38274,-68.54133,2020-09-26,n,
3649,-14.37656,-68.53633,2020-09-26,h,
3650,-14.37713,-68.53927,2020-09-26,n,
3651,-14.3777,-68.54221,2020-09-26,n,
3652,-14.37147,-68.53699,2020-09-26,n,
3653,-14.3677,-68.54451,2020-09-26,h,
3654,-14.37155,-68.56441,2020-09-26,n,
3655,-14.36667,-68.56609,2020-09-26,n,
3656,-14.33613,-68.54326,2020-09-26,n,
3657,-14.33161,-68.54683,2020-09-26,n,
3658,-14.33713,-68.54305,2020-09-26,n,
3659,-14.33259,-68.54666,2020-09-26,n,
3660,-14.31314,-68.52664,2020-09-26,n,
3661,-14.31373,-68.52972,2020-09-26,n,
3662,-14.26359,-68.54086,2020-09-26,h,
3663,-14.26423,-68.5442,2020-09-26,n,
3664,-14.44192,-68.52618,2020-09-27,n,
3665,-14.4524,-68.52425,2020-09-27,n,
3666,-14.45571,-68.5248,2020-09-27,n,
3667,-14.51583,-68.50925,2020-09-27,n,
3668,-14.54849,-68.49668,2020-09-27,n,
3669,-14.55013,-68.50791,2020-09-27,n,
3670,-14.64554,-68.43996,2020-09-27,n,
3671,-14.64609,-68.43642,2020-09-27,n,
3672,-15.15431,-67.68352,2020-09-27,n,
3673,-15.09252,-67.70232,2020-09-27,n,
3674,-14.72635,-67.61034,2020-09-27,n,
3675,-14.2067,-68.08235,2020-09-27,n,
3676,-14.32208,-68.57901,2020-09-27,n,
3677,-14.30954,-68.5058,2020-09-27,n,
3678,-14.32578,-68.57832,2020-09-27,n,
3679,-14.39396,-68.55152,2020-09-27,l,
3680,-14.44499,-68.52666,2020-09-27,l,
3681,-14.52023,-68.51015,2020-09-27,n,
3682,-14.51943,-68.50549,2020-09-27,n,
3683,-14.54846,-68.49602,2020-09-27,l,
3684,-14.55972,-68.49463,2020-09-27,l,
3685,-14.55885,-68.4895,2020-09-27,n,
3686,-14.53217,-68.33228,2020-09-27,l,
3687,-14.63325,-68.28667,2020-09-27,n,
3688,-14.63777,-68.29048,2020-09-27,n,
3689,-14.63626,-68.28157,2020-09-27,n,
3690,-14.7034,-68.49725,2020-09-27,n,
3691,-14.56868,-68.71313,2020-09-28,n,
3692,-14.51647,-68.50852,2020-09-28,n,
3693,-14.24016,-68.54122,2020-09-28,n,
3694,-14.57215,-68.71541,2020-09-28,n,
3695,-14.57161,-68.71174,2020-09-28,n,
3696,-14.61919,-68.44535,2020-09-29,n,
3697,-14.59793,-68.44467,2020-09-29,n,
3698,-14.57789,-68.45354,2020-09-29,n,
3699,-14.42155,-68.58061,2020-09-29,n,
3700,-14.45791,-68.5455,2020-09-30,n,
3701,-14.39982,-68.5468,2020-09-30,n,
3702,-14.40029,-68.55108,2020-09-30,n,
3703,-14.40073,-68.5551,2020-09-30,n,
3704,-14.25012,-68.57476,2020-09-30,h,
3705,-14.24894,-68.57417,2020-09-30,h,
3706,-14.24938,-68.57798,2020-09-30,n,
3707,-14.61812,-68.44494,2020-09-30,n,
3708,-14.57147,-68.71778,2020-09-30,n,
3709,-14.57097,-68.71326,2020-09-30,n,
3710,-14.57145,-68.71775,2020-09-30,n,
3711,-14.61763,-68.44043,2020-09-30,h,
3712,-14.62313,-68.43777,2020-09-30,n,
3713,-14.86279,-68.41158,2020-09-30,n,
3714,-14.57097,-68.7132,2020-09-30,n,
3715,-14.45861,-68.54242,2020-09-30,h,
3716,-14.45899,-68.54597,2020-09-30,n,
3717,-14.45749,-68.54182,2020-09-30,n,
3718,-14.57019,-68.71718,2020-10-01,n,
3719,-14.50006,-68.48305,2020-10-01,n,
3720,-14.24041,-68.54866,2020-10-01,n,
3721,-14.50149,-68.52197,2020-10-02,n,
3722,-14.50604,-68.51472,2020-10-02,n,
3723,-14.54127,-68.69598,2020-10-02,n,
3724,-14.54181,-68.69236,2020-10-02,n,
3725,-14.5452,-68.69289,2020-10-02,n,
3726,-14.54464,-68.69657,2020-10-02,n,
3727,-14.29045,-68.53308,2020-10-02,n,
3728,-14.46675,-68.5096,2020-10-02,n,
3729,-14.46585,-68.50978,2020-10-02,n,
3730,-14.49264,-68.49428,2020-10-02,n,
3731,-14.54132,-68.69756,2020-10-02,n,
3732,-14.50852,-68.51237,2020-10-02,n,
3733,-14.54471,-68.69318,2020-10-02,n,
3734,-14.52498,-68.51006,2020-10-02,n,
3735,-14.54685,-68.46635,2020-10-02,n,
3736,-14.55096,-68.46564,2020-10-02,n,
3737,-14.58056,-68.47261,2020-10-02,n,
3738,-14.5799,-68.46896,2020-10-02,n,
3739,-14.58557,-68.45342,2020-10-02,n,
3740,-14.58429,-68.44626,2020-10-02,n,
3741,-14.85708,-68.42464,2020-10-02,n,
3742,-15.14414,-68.22656,2020-10-02,n,
3743,-15.14349,-68.22289,2020-10-02,n,
3744,-14.24138,-68.53702,2020-10-03,n,
3745,-14.5652,-68.47951,2020-10-03,n,
3746,-14.95073,-68.24928,2020-10-03,l,
3747,-15.00067,-68.26654,2020-10-03,n,
3748,-15.03845,-68.4444,2020-10-03,n,
3749,-15.04285,-68.45089,2020-10-03,l,
3750,-15.04231,-68.44736,2020-10-03,n,
3751,-15.04177,-68.44384,2020-10-03,n,
3752,-15.02221,-68.25141,2020-10-03,l,
3753,-15.02774,-68.24303,2020-10-03,l,
3754,-15.03836,-68.28963,2020-10-03,l,
3755,-15.04113,-68.28546,2020-10-03,n,
3756,-15.07968,-68.23041,2020-10-03,l,
3757,-15.11647,-68.33537,2020-10-03,n,
3758,-15.11591,-68.33175,2020-10-03,n,
3759,-15.12811,-68.3445,2020-10-03,n,
3760,-15.10849,-68.21815,2020-10-03,l,
3761,-15.10683,-68.20741,2020-10-03,l,
3762,-15.14126,-68.23125,2020-10-03,l,
3763,-15.1407,-68.22765,2020-10-03,n,
3764,-15.02447,-68.27662,2020-10-04,n,
3765,-14.83391,-68.2451,2020-10-05,n,
3766,-14.28757,-68.53212,2020-10-05,n,
3767,-14.28714,-68.52838,2020-10-05,n,
3768,-14.31448,-68.53838,2020-10-05,h,
3769,-14.47674,-68.50533,2020-10-05,n,
3770,-14.47624,-68.50091,2020-10-05,l,
3771,-14.48147,-68.5009,2020-10-05,n,
3772,-14.97159,-68.24328,2020-10-05,n,
3773,-14.97126,-68.24057,2020-10-05,n,
3774,-14.9693,-68.24276,2020-10-05,n,
3775,-15.03193,-68.2915,2020-10-05,n,
3776,-15.0895,-68.33812,2020-10-05,n,
3777,-15.09181,-68.33748,2020-10-05,n,
3778,-15.09944,-68.22094,2020-10-05,h,
3779,-15.11961,-68.21618,2020-10-05,n,
3780,-15.25964,-67.89201,2020-10-05,n,
3781,-15.26035,-67.89603,2020-10-05,n,
3782,-14.47425,-68.50751,2020-10-06,n,
3783,-14.47163,-68.51017,2020-10-06,n,
3784,-14.31129,-68.49366,2020-10-06,n,
3785,-14.3104,-68.48505,2020-10-06,n,
3786,-14.31066,-68.49268,2020-10-06,n,
3787,-14.3098,-68.48371,2020-10-06,n,
3788,-14.49544,-68.52008,2020-10-06,n,
3789,-14.49492,-68.51495,2020-10-06,n,
3790,-14.56369,-68.84568,2020-10-06,n,
3791,-14.56313,-68.84008,2020-10-06,n,
3792,-14.49448,-68.52,2020-10-06,n,
3793,-14.49398,-68.51472,2020-10-06,n,
3794,-14.56762,-68.84406,2020-10-06,l,
3795,-14.56716,-68.83928,2020-10-06,n,
3796,-15.11368,-68.20439,2020-10-06,n,
3797,-15.11307,-68.20185,2020-10-06,n,
3798,-15.01062,-68.44512,2020-10-06,n,
3799,-15.01116,-68.44384,2020-10-06,n,
3800,-14.89077,-68.49684,2020-10-06,n,
3801,-15.14206,-68.22417,2020-10-06,n,
3802,-15.14301,-68.22861,2020-10-06,n,
3803,-15.13617,-68.22063,2020-10-06,n,
3804,-15.09593,-68.21311,2020-10-06,n,
3805,-14.95873,-68.40798,2020-10-06,n,
3806,-14.95979,-68.41292,2020-10-06,n,
3807,-14.9596,-68.41037,2020-10-06,h,
3808,-14.94047,-68.4411,2020-10-06,n,
3809,-14.87516,-68.55457,2020-10-06,n,
3810,-14.73399,-68.54849,2020-10-06,n,
3811,-14.71705,-68.55869,2020-10-06,n,
3812,-14.62788,-68.64855,2020-10-06,n,
3813,-14.62863,-68.65215,2020-10-06,n,
3814,-14.55279,-68.46986,2020-10-06,n,
3815,-14.47439,-68.49337,2020-10-06,n,
3816,-14.24471,-68.55105,2020-10-06,n,
3817,-14.24556,-68.54978,2020-10-06,n,
3818,-14.47545,-68.48037,2020-10-07,n,
3819,-14.47177,-68.48016,2020-10-07,n,
3820,-13.99971,-68.90293,2020-10-08,n,
3821,-14.24851,-68.5532,2020-10-08,n,
3822,-14.3265,-68.56068,2020-10-08,n,
3823,-14.33624,-68.55496,2020-10-08,n,
3824,-14.38408,-68.54313,2020-10-08,n,
3825,-14.38694,-68.53878,2020-10-08,n,
3826,-14.38754,-68.54255,2020-10-08,h,
3827,-14.38604,-68.54283,2020-10-08,l,
3828,-14.38542,-68.53905,2020-10-08,n,
3829,-14.39517,-68.53342,2020-10-08,n,
3830,-14.45808,-68.52684,2020-10-08,l,
3831,-14.4819,-68.63095,2020-10-08,n,
3832,-14.45455,-68.46081,2020-10-08,h,
3833,-14.45804,-68.46037,2020-10-08,n,
3834,-14.47586,-68.50484,2020-10-08,l,
3835,-14.47527,-68.50118,2020-10-08,l,
3836,-14.47177,-68.47944,2020-10-08,l,
3837,-14.47932,-68.50429,2020-10-08,l,
3838,-14.47578,-68.48231,2020-10-08,n,
3839,-14.49144,-68.51331,2020-10-08,n,
3840,-14.49016,-68.51393,2020-10-08,n,
3841,-14.51504,-68.51392,2020-10-08,l,
3842,-14.57658,-68.84985,2020-10-08,n,
3843,-14.5547,-68.49549,2020-10-08,n,
3844,-14.55818,-68.49503,2020-10-08,n,
3845,-14.56032,-68.48627,2020-10-08,l,
3846,-14.56378,-68.48568,2020-10-08,n,
3847,-14.65267,-68.67033,2020-10-08,n,
3848,-14.62007,-68.44807,2020-10-08,n,
3849,-14.61942,-68.44405,2020-10-08,n,
3850,-14.66029,-68.67372,2020-10-08,n,
3851,-14.65963,-68.66969,2020-10-08,n,
3852,-14.67701,-68.53652,2020-10-08,n,
3853,-14.67636,-68.53249,2020-10-08,l,
3854,-14.74555,-68.57207,2020-10-08,n,
3855,-14.80595,-68.52988,2020-10-08,n,
3856,-14.80938,-68.52919,2020-10-08,n,
3857,-14.89216,-68.52268,2020-10-08,l,
3858,-14.85149,-68.27084,2020-10-08,n,
3859,-14.91914,-68.47014,2020-10-08,l,
3860,-14.91814,-68.4707,2020-10-08,l,
3861,-14.93129,-68.46442,2020-10-08,l,
3862,-14.95541,-68.24084,2020-10-08,n,
3863,-15.01238,-68.16575,2020-10-08,n,
3864,-15.0378,-68.14566,2020-10-08,n,
3865,-15.08992,-68.24644,2020-10-08,n,
3866,-15.12807,-68.31644,2020-10-08,n,
3867,-15.14351,-68.2364,2020-10-08,n,
3868,-15.18886,-68.16318,2020-10-08,l,
3869,-14.99479,-68.1733,2020-10-09,l,
3870,-14.99413,-68.19335,2020-10-09,l,
3871,-15.00798,-68.46549,2020-10-09,n,
3872,-14.98877,-68.43049,2020-10-09,l,
3873,-14.90845,-68.40169,2020-10-09,n,
3874,-14.89674,-68.54596,2020-10-09,n,
3875,-14.89728,-68.54984,2020-10-09,n,
3876,-14.88582,-68.51915,2020-10-09,n,
3877,-14.8307,-68.51461,2020-10-09,n,
3878,-14.78268,-68.55416,2020-10-09,n,
3879,-14.73544,-68.54865,2020-10-09,l,
3880,-14.73778,-68.54748,2020-10-09,l,
3881,-14.73428,-68.54797,2020-10-09,l,
3882,-14.71463,-68.46056,2020-10-09,l,
3883,-14.71171,-68.46501,2020-10-09,n,
3884,-14.70469,-68.46576,2020-10-09,l,
3885,-14.61149,-68.4211,2020-10-09,n,
3886,-14.56554,-68.47282,2020-10-09,n,
3887,-14.55495,-68.4987,2020-10-09,l,
3888,-14.5664,-68.83864,2020-10-09,n,
3889,-14.96437,-68.43446,2020-10-09,n,
3890,-14.95256,-68.37547,2020-10-09,l,
3891,-14.48414,-68.48712,2020-10-09,l,
3892,-14.4689,-68.48002,2020-10-09,n,
3893,-14.46604,-68.48489,2020-10-09,l,
3894,-14.46913,-68.5318,2020-10-09,l,
3895,-14.46395,-68.52045,2020-10-09,l,
3896,-13.95832,-68.94969,2020-10-09,n,
3897,-14.07404,-68.84993,2020-10-09,l,
3898,-14.95937,-68.40308,2020-10-10,n,
3899,-14.95873,-68.39792,2020-10-10,n,
3900,-14.84454,-68.49427,2020-10-10,n,
3901,-14.88393,-68.40079,2020-10-10,n,
3902,-14.88333,-68.3958,2020-10-10,n,
3903,-15.02827,-68.3225,2020-10-10,n,
3904,-15.10607,-68.35043,2020-10-10,n,
3905,-14.59132,-68.52238,2020-10-10,n,
3906,-14.59541,-68.51722,2020-10-10,n,
3907,-14.59489,-68.51289,2020-10-10,n,
3908,-14.6674,-68.67912,2020-10-10,n,
3909,-14.66685,-68.67471,2020-10-10,n,
3910,-14.67266,-68.68308,2020-10-10,n,
3911,-14.67199,-68.67773,2020-10-10,n,
3912,-14.65416,-68.5346,2020-10-10,n,
3913,-14.72038,-68.46962,2020-10-10,n,
3914,-14.48472,-68.48642,2020-10-10,n,
3915,-14.48001,-68.48637,2020-10-10,n,
3916,-14.47378,-68.51273,2020-10-10,n,
3917,-14.4745,-68.51873,2020-10-10,n,
3918,-14.66529,-68.68247,2020-10-11,n,
3919,-14.68147,-68.5462,2020-10-11,n,
3920,-14.67093,-68.68122,2020-10-11,n,
3921,-14.67632,-68.68211,2020-10-11,n,
3922,-14.67675,-68.67847,2020-10-11,n,
3923,-14.66711,-68.68282,2020-10-11,n,
3924,-14.67278,-68.68119,2020-10-11,n,
3925,-14.6732,-68.67749,2020-10-11,n,
3926,-14.67817,-68.68212,2020-10-11,n,
3927,-14.6786,-68.67826,2020-10-11,n,
3928,-14.87213,-68.39997,2020-10-11,n,
3929,-14.87776,-68.39988,2020-10-11,n,
3930,-15.1482,-68.24053,2020-10-11,n,
3931,-15.14869,-68.2363,2020-10-11,n,
3932,-15.15189,-68.23969,2020-10-11,n,
3933,-15.15232,-68.2357,2020-10-11,n,
3934,-14.75142,-67.62557,2020-10-11,n,
3935,-14.23563,-68.05776,2020-10-11,n,
3936,-14.85408,-68.54886,2020-10-12,n,
3937,-14.66864,-68.68694,2020-10-12,n,
3938,-14.66964,-68.69222,2020-10-12,n,
3939,-14.66236,-68.68099,2020-10-12,n,
3940,-14.66364,-68.6877,2020-10-12,n,
3941,-14.66459,-68.69267,2020-10-12,n,
3942,-14.66557,-68.69782,2020-10-12,n,
3943,-14.65854,-68.68796,2020-10-12,n,
3944,-14.66424,-68.71777,2020-10-12,n,
3945,-14.59226,-68.45188,2020-10-12,h,
3946,-14.59284,-68.45487,2020-10-12,n,
3947,-14.49275,-68.47186,2020-10-12,h,
3948,-14.49358,-68.47618,2020-10-12,n,
3949,-14.49401,-68.4784,2020-10-12,n,
3950,-14.49316,-68.474,2020-10-12,l,
3951,-14.46647,-68.47149,2020-10-12,n,
3952,-14.47588,-68.51991,2020-10-12,n,
3953,-14.39689,-68.53688,2020-10-12,n,
3954,-14.26362,-68.04576,2020-10-12,n,
3955,-14.46216,-68.48016,2020-10-13,n,
3956,-14.46271,-68.47661,2020-10-13,n,
3957,-14.50875,-68.50903,2020-10-13,n,
3958,-14.65643,-68.69369,2020-10-13,n,
3959,-14.67299,-68.6746,2020-10-13,n,
3960,-14.67355,-68.67105,2020-10-13,n,
3961,-14.6741,-68.6675,2020-10-13,n,
3962,-14.67685,-68.67159,2020-10-13,n,
3963,-14.67741,-68.66805,2020-10-13,n,
3964,-14.6763,-68.67515,2020-10-13,n,
3965,-14.68016,-68.67214,2020-10-13,n,
3966,-14.68071,-68.66859,2020-10-13,n,
3967,-14.09162,-68.86265,2020-10-13,n,
3968,-14.09224,-68.86638,2020-10-13,n,
3969,-14.07211,-68.8817,2020-10-13,n,
3970,-14.49053,-68.51551,2020-10-23,n,
3971,-14.5133,-68.51143,2020-10-23,n,
3972,-15.01912,-68.1713,2020-10-24,n,
3973,-14.31101,-68.53858,2020-10-24,n,
3974,-14.73065,-67.61063,2020-10-24,n,
3975,-14.72488,-67.62041,2020-10-24,n,
3976,-14.69542,-67.59924,2020-10-24,n,
3977,-14.62379,-68.43484,2020-10-24,n,
3978,-14.61548,-68.42768,2020-10-24,n,
3979,-14.60851,-68.42873,2020-10-24,n,
3980,-14.60505,-68.42935,2020-10-24,n,
3981,-14.60032,-68.42229,2020-10-24,n,
3982,-14.6016,-68.43007,2020-10-24,n,
3983,-14.59688,-68.42304,2020-10-24,n,
3984,-14.58976,-68.43308,2020-10-24,n,
3985,-14.56865,-68.45698,2020-10-24,n,
3986,-14.56475,-68.47691,2020-10-24,n,
3987,-14.566,-68.48461,2020-10-24,n,
3988,-14.56039,-68.49399,2020-10-24,l,
3989,-14.55691,-68.49447,2020-10-24,l,
3990,-14.52978,-68.50277,2020-10-24,n,
3991,-14.51877,-68.50079,2020-10-24,n,
3992,-14.51372,-68.51345,2020-10-24,n,
3993,-14.47523,-68.50799,2020-10-24,n,
3994,-14.32393,-68.55231,2020-10-24,n,
3995,-15.20015,-68.15186,2020-10-24,n,
3996,-15.17067,-68.16918,2020-10-24,n,
3997,-15.14102,-68.20712,2020-10-24,n,
3998,-15.13667,-68.22431,2020-10-24,n,
3999,-13.99338,-68.93535,2020-10-24,n,
4000,-13.95988,-68.96775,2020-10-24,n,
4001,-13.95642,-68.96814,2020-10-24,n,
4002,-14.30586,-68.53861,2020-10-25,n,
4003,-15.04457,-68.43802,2020-10-25,n,
4004,-14.3081,-68.53763,2020-10-25,n,
4005,-14.30983,-68.53811,2020-10-25,n,
4006,-14.31621,-68.53284,2020-10-25,n,
4007,-14.61935,-68.44301,2020-10-25,l,
4008,-14.62509,-68.42151,2020-10-25,n,
4009,-14.63951,-68.49917,2020-10-25,n,
4010,-14.62651,-68.6935,2020-10-26,n,
4011,-14.56102,-68.46301,2020-10-26,n,
4012,-14.56006,-68.49426,2020-10-26,n,
4013,-14.56153,-68.46184,2020-10-26,n,
4014,-14.53184,-68.48647,2020-10-26,n,
4015,-14.52931,-68.50373,2020-10-26,n,
4016,-14.52051,-68.4707,2020-10-26,n,
4017,-14.5033,-68.48299,2020-10-26,n,
4018,-14.30935,-68.53382,2020-10-26,n,
4019,-15.12921,-68.34571,2020-10-26,n,
4020,-14.98445,-68.22854,2020-10-26,n,
4021,-14.92755,-68.44862,2020-10-26,n,
4022,-14.92818,-68.45379,2020-10-26,l,
4023,-14.86888,-68.38951,2020-10-26,n,
4024,-14.62299,-68.34737,2020-10-28,n,
4025,-14.62238,-68.34428,2020-10-28,h,
4026,-14.84285,-68.28052,2020-10-28,n,
4027,-14.32475,-68.5595,2020-10-28,n,
4028,-14.50095,-68.51087,2020-10-28,n,
4029,-14.61162,-68.43977,2020-10-28,n,
4030,-14.62564,-68.34762,2020-10-28,n,
4031,-14.62507,-68.34459,2020-10-28,h,
4032,-14.30952,-68.53458,2020-10-28,n,
4033,-15.19992,-67.67324,2020-11-04,n,
4034,-15.20052,-67.67703,2020-11-04,l,
4035,-14.92779,-68.35812,2020-11-04,n,
4036,-14.77679,-67.41827,2020-11-04,n,
4037,-14.92392,-68.35515,2020-11-04,n,
4038,-14.92004,-68.35217,2020-11-04,l,
4039,-14.88861,-68.50095,2020-11-04,n,
4040,-14.8253,-68.30901,2020-11-04,n,
4041,-14.62254,-68.44619,2020-11-04,l,
4042,-14.61087,-68.43694,2020-11-04,n,
4043,-14.60478,-68.44165,2020-11-04,n,
4044,-14.59425,-68.43975,2020-11-04,n,
4045,-14.58052,-68.52692,2020-11-04,n,
4046,-14.50223,-68.5693,2020-11-04,n,
4047,-14.38867,-68.55879,2020-11-04,n,
4048,-13.98228,-68.91591,2020-11-04,n,
4049,-13.9839,-68.92648,2020-11-04,n,
4050,-14.28701,-68.54121,2020-11-05,n,
4051,-14.52158,-68.50937,2020-11-05,n,
4052,-14.52193,-68.50694,2020-11-05,n,
4053,-14.59605,-68.5445,2020-11-05,l,
4054,-14.59979,-68.54374,2020-11-05,l,
4055,-14.58414,-68.42871,2020-11-05,n,
4056,-14.64923,-68.6236,2020-11-05,n,
4057,-14.62973,-68.42043,2020-11-05,n,
4058,-14.79978,-68.54053,2020-11-05,n,
4059,-14.91077,-68.47866,2020-11-05,n,
4060,-14.91456,-68.47823,2020-11-05,n,
4061,-15.07869,-68.32211,2020-11-05,n,
4062,-15.1038,-68.226,2020-11-05,n,
4063,-14.54772,-68.45546,2020-11-06,n,
4064,-14.8351,-68.506,2020-11-06,n,
4065,-15.08556,-67.71043,2020-11-06,n,
4066,-15.09045,-67.70962,2020-11-06,n,
4067,-15.08744,-67.70831,2020-11-06,n,
4068,-15.15895,-67.68152,2020-11-06,n,
4069,-15.15832,-67.67629,2020-11-06,n,
4070,-14.5841,-68.54096,2020-11-06,h,
4071,-15.19694,-68.15443,2020-11-07,n,
4072,-15.19775,-68.15823,2020-11-07,n,
4073,-15.19855,-68.15159,2020-11-07,n,
4074,-15.19936,-68.15545,2020-11-07,n,
4075,-15.31533,-68.0554,2020-11-08,n,
4076,-14.38678,-68.54774,2020-11-08,n,
4077,-14.39134,-68.5469,2020-11-08,n,
4078,-14.47925,-68.51072,2020-11-08,n,
4079,-14.47857,-68.50698,2020-11-08,n,
4080,-14.71538,-67.60638,2020-11-08,n,
4081,-14.73088,-67.60904,2020-11-08,n,
4082,-15.04876,-68.45072,2020-11-08,n,
4083,-15.04995,-68.45252,2020-11-08,n,
4084,-15.0491,-68.44804,2020-11-08,n,
4085,-15.13307,-68.21586,2020-11-09,n,
4086,-15.13365,-68.21224,2020-11-09,n,
4087,-15.31183,-68.0532,2020-11-09,n,
4088,-14.89082,-68.53819,2020-11-09,n,
4089,-14.2502,-68.61035,2020-11-11,n,
4090,-14.24917,-68.60867,2020-11-11,n,
4091,-14.25378,-68.60795,2020-11-11,n,
4092,-14.65427,-68.45128,2020-11-11,n,
4093,-14.31988,-68.5173,2020-11-13,n,
4094,-14.32049,-68.52037,2020-11-13,n,
4095,-14.32213,-68.51843,2020-11-13,n,
4096,-14.32274,-68.52167,2020-11-13,n,
4097,-14.31699,-68.51907,2020-11-13,h,
4098,-14.31758,-68.52219,2020-11-13,n,
4099,-14.25077,-68.53092,2020-11-13,n,
4100,-14.79965,-68.50132,2020-11-15,n,
4101,-14.79632,-68.50187,2020-11-15,n,
4102,-14.49616,-68.44292,2020-11-15,n,
4103,-14.4695,-68.46927,2020-11-15,n,
4104,-14.47002,-68.47282,2020-11-15,n,
4105,-14.46724,-68.47697,2020-11-15,n,
4106,-14.46818,-68.5293,2020-11-15,n,
4107,-14.44295,-68.47375,2020-11-15,n,
4108,-14.43963,-68.47426,2020-11-15,n,
4109,-14.4363,-68.47476,2020-11-15,n,
4110,-14.46633,-68.47285,2020-11-16,n,
4111,-14.4657,-68.47599,2020-11-16,n,
4112,-15.12186,-68.22234,2020-11-17,n,
4113,-13.98992,-68.96402,2020-11-23,n,
4114,-14.30871,-68.53661,2020-11-23,n,
4115,-14.30773,-68.53187,2020-11-23,n,
4116,-14.31729,-68.51568,2020-11-23,n,
4117,-14.32357,-68.51482,2020-11-23,n,
4118,-14.32985,-68.51398,2020-11-23,n,
4119,-14.30617,-68.53303,2020-11-23,h,
4120,-14.32825,-68.51542,2020-11-23,n,
4121,-14.73469,-68.33201,2020-11-24,n,
4122,-14.73411,-68.33609,2020-11-24,n,
4123,-14.73038,-68.33582,2020-11-24,n,
4124,-14.59561,-68.54866,2020-11-24,n,
4125,-14.41824,-68.48483,2020-11-24,n,
4126,-14.54676,-68.45695,2020-11-24,n,
4127,-14.73683,-68.33221,2020-11-24,n,
4128,-14.7354,-68.3298,2020-11-24,n,
4129,-14.83028,-68.4313,2020-11-24,n,
4130,-14.86974,-68.56963,2020-11-24,n,
4131,-14.69474,-67.5685,2020-11-24,n,
4132,-14.74463,-67.62875,2020-11-24,n,
4133,-14.94022,-68.46355,2020-11-24,n,
4134,-14.94611,-68.36723,2020-11-24,n,
4135,-14.94511,-68.36365,2020-11-24,l,
4136,-14.98054,-68.32545,2020-11-24,n,
4137,-14.97963,-68.32065,2020-11-24,n,
4138,-14.98417,-68.31953,2020-11-24,n,
4139,-15.09218,-68.31526,2020-11-24,h,
4140,-15.13525,-68.21468,2020-11-24,n,
4141,-15.13434,-68.20973,2020-11-24,n,
4142,-15.13361,-68.21178,2020-11-24,n,
4143,-15.13805,-68.21009,2020-11-24,l,
4144,-14.32605,-68.51263,2020-11-24,n,
4145,-14.00402,-68.94333,2020-11-24,n,
4146,-14.54694,-68.45564,2020-11-24,n,
4147,-14.44161,-68.47544,2020-11-24,n,
4148,-14.40109,-68.56242,2020-11-24,n,
4149,-14.32562,-68.51299,2020-11-24,n,
4150,-14.4694,-68.47395,2020-11-25,n,
4151,-14.59362,-68.54788,2020-11-25,n,
4152,-14.92318,-68.40174,2020-11-25,n,
4153,-15.10065,-68.2942,2020-11-25,n,
4154,-15.10328,-68.29469,2020-11-25,n,
4155,-15.13385,-68.20533,2020-11-25,n,
4156,-15.03797,-67.7305,2020-11-25,n,
4157,-15.00541,-68.45673,2020-11-25,n,
4158,-15.00603,-68.46054,2020-11-25,n,
4159,-14.82745,-67.4099,2020-11-25,n,
4160,-15.00259,-68.46124,2020-11-25,n,
4161,-14.49165,-68.4874,2020-11-25,n,
4162,-14.42181,-68.48419,2020-11-25,l,
4163,-14.67189,-68.71008,2020-11-25,n,
4164,-14.56527,-68.49057,2020-11-25,n,
4165,-14.33413,-68.54843,2020-11-25,n,
4166,-14.32502,-68.514,2020-11-25,n,
4167,-14.30982,-68.50841,2020-11-25,n,
4168,-14.94678,-68.45884,2020-11-25,n,
4169,-14.83518,-68.50634,2020-11-25,l,
4170,-14.62099,-68.60841,2020-11-26,n,
4171,-14.65957,-67.57046,2020-11-27,n,
4172,-15.06574,-68.06176,2020-11-30,n,
4173,-15.05673,-67.73681,2020-12-02,n,
4174,-15.05605,-67.73162,2020-12-02,n,
4175,-15.0607,-67.73623,2020-12-02,n,
4176,-14.66446,-67.51078,2020-12-11,n,
4177,-14.57739,-68.53147,2020-12-12,n,
4178,-14.79208,-68.55616,2020-12-13,n,
4179,-15.16203,-67.67535,2020-12-17,n,
4180,-15.16257,-67.67891,2020-12-17,n,
4181,-14.30766,-68.53506,2020-12-17,n,
4182,-15.05487,-68.27943,2020-12-19,h,
4183,-14.98246,-68.32439,2020-12-19,n,
4184,-14.95489,-68.33421,2020-12-19,n,
4185,-14.33008,-68.54536,2020-12-19,n,
4186,-14.3274,-68.54363,2020-12-19,n,
4187,-15.05143,-68.31839,2020-12-21,n,
4188,-14.89414,-68.33871,2021-01-11,n,2021
4189,-14.79757,-68.33048,2021-01-11,n,2021
4190,-14.79853,-68.33555,2021-01-11,l,2021
4191,-14.56086,-68.38835,2021-01-12,n,2021
4192,-14.5574,-68.38903,2021-01-12,n,2021
4193,-14.55805,-68.39297,2021-01-12,l,2021
4194,-14.55947,-68.38808,2021-01-12,n,2021
4195,-14.56011,-68.39205,2021-01-12,n,2021
4196,-14.556,-68.38876,2021-01-12,n,2021
4197,-14.55663,-68.39268,2021-01-12,n,2021
4198,-14.28173,-68.54515,2021-01-12,n,2021
4199,-13.99157,-68.93526,2021-01-12,n,2021
4200,-14.38663,-67.94668,2021-03-10,n,2021
4201,-15.19882,-68.17085,2021-03-11,n,2021
4202,-14.88817,-68.54386,2021-03-11,n,2021
4203,-14.45635,-68.61699,2021-03-12,n,2021
4204,-14.88977,-68.3715,2021-04-16,n,2021
4205,-14.70333,-68.25793,2021-04-22,n,2021
4206,-14.57125,-68.48232,2021-05-04,n,2021
4207,-15.09153,-67.69842,2021-05-04,n,2021
4208,-14.67252,-68.33785,2021-05-09,n,2021
4209,-14.67244,-68.3464,2021-05-10,n,2021
4210,-14.66861,-68.3459,2021-05-10,n,2021
4211,-14.66943,-68.34119,2021-05-10,n,2021
4212,-14.67043,-68.34224,2021-05-10,l,2021
4213,-14.66764,-68.34635,2021-05-10,n,2021
4214,-14.74724,-68.32972,2021-05-11,n,2021
4215,-14.63582,-68.58056,2021-05-11,n,2021
4216,-14.47194,-68.49213,2021-05-15,n,2021
4217,-14.96093,-68.25391,2021-05-25,n,2021
4218,-14.7563,-68.3178,2021-05-27,n,2021
4219,-14.81301,-68.39262,2021-05-28,n,2021
4220,-14.81065,-68.39355,2021-05-28,n,2021
4221,-14.83268,-68.38617,2021-05-28,n,2021
4222,-14.83225,-68.38224,2021-05-28,n,2021
4223,-14.64109,-68.33712,2021-05-30,n,2021
4224,-14.64183,-68.34119,2021-05-30,n,2021
4225,-14.79618,-68.20813,2021-06-20,n,2021
4226,-14.68207,-68.27918,2021-06-30,n,2021
4227,-14.68131,-68.27546,2021-06-30,n,2021
4228,-14.67757,-68.29388,2021-07-01,n,2021
4229,-14.67791,-68.29378,2021-07-01,n,2021
4230,-14.68287,-68.29729,2021-07-01,n,2021
4231,-14.78972,-68.34323,2021-07-02,n,2021
4232,-14.78557,-68.3466,2021-07-02,n,2021
4233,-14.7878,-68.27999,2021-07-06,n,2021
4234,-14.69883,-68.28755,2021-07-07,l,2021
4235,-14.67548,-68.32751,2021-07-09,n,2021
4236,-14.67603,-68.33202,2021-07-09,n,2021
4237,-15.1108,-68.31685,2021-07-10,n,2021
4238,-14.84826,-68.38627,2021-07-12,n,2021
4239,-14.6037,-68.65705,2021-07-23,n,2021
4240,-14.95129,-68.27621,2021-07-24,l,2021
4241,-14.9268,-68.41827,2021-07-24,n,2021
4242,-14.55119,-68.40896,2021-07-24,n,2021
4243,-14.53099,-68.59935,2021-07-26,n,2021
4244,-15.19623,-67.67606,2021-08-05,n,2021
4245,-14.57227,-68.40459,2021-08-05,n,2021
4246,-14.56513,-68.3871,2021-08-05,n,2021
4247,-14.56547,-68.38999,2021-08-05,n,2021
4248,-15.03757,-68.25584,2021-08-06,n,2021
4249,-15.03414,-68.44672,2021-08-07,n,2021
4250,-14.87517,-68.4325,2021-08-07,n,2021
4251,-14.78754,-68.41788,2021-08-07,n,2021
4252,-14.65264,-68.33254,2021-08-08,n,2021
4253,-14.89464,-68.53838,2021-08-09,n,2021
4254,-14.70469,-68.30769,2021-08-09,n,2021
4255,-14.70524,-68.31156,2021-08-09,n,2021
4256,-14.70488,-68.30716,2021-08-09,n,2021
4257,-14.70544,-68.31102,2021-08-09,n,2021
4258,-14.66019,-68.33758,2021-08-09,l,2021
4259,-14.80019,-68.39515,2021-08-10,n,2021
4260,-14.78099,-68.42611,2021-08-10,n,2021
4261,-14.58592,-68.30926,2021-08-12,n,2021
4262,-14.58082,-68.31071,2021-08-12,h,2021
4263,-14.85572,-68.39304,2021-08-14,n,2021
4264,-14.79817,-68.21664,2021-08-15,n,2021
4265,-14.84476,-68.35393,2021-08-15,n,2021
4266,-15.19157,-67.68265,2021-08-15,n,2021
4267,-15.18707,-67.67877,2021-08-15,n,2021
4268,-14.85413,-68.35361,2021-08-16,n,2021
4269,-15.20524,-68.16286,2021-08-17,n,2021
4270,-14.90452,-68.33891,2021-08-17,n,2021
4271,-14.8716,-68.55529,2021-08-18,n,2021
4272,-14.98532,-68.27239,2021-08-18,n,2021
4273,-14.98463,-68.26852,2021-08-18,n,2021
4274,-14.98945,-68.27125,2021-08-18,n,2021
4275,-14.98877,-68.26745,2021-08-18,n,2021
4276,-15.11791,-68.06858,2021-08-18,n,2021
4277,-15.12216,-68.06782,2021-08-18,n,2021
4278,-15.14148,-67.67262,2021-08-19,n,2021
4279,-15.05572,-68.05558,2021-08-19,n,2021
4280,-15.05405,-68.05619,2021-08-19,n,2021
4281,-14.97166,-68.26878,2021-08-19,n,2021
4282,-14.83764,-68.52242,2021-08-19,n,2021
4283,-14.78427,-68.41637,2021-08-19,n,2021
4284,-14.78093,-68.41692,2021-08-19,n,2021
4285,-14.43663,-68.67117,2021-08-19,n,2021
4286,-14.95689,-68.33804,2021-08-20,n,2021
4287,-15.16061,-67.67838,2021-08-20,n,2021
4288,-14.59607,-68.47118,2021-08-20,n,2021
4289,-14.74872,-68.45168,2021-08-20,l,2021
4290,-14.74042,-68.41805,2021-08-21,n,2021
4291,-14.80481,-68.48547,2021-08-21,n,2021
4292,-14.8103,-68.48836,2021-08-21,h,2021
4293,-14.64165,-68.3208,2021-08-24,n,2021
4294,-14.6389,-68.31665,2021-08-24,n,2021
4295,-15.16197,-67.67785,2021-08-24,n,2021
4296,-15.05765,-67.70386,2021-08-24,n,2021
4297,-14.95157,-68.31204,2021-08-24,n,2021
4298,-14.72712,-67.61137,2021-08-24,n,2021
4299,-15.02451,-68.15427,2021-08-25,n,2021
4300,-14.91997,-68.30215,2021-08-25,n,2021
4301,-14.91525,-68.31825,2021-08-25,n,2021
4302,-14.81552,-68.5033,2021-08-25,n,2021
4303,-14.76131,-68.46066,2021-08-25,n,2021
4304,-14.70428,-68.55631,2021-08-25,n,2021
4305,-14.81587,-68.44789,2021-08-26,n,2021
4306,-14.5396,-68.55321,2021-08-26,n,2021
4307,-14.87033,-67.69263,2021-08-30,n,2021
4308,-14.72844,-67.61719,2021-08-31,n,2021
4309,-14.72455,-67.61772,2021-08-31,n,2021
4310,-14.61661,-68.16315,2021-09-01,n,2021
4311,-14.97096,-68.23787,2021-09-01,n,2021
4312,-15.05645,-68.22872,2021-09-02,h,2021
4313,-14.97117,-68.34489,2021-09-03,n,2021
4314,-14.97177,-68.34074,2021-09-03,n,2021
4315,-14.96368,-68.34764,2021-09-03,n,2021
4316,-14.06973,-68.87302,2021-09-03,n,2021
4317,-14.06911,-68.86942,2021-09-03,n,2021
4318,-14.07268,-68.87286,2021-09-03,n,2021
4319,-14.07204,-68.86926,2021-09-03,n,2021
4320,-14.83661,-68.55508,2021-09-03,n,2021
4321,-14.83592,-68.5512,2021-09-03,n,2021
4322,-14.68688,-67.59554,2021-09-03,n,2021
4323,-14.86209,-68.55444,2021-09-03,n,2021
4324,-14.69128,-67.59465,2021-09-03,n,2021
4325,-14.96516,-68.34657,2021-09-03,n,2021
4326,-15.04393,-68.27961,2021-09-03,n,2021
4327,-15.04882,-68.25821,2021-09-03,n,2021
4328,-15.04458,-68.28001,2021-09-03,n,2021
4329,-14.79501,-68.44537,2021-09-04,n,2021
4330,-14.88812,-68.54425,2021-09-04,n,2021
4331,-15.18598,-68.16572,2021-09-04,n,2021
4332,-15.16226,-67.67763,2021-09-04,n,2021
4333,-14.69221,-67.59001,2021-09-06,n,2021
4334,-15.11894,-68.34577,2021-09-06,n,2021
4335,-15.12309,-68.34435,2021-09-06,n,2021
4336,-14.249,-68.54062,2021-09-07,n,2021
4337,-14.81846,-68.32218,2021-09-07,n,2021
4338,-14.94374,-68.31015,2021-09-08,n,2021
4339,-14.72319,-67.61333,2021-09-08,n,2021
4340,-14.69336,-67.58981,2021-09-08,n,2021
4341,-14.56829,-68.42245,2021-09-08,n,2021
4342,-14.42831,-68.66366,2021-09-08,h,2021
4343,-14.42905,-68.66763,2021-09-08,n,2021
4344,-14.58404,-68.32056,2021-09-09,n,2021
4345,-14.58072,-68.31995,2021-09-09,n,2021
4346,-14.58014,-68.32359,2021-09-09,n,2021
4347,-15.08337,-68.32709,2021-09-09,n,2021
4348,-14.8715,-68.40558,2021-09-09,n,2021
4349,-14.73773,-68.494,2021-09-09,n,2021
4350,-14.7384,-68.49807,2021-09-09,n,2021
4351,-14.65356,-68.51299,2021-09-09,n,2021
4352,-14.77379,-68.3886,2021-09-11,n,2021
4353,-14.70621,-67.60664,2021-09-13,n,2021
4354,-14.3929,-68.54951,2021-09-16,n,2021
4355,-15.03733,-68.36156,2021-09-17,n,2021
4356,-14.84304,-68.26682,2021-09-17,n,2021
4357,-14.54541,-68.60854,2021-09-17,n,2021
4358,-14.49953,-68.50211,2021-09-17,n,2021
4359,-14.50006,-68.50709,2021-09-17,n,2021
4360,-14.5019,-68.50521,2021-09-17,h,2021
4361,-14.50242,-68.50966,2021-09-17,n,2021
4362,-14.89049,-68.4989,2021-09-18,n,2021
4363,-15.02118,-68.28207,2021-09-18,h,2021
4364,-15.0256,-68.28175,2021-09-18,h,2021
4365,-15.01998,-68.28325,2021-09-18,n,2021
4366,-14.92221,-68.29831,2021-09-18,n,2021
4367,-14.6448,-68.6299,2021-09-18,n,2021
4368,-14.82232,-68.46157,2021-09-19,n,2021
4369,-15.11172,-68.22926,2021-09-19,n,2021
4370,-14.80729,-68.3027,2021-09-19,n,2021
4371,-14.65189,-68.50518,2021-09-19,n,2021
4372,-14.99069,-68.17117,2021-09-20,n,2021
4373,-15.01104,-68.17855,2021-09-20,n,2021
4374,-15.04312,-68.22947,2021-09-20,n,2021
4375,-15.04647,-68.22892,2021-09-20,l,2021
4376,-15.12707,-68.34983,2021-09-20,n,2021
4377,-14.70383,-68.54799,2021-09-23,n,2021
4378,-14.73935,-67.60799,2021-09-23,h,2021
4379,-14.73943,-67.61191,2021-09-23,n,2021
4380,-14.73889,-67.60632,2021-09-23,n,2021
4381,-15.13506,-68.33393,2021-09-24,n,2021
4382,-15.13394,-68.32809,2021-09-24,n,2021
4383,-15.12904,-68.22653,2021-09-24,n,2021
4384,-15.03565,-68.30672,2021-09-24,n,2021
4385,-14.91799,-68.40457,2021-09-24,n,2021
4386,-14.91703,-68.40648,2021-09-24,n,2021
4387,-14.15229,-68.83776,2021-09-24,n,2021
4388,-15.10038,-68.21889,2021-09-25,n,2021
4389,-15.02624,-68.23174,2021-09-25,l,2021
4390,-15.02687,-68.23561,2021-09-25,l,2021
4391,-14.99289,-68.1832,2021-09-25,n,2021
4392,-14.99001,-68.18771,2021-09-25,n,2021
4393,-14.93914,-68.31915,2021-09-25,n,2021
4394,-14.93496,-68.31562,2021-09-25,n,2021
4395,-14.86072,-68.5496,2021-09-25,n,2021
4396,-14.83136,-68.56673,2021-09-25,n,2021
4397,-14.79404,-68.56583,2021-09-25,n,2021
4398,-14.79056,-68.56643,2021-09-25,n,2021
4399,-14.64961,-68.3894,2021-09-25,n,2021
4400,-14.67051,-68.73918,2021-09-25,n,2021
4401,-14.61967,-68.58008,2021-09-25,n,2021
4402,-14.6162,-68.58073,2021-09-25,n,2021
4403,-14.48128,-68.46455,2021-09-25,n,2021
4404,-15.32506,-68.06154,2021-09-26,n,2021
4405,-15.08753,-68.33261,2021-09-26,n,2021
4406,-15.08409,-68.33316,2021-09-26,l,2021
4407,-15.04954,-68.25879,2021-09-26,n,2021
4408,-15.01572,-68.46609,2021-09-26,n,2021
4409,-14.78068,-67.41727,2021-09-26,n,2021
4410,-14.83672,-68.55542,2021-09-26,n,2021
4411,-14.68436,-68.51759,2021-09-26,l,2021
4412,-14.68091,-68.51817,2021-09-26,n,2021
4413,-14.67746,-68.51871,2021-09-26,n,2021
4414,-14.64221,-68.6348,2021-09-26,n,2021
4415,-14.54603,-68.54553,2021-09-26,l,2021
4416,-14.54659,-68.5494,2021-09-26,l,2021
4417,-14.5426,-68.54621,2021-09-26,n,2021
4418,-14.83325,-68.55594,2021-09-26,l,2021
4419,-14.81266,-68.51053,2021-09-26,l,2021
4420,-14.80921,-68.51112,2021-09-26,n,2021
4421,-14.50046,-68.57269,2021-09-26,n,2021
4422,-14.49698,-68.57306,2021-09-26,n,2021
4423,-14.15551,-68.84122,2021-09-26,n,2021
4424,-15.09393,-68.3159,2021-09-27,n,2021
4425,-15.15735,-67.68064,2021-09-28,n,2021
4426,-14.80332,-68.46405,2021-09-29,n,2021
4427,-14.79775,-68.46265,2021-09-29,n,2021
4428,-14.76286,-68.41959,2021-09-29,h,2021
4429,-14.7775,-68.49493,2021-09-29,n,2021
4430,-14.66066,-68.72234,2021-09-29,n,2021
4431,-14.66211,-68.72295,2021-09-29,n,2021
4432,-14.30221,-68.55582,2021-09-29,n,2021
4433,-14.29925,-68.55664,2021-09-30,n,2021
4434,-15.15643,-67.67967,2021-09-30,n,2021
4435,-14.66945,-68.5553,2021-09-30,n,2021
4436,-14.66615,-68.55476,2021-09-30,n,2021
4437,-14.67182,-68.25603,2021-09-30,n,2021
4438,-14.67128,-68.25955,2021-09-30,n,2021
4439,-14.66796,-68.25902,2021-09-30,n,2021
4440,-14.6685,-68.2555,2021-09-30,n,2021
4441,-14.77962,-68.52554,2021-09-30,n,2021
4442,-14.78335,-68.52469,2021-09-30,n,2021
4443,-14.83699,-68.56766,2021-09-30,n,2021
4444,-14.61522,-68.45036,2021-09-30,l,2021
4445,-14.64182,-68.60377,2021-09-30,n,2021
4446,-14.59462,-68.48811,2021-09-30,l,2021
4447,-14.6668,-68.54659,2021-09-30,n,2021
4448,-14.65952,-68.39011,2021-09-30,n,2021
4449,-14.90449,-68.5433,2021-10-01,n,2021
4450,-14.87285,-68.55934,2021-10-01,n,2021
4451,-14.86953,-68.5599,2021-10-01,n,2021
4452,-14.79097,-68.50982,2021-10-01,n,2021
4453,-14.58935,-68.70428,2021-10-01,n,2021
4454,-14.25967,-68.04168,2021-10-01,n,2021
4455,-14.67117,-68.54707,2021-10-01,n,2021
4456,-14.62048,-68.57048,2021-10-01,n,2021
4457,-14.29854,-68.55449,2021-10-02,n,2021
4458,-14.6251,-68.45494,2021-10-02,n,2021
4459,-14.62445,-68.45512,2021-10-02,n,2021
4460,-14.62569,-68.36669,2021-10-02,n,2021
4461,-14.62521,-68.36295,2021-10-02,n,2021
4462,-14.62976,-68.36613,2021-10-02,n,2021
4463,-14.62929,-68.36253,2021-10-02,n,2021
4464,-14.87894,-68.50277,2021-10-02,n,2021
4465,-14.90718,-68.49436,2021-10-02,n,2021
4466,-14.94552,-68.43601,2021-10-02,n,2021
4467,-14.94502,-68.43223,2021-10-02,n,2021
4468,-14.9443,-68.43295,2021-10-02,n,2021
4469,-14.9484,-68.43233,2021-10-02,n,2021
4470,-14.86228,-67.85176,2021-10-03,n,2021
4471,-14.86057,-67.85983,2021-10-03,n,2021
4472,-14.86608,-67.85265,2021-10-03,n,2021
4473,-14.86817,-67.84313,2021-10-03,n,2021
4474,-14.86366,-67.86371,2021-10-03,n,2021
4475,-14.87246,-67.85507,2021-10-03,n,2021
4476,-14.87427,-67.84679,2021-10-03,h,2021
4477,-14.87748,-67.84933,2021-10-03,n,2021
4478,-14.87797,-67.8447,2021-10-03,n,2021
4479,-14.86525,-67.8419,2021-10-03,n,2021
4480,-14.86482,-67.84604,2021-10-03,n,2021
4481,-14.87076,-67.85142,2021-10-03,h,2021
4482,-14.87115,-67.84773,2021-10-03,n,2021
4483,-14.8718,-67.84151,2021-10-03,n,2021
4484,-14.88182,-67.84262,2021-10-03,h,2021
4485,-14.88232,-67.84705,2021-10-03,n,2021
4486,-14.86605,-67.84898,2021-10-03,n,2021
4487,-14.58858,-68.52057,2021-10-03,n,2021
4488,-14.58304,-68.52219,2021-10-03,n,2021
4489,-14.85886,-67.85548,2021-10-04,n,2021
4490,-15.11572,-68.22018,2021-10-06,n,2021
4491,-15.11236,-68.22064,2021-10-06,n,2021
4492,-14.68554,-67.56627,2021-10-08,n,2021
4493,-14.07482,-68.85249,2021-10-09,n,2021
4494,-14.07335,-68.84941,2021-10-09,n,2021
4495,-14.24716,-68.54575,2021-10-09,n,2021
4496,-14.25097,-68.54543,2021-10-09,n,2021
4497,-14.24726,-68.54723,2021-10-10,n,2021
4498,-14.97149,-68.2253,2021-10-10,n,2021
4499,-14.83093,-68.31129,2021-10-10,n,2021
4500,-14.77405,-68.27968,2021-10-10,n,2021
4501,-14.63452,-68.39694,2021-10-10,n,2021
4502,-14.63184,-68.53443,2021-10-10,n,2021
4503,-14.62652,-68.53141,2021-10-10,n,2021
4504,-14.63194,-68.5321,2021-10-10,n,2021
4505,-14.62749,-68.53377,2021-10-10,n,2021
4506,-14.29018,-68.53467,2021-10-11,n,2021
4507,-14.23874,-68.57868,2021-10-13,n,2021
4508,-14.2797,-68.53513,2021-10-13,n,2021
4509,-14.23768,-68.06117,2021-10-13,n,2021
4510,-14.23711,-68.05681,2021-10-13,n,2021
4511,-14.30368,-68.5417,2021-10-13,n,2021
4512,-14.30303,-68.53656,2021-10-13,n,2021
4513,-14.30417,-68.53939,2021-10-13,n,2021
4514,-14.57885,-68.73219,2021-10-13,n,2021
4515,-14.57825,-68.7272,2021-10-13,n,2021
4516,-14.54217,-68.35441,2021-10-13,n,2021
4517,-14.54164,-68.35006,2021-10-13,n,2021
4518,-14.56319,-68.48818,2021-10-13,n,2021
4519,-14.60522,-68.41751,2021-10-13,n,2021
4520,-14.70508,-68.25195,2021-10-13,n,2021
4521,-14.70327,-68.25487,2021-10-13,n,2021
4522,-14.70266,-68.24982,2021-10-13,n,2021
4523,-15.03442,-68.27296,2021-10-13,n,2021
4524,-15.03544,-68.2698,2021-10-13,n,2021
4525,-14.2391,-68.58303,2021-10-14,n,2021
4526,-14.55898,-68.04324,2021-10-15,n,2021
4527,-14.55949,-68.03954,2021-10-15,n,2021
4528,-14.56123,-68.03929,2021-10-15,n,2021
4529,-15.08511,-68.22753,2021-10-15,n,2021
4530,-14.75189,-68.33295,2021-10-15,n,2021
4531,-14.74629,-68.33158,2021-10-15,n,2021
4532,-14.74677,-68.33409,2021-10-15,n,2021
4533,-14.63654,-68.65244,2021-10-15,n,2021
4534,-14.63609,-68.65014,2021-10-15,l,2021
4535,-14.51274,-68.46575,2021-10-15,n,2021
4536,-14.51317,-68.46797,2021-10-15,n,2021
4537,-14.51463,-68.47546,2021-10-15,n,2021
4538,-14.51516,-68.47817,2021-10-15,n,2021
4539,-14.45782,-68.52354,2021-10-15,h,2021
4540,-14.45838,-68.52647,2021-10-15,n,2021
4541,-14.24543,-68.54665,2021-10-15,n,2021
4542,-14.24604,-68.54985,2021-10-15,n,2021
4543,-14.49442,-68.47638,2021-10-16,n,2021
4544,-14.49497,-68.47285,2021-10-16,n,2021
4545,-14.54083,-68.48914,2021-10-16,n,2021
4546,-14.54158,-68.49352,2021-10-16,n,2021
4547,-14.442,-68.52412,2021-10-16,n,2021
4548,-14.60574,-68.44427,2021-10-21,n,2021
4549,-14.79341,-68.50411,2021-10-21,n,2021
4550,-14.76044,-67.6059,2021-10-21,n,2021
4551,-14.6443,-67.51655,2021-10-21,n,2021
4552,-14.52691,-68.45464,2021-10-21,n,2021
4553,-14.52745,-68.4577,2021-10-21,n,2021
4554,-14.5233,-68.4585,2021-10-21,h,2021
4555,-14.52278,-68.45554,2021-10-21,n,2021
4556,-14.52382,-68.46144,2021-10-21,n,2021
4557,-14.54296,-68.69043,2021-10-21,n,2021
4558,-14.54356,-68.69381,2021-10-21,n,2021
4559,-14.34303,-68.53915,2021-10-21,n,2021
4560,-14.34171,-68.5397,2021-10-21,n,2021
4561,-14.31609,-68.54037,2021-10-21,n,2021
4562,-14.26885,-68.54019,2021-10-21,n,2021
4563,-14.26959,-68.54431,2021-10-21,n,2021
4564,-14.25638,-68.5425,2021-10-21,l,2021
4565,-14.0736,-68.84851,2021-10-21,n,2021
4566,-14.07252,-68.84762,2021-10-21,n,2021
4567,-14.61419,-68.43121,2021-10-21,n,2021
4568,-14.60107,-68.42995,2021-10-21,n,2021
4569,-14.57531,-68.47781,2021-10-21,n,2021
4570,-14.57109,-68.47827,2021-10-21,n,2021
4571,-14.56508,-68.4924,2021-10-21,n,2021
4572,-14.54075,-68.69421,2021-10-22,n,2021
4573,-15.22976,-67.68491,2021-10-22,n,2021
4574,-15.1421,-68.33035,2021-10-22,n,2021
4575,-14.65881,-68.71504,2021-10-22,n,2021
4576,-14.65439,-68.70846,2021-10-22,n,2021
4577,-14.65549,-68.71557,2021-10-22,n,2021
4578,-14.56679,-68.49148,2021-10-22,n,2021
4579,-14.51569,-68.51445,2021-10-22,h,2021
4580,-14.54311,-68.69067,2021-10-22,n,2021
4581,-14.51178,-68.51131,2021-10-22,n,2021
4582,-14.39413,-68.54164,2021-10-22,n,2021
4583,-14.31107,-68.50772,2021-10-22,n,2021
4584,-15.09296,-68.33945,2021-10-22,n,2021
4585,-15.03285,-68.15174,2021-10-22,n,2021
4586,-14.92693,-68.45289,2021-10-22,l,2021
4587,-15.04484,-68.44742,2021-10-22,n,2021
4588,-14.98828,-68.32013,2021-10-22,n,2021
4589,-14.94967,-68.24806,2021-10-22,n,2021
4590,-14.92824,-68.30815,2021-10-22,l,2021
4591,-14.90309,-68.45322,2021-10-22,n,2021
4592,-14.75737,-67.60667,2021-10-22,n,2021
4593,-14.74997,-67.60403,2021-10-22,n,2021
4594,-14.82106,-68.51482,2021-10-22,n,2021
4595,-14.82447,-68.55853,2021-10-22,n,2021
4596,-14.77322,-68.2749,2021-10-22,n,2021
4597,-14.70267,-68.56087,2021-10-22,n,2021
4598,-14.36926,-68.50773,2021-10-23,l,2021
4599,-14.44496,-68.5211,2021-10-23,n,2021
4600,-14.45246,-68.52032,2021-10-23,n,2021
4601,-14.52909,-68.48628,2021-10-23,n,2021
4602,-14.53349,-68.49081,2021-10-23,n,2021
4603,-14.56961,-68.42158,2021-10-23,n,2021
4604,-14.611,-68.61234,2021-10-23,l,2021
4605,-14.59922,-68.44382,2021-10-23,n,2021
4606,-14.64704,-68.70659,2021-10-23,n,2021
4607,-14.64754,-68.70885,2021-10-23,n,2021
4608,-15.19843,-68.17185,2021-10-23,n,2021
4609,-14.7365,-67.62737,2021-10-23,n,2021
4610,-14.06444,-68.87186,2021-10-23,n,2021
4611,-14.0689,-68.87631,2021-10-23,n,2021
4612,-14.3059,-68.57342,2021-10-23,n,2021
4613,-14.32021,-68.48179,2021-10-23,n,2021
4614,-14.93268,-68.20145,2021-10-25,n,2021
4615,-14.21625,-68.26284,2021-10-26,n,2021
4616,-14.2153,-68.27203,2021-10-26,n,2021
4617,-14.21409,-68.26552,2021-10-26,n,2021
4618,-14.21904,-68.266,2021-10-26,n,2021
4619,-14.22499,-68.27187,2021-10-26,n,2021
4620,-14.22382,-68.26553,2021-10-26,n,2021
4621,-14.21808,-68.2713,2021-10-27,n,2021
4622,-14.21471,-68.27088,2021-10-27,n,2021
4623,-15.07575,-67.71737,2021-10-27,n,2021
4624,-15.13415,-68.22835,2021-10-27,n,2021
4625,-15.13067,-68.22913,2021-10-27,n,2021
4626,-15.08376,-68.22884,2021-10-27,n,2021
4627,-15.05575,-68.14723,2021-10-27,n,2021
4628,-15.05534,-68.14657,2021-10-27,n,2021
4629,-15.06177,-68.38573,2021-10-27,n,2021
4630,-14.91462,-68.4566,2021-10-27,n,2021
4631,-14.90767,-68.45784,2021-10-27,n,2021
4632,-14.52399,-68.50896,2021-10-27,n,2021
4633,-14.52468,-68.51318,2021-10-27,n,2021
4634,-14.3008,-68.51768,2021-10-27,n,2021
4635,-14.22279,-68.26283,2021-10-27,n,2021
4636,-14.22353,-68.26727,2021-10-27,n,2021
4637,-14.21924,-68.26332,2021-10-27,h,2021
4638,-14.21999,-68.26779,2021-10-27,n,2021
4639,-14.22073,-68.27221,2021-10-27,n,2021
4640,-14.2164,-68.26807,2021-10-27,n,2021
4641,-14.0792,-68.87827,2021-10-27,n,2021
4642,-14.2728,-68.53522,2021-10-28,n,2021
4643,-14.27223,-68.5312,2021-10-28,n,2021
4644,-14.27625,-68.53465,2021-10-28,l,2021
4645,-14.27568,-68.5306,2021-10-28,n,2021
4646,-14.8098,-68.23602,2021-10-28,n,2021
4647,-14.9494,-68.33772,2021-10-28,n,2021
4648,-14.98155,-68.24171,2021-10-28,l,2021
4649,-15.09582,-68.33282,2021-10-28,n,2021
4650,-15.08441,-68.22794,2021-10-28,n,2021
4651,-15.08388,-68.22421,2021-10-28,l,2021
4652,-15.14031,-68.32294,2021-10-28,n,2021
4653,-15.13976,-68.31911,2021-10-28,n,2021
4654,-14.72143,-67.61035,2021-10-29,n,2021
4655,-15.10414,-68.34747,2021-10-29,n,2021
4656,-14.53236,-68.5092,2021-10-30,n,2021
4657,-14.41433,-68.44784,2021-10-30,n,2021
4658,-14.49976,-68.47645,2021-10-30,l,2021
4659,-14.50065,-68.48055,2021-10-30,n,2021
4660,-15.08836,-68.24501,2021-10-31,n,2021
4661,-14.45587,-68.62411,2021-11-02,n,2021
4662,-15.23141,-67.68359,2021-11-03,l,2021
4663,-14.61815,-68.69229,2021-11-03,n,2021
4664,-15.10579,-67.66566,2021-11-04,n,2021
4665,-15.23069,-67.68365,2021-11-04,n,2021
4666,-14.61105,-68.54591,2021-11-04,n,2021
4667,-14.63922,-68.69473,2021-11-04,n,2021
4668,-14.65652,-68.54066,2021-11-04,h,2021
4669,-14.65925,-68.54176,2021-11-04,n,2021
4670,-14.65886,-68.53813,2021-11-04,n,2021
4671,-15.10606,-67.6665,2021-11-05,n,2021
4672,-15.04557,-67.72303,2021-11-05,n,2021
4673,-14.68412,-67.57462,2021-11-09,n,2021
4674,-14.68891,-67.57389,2021-11-09,n,2021
4675,-15.32632,-68.0624,2021-11-10,n,2021
4676,-15.13815,-68.22553,2021-11-11,n,2021
4677,-15.13366,-68.22708,2021-11-11,n,2021
4678,-15.08197,-68.32832,2021-11-11,n,2021
4679,-14.3282,-68.54329,2021-11-11,n,2021
4680,-14.76385,-68.4067,2021-11-25,n,2021
4681,-14.75925,-68.5215,2021-11-25,n,2021
4682,-14.6,-68.39638,2021-12-12,n,2021
4683,-15.21221,-67.68871,2021-12-13,n,2021
4684,-15.2112,-67.68334,2021-12-13,n,2021
4685,-15.21589,-67.6822,2021-12-13,n,2021
4686,-14.63773,-68.53698,2021-12-13,n,2021
4687,-14.63869,-68.53685,2021-12-13,n,2021
4688,-14.72868,-68.4398,2021-12-30,n,2021
4689,-14.86528,-68.35384,2022-01-02,n,
4690,-14.86281,-68.35657,2022-01-02,n,
4691,-15.12945,-68.21864,2022-01-02,n,
4692,-15.13435,-68.2197,2022-01-02,n,
4693,-15.13328,-68.21472,2022-01-02,n,
4694,-14.629,-68.62015,2022-01-09,n,
4695,-15.04958,-68.3111,2022-01-15,n,
4696,-14.80851,-68.40771,2022-01-16,n,
4697,-14.92192,-68.42323,2022-02-27,n,
4698,-14.66778,-68.7296,2022-02-28,n,
4699,-14.56758,-68.37186,2022-03-25,n,
4700,-14.89149,-68.38757,2022-04-05,n,
4701,-15.03541,-67.72987,2022-04-08,n,
4702,-14.62094,-68.51047,2022-04-09,n,
4703,-14.67977,-68.71897,2022-04-12,n,
4704,-14.67953,-68.71838,2022-04-12,n,
4705,-14.56994,-68.39886,2022-04-12,l,
4706,-15.03914,-68.13205,2022-04-20,n,
4707,-14.98709,-68.22986,2022-04-20,n,
4708,-14.65498,-68.456,2022-04-21,n,
4709,-14.61147,-68.51673,2022-04-21,n,
4710,-14.6025,-68.50546,2022-04-21,l,
4711,-14.49144,-68.5138,2022-04-21,n,
4712,-14.83884,-68.33505,2022-04-22,n,
4713,-14.83537,-68.33554,2022-04-22,n,
4714,-14.65441,-68.51018,2022-04-22,n,
4715,-14.65095,-68.51087,2022-04-22,n,
4716,-14.56588,-68.3657,2022-04-26,n,
4717,-14.5696,-68.36479,2022-04-26,n,
4718,-14.64099,-68.37307,2022-04-26,l,
4719,-14.64013,-68.36814,2022-04-26,n,
4720,-14.8848,-68.4603,2022-04-27,n,
4721,-15.03362,-67.72845,2022-04-28,n,
4722,-14.3938,-68.54925,2022-05-07,n,
4723,-15.15823,-67.67549,2022-05-08,l,
4724,-14.6422,-68.4864,2022-05-21,n,
4725,-14.64346,-68.48531,2022-05-21,n,
4726,-14.64489,-68.49229,2022-05-21,n,
4727,-14.972,-68.31528,2022-06-08,n,
4728,-14.55146,-68.35591,2022-06-12,n,
4729,-14.45472,-68.48859,2022-06-13,n,
4730,-14.87821,-68.47533,2022-06-14,n,
4731,-14.69554,-68.52223,2022-06-14,n,
4732,-14.62516,-68.18546,2022-06-14,n,
4733,-15.13731,-68.3382,2022-06-15,n,
4734,-14.88619,-68.18948,2022-06-15,n,
4735,-14.88667,-68.19316,2022-06-15,n,
4736,-14.66102,-68.5206,2022-06-15,n,
4737,-14.64606,-68.50317,2022-06-15,n,
4738,-14.64659,-68.50716,2022-06-15,n,
4739,-14.56576,-68.38344,2022-06-16,n,
4740,-14.5653,-68.37946,2022-06-16,n,
4741,-14.57105,-68.37965,2022-06-16,n,
4742,-14.56255,-68.37988,2022-06-16,n,
4743,-14.5683,-68.38016,2022-06-16,n,
4744,-14.96814,-68.23709,2022-06-16,h,
4745,-14.96593,-68.23834,2022-06-16,h,
4746,-14.65696,-68.53539,2022-06-17,n,
4747,-14.39562,-68.548,2022-06-19,n,
4748,-14.61751,-68.34229,2022-06-20,n,
4749,-14.61377,-68.34268,2022-06-20,n,
4750,-14.60759,-68.34055,2022-06-21,n,
4751,-14.60723,-68.3375,2022-06-21,n,
4752,-14.61235,-68.3373,2022-06-21,h,
4753,-14.68273,-68.36485,2022-06-23,n,
4754,-14.39532,-68.54945,2022-06-23,n,
4755,-15.09398,-67.6973,2022-06-25,n,
4756,-15.03672,-67.7306,2022-06-26,n,
4757,-14.80432,-68.31464,2022-06-26,n,
4758,-14.58555,-68.50591,2022-06-26,n,
4759,-14.58543,-68.50864,2022-06-26,n,
4760,-14.71525,-68.3046,2022-06-27,n,
4761,-14.70526,-68.28709,2022-06-27,n,
4762,-14.71607,-68.3036,2022-06-27,n,
4763,-15.1588,-67.67773,2022-06-28,n,
4764,-14.39704,-68.54648,2022-06-30,n,
4765,-15.13015,-68.24107,2022-07-01,n,
4766,-14.66268,-68.52934,2022-07-01,n,
4767,-14.53847,-68.43128,2022-07-01,n,
4768,-14.95972,-68.34321,2022-07-02,n,
4769,-14.59766,-68.36457,2022-07-03,n,
4770,-14.78256,-68.44884,2022-07-04,n,
4771,-14.84097,-68.25993,2022-07-04,n,
4772,-14.87811,-68.19525,2022-07-04,n,
4773,-14.87741,-68.19138,2022-07-04,n,
4774,-14.87883,-68.19926,2022-07-04,h,
4775,-14.88298,-68.19843,2022-07-04,n,
4776,-14.88226,-68.1944,2022-07-04,n,
4777,-14.56019,-68.35268,2022-07-05,l,
4778,-14.50202,-68.48334,2022-07-05,n,
4779,-14.97192,-68.29433,2022-07-05,n,
4780,-14.65335,-68.29151,2022-07-06,n,
4781,-14.63906,-68.49686,2022-07-06,n,
4782,-15.06199,-68.0961,2022-07-07,n,
4783,-14.69871,-68.30864,2022-07-08,n,
4784,-14.84321,-68.51493,2022-07-08,n,
4785,-14.84379,-68.52108,2022-07-08,n,
4786,-14.87815,-68.34064,2022-07-08,n,
4787,-14.87125,-68.34378,2022-07-09,n,
4788,-14.52987,-68.67644,2022-07-09,n,
4789,-14.53058,-68.68024,2022-07-09,n,
4790,-14.53326,-68.6783,2022-07-09,n,
4791,-14.53394,-68.68208,2022-07-09,n,
4792,-14.52869,-68.67877,2022-07-09,n,
4793,-14.46893,-68.52695,2022-07-10,n,
4794,-14.52547,-68.67852,2022-07-10,n,
4795,-14.66202,-68.29014,2022-07-10,n,
4796,-14.52404,-68.31054,2022-07-17,n,
4797,-14.52489,-68.3103,2022-07-17,n,
4798,-14.90141,-68.18524,2022-07-20,n,
4799,-14.80059,-68.2764,2022-07-20,n,
4800,-14.6723,-68.74842,2022-07-21,n,
4801,-14.98034,-68.32537,2022-07-21,n,
4802,-14.90068,-68.3576,2022-07-21,n,
4803,-14.79861,-68.48882,2022-07-21,n,
4804,-14.80977,-68.3279,2022-07-22,l,
4805,-14.81286,-68.33034,2022-07-22,n,
4806,-14.80667,-68.34076,2022-07-22,n,
4807,-14.58162,-68.7569,2022-07-22,n,
4808,-14.58224,-68.76158,2022-07-22,n,
4809,-14.71332,-68.40717,2022-07-23,n,
4810,-14.71296,-68.4041,2022-07-23,n,
4811,-14.9166,-68.41068,2022-07-23,n,
4812,-14.91625,-68.40765,2022-07-23,n,
4813,-14.96437,-68.30392,2022-07-23,n,
4814,-15.1322,-68.34124,2022-07-23,n,
4815,-14.90926,-68.29578,2022-07-25,n,
4816,-14.62202,-68.66384,2022-07-25,n,
4817,-14.61851,-68.66066,2022-07-25,n,
4818,-14.37056,-68.54982,2022-07-26,n,
4819,-15.0756,-67.71968,2022-07-26,n,
4820,-14.36883,-68.54864,2022-07-27,n,
4821,-14.78641,-68.36562,2022-07-27,n,
4822,-14.6178,-68.19291,2022-07-27,n,
4823,-14.76842,-68.42656,2022-07-27,n,
4824,-14.40599,-68.55988,2022-07-28,n,
4825,-14.40899,-68.55682,2022-07-28,l,
4826,-14.56381,-68.85008,2022-07-28,n,
4827,-14.56493,-68.8484,2022-07-28,n,
4828,-14.64919,-68.71419,2022-07-28,n,
4829,-14.64681,-68.71825,2022-07-28,n,
4830,-14.65602,-68.55612,2022-07-28,n,
4831,-14.79307,-68.34005,2022-07-28,n,
4832,-14.62564,-68.68509,2022-07-29,n,
4833,-14.4395,-68.51533,2022-07-29,n,
4834,-14.43765,-68.51685,2022-07-29,n,
4835,-14.83917,-68.50156,2022-07-31,n,
4836,-14.96082,-68.32977,2022-07-31,n,
4837,-15.09588,-68.34919,2022-07-31,n,
4838,-15.1367,-68.30663,2022-08-01,n,
4839,-14.94472,-68.42883,2022-08-01,n,
4840,-14.79581,-68.38571,2022-08-01,n,
4841,-14.87135,-68.42293,2022-08-05,n,
4842,-14.56293,-68.34921,2022-08-11,n,
4843,-14.54946,-68.36375,2022-08-11,n,
4844,-14.71831,-68.28159,2022-08-12,n,
4845,-14.845,-68.23676,2022-08-12,l,
4846,-14.84442,-68.23265,2022-08-12,n,
4847,-14.56331,-68.34069,2022-08-12,n,
4848,-14.55985,-68.34124,2022-08-12,n,
4849,-14.55693,-68.3456,2022-08-12,n,
4850,-14.55747,-68.34937,2022-08-12,n,
4851,-14.89692,-68.25218,2022-08-13,n,
4852,-14.9467,-68.42931,2022-08-13,n,
4853,-14.65466,-68.30489,2022-08-14,n,
4854,-14.58769,-68.4708,2022-08-16,n,
4855,-14.99367,-68.19376,2022-08-18,n,
4856,-14.99409,-68.19707,2022-08-18,n,
4857,-14.98961,-68.19479,2022-08-18,n,
4858,-14.99004,-68.19814,2022-08-18,n,
4859,-14.99624,-68.28015,2022-08-18,n,
4860,-14.95799,-68.32811,2022-08-18,n,
4861,-14.87116,-68.48626,2022-08-18,n,
4862,-14.87167,-68.49014,2022-08-18,n,
4863,-14.82667,-68.57224,2022-08-18,n,
4864,-14.82244,-68.57263,2022-08-18,n,
4865,-14.6883,-68.53082,2022-08-18,n,
4866,-14.78986,-68.21514,2022-08-19,h,
4867,-14.79039,-68.21999,2022-08-19,n,
4868,-14.78429,-68.21649,2022-08-19,h,
4869,-14.78317,-68.20631,2022-08-19,n,
4870,-14.78375,-68.21158,2022-08-19,n,
4871,-14.78482,-68.22134,2022-08-19,n,
4872,-14.7783,-68.21406,2022-08-19,h,
4873,-14.77771,-68.20866,2022-08-19,n,
4874,-14.77885,-68.21912,2022-08-19,n,
4875,-14.77271,-68.21522,2022-08-19,n,
4876,-14.77518,-68.2082,2022-08-20,n,
4877,-14.7757,-68.20419,2022-08-20,n,
4878,-14.77625,-68.19985,2022-08-20,n,
4879,-14.78259,-68.222,2022-08-20,n,
4880,-14.781,-68.26984,2022-08-20,n,
4881,-14.98909,-68.26681,2022-08-20,n,
4882,-14.95335,-68.2633,2022-08-20,n,
4883,-14.95675,-68.26812,2022-08-20,l,
4884,-14.8113,-68.25681,2022-08-20,n,
4885,-14.7931,-68.19547,2022-08-20,h,
4886,-14.79374,-68.19866,2022-08-20,n,
4887,-14.78751,-68.19685,2022-08-20,h,
4888,-14.7882,-68.20029,2022-08-20,h,
4889,-14.7858,-68.18839,2022-08-20,n,
4890,-14.78669,-68.19283,2022-08-20,n,
4891,-14.78885,-68.20353,2022-08-20,n,
4892,-14.7807,-68.19228,2022-08-20,h,
4893,-14.7816,-68.19673,2022-08-20,n,
4894,-14.77476,-68.19197,2022-08-20,n,
4895,-14.77567,-68.19644,2022-08-20,n,
4896,-14.77648,-68.20044,2022-08-20,n,
4897,-14.77723,-68.20417,2022-08-20,n,
4898,-14.77676,-68.25965,2022-08-20,n,
4899,-14.77772,-68.2644,2022-08-20,n,
4900,-14.77143,-68.26225,2022-08-20,n,
4901,-14.68161,-68.52473,2022-08-20,n,
4902,-14.68318,-68.52584,2022-08-20,l,
4903,-15.13036,-68.31484,2022-08-20,n,
4904,-14.83405,-68.2401,2022-08-21,n,
4905,-14.84141,-68.23777,2022-08-21,n,
4906,-14.84482,-68.23844,2022-08-21,n,
4907,-14.75571,-67.59957,2022-08-21,n,
4908,-14.77312,-68.20077,2022-08-21,n,
4909,-14.76981,-68.27103,2022-08-21,n,
4910,-14.78163,-68.19062,2022-08-21,n,
4911,-14.78625,-68.20704,2022-08-21,n,
4912,-15.12705,-68.22587,2022-08-21,n,
4913,-15.09688,-68.34238,2022-08-21,n,
4914,-15.09759,-68.34631,2022-08-21,n,
4915,-14.98031,-68.32217,2022-08-21,n,
4916,-14.95856,-68.34253,2022-08-21,n,
4917,-14.95372,-68.33925,2022-08-21,n,
4918,-14.95581,-68.34368,2022-08-21,n,
4919,-14.95106,-68.34071,2022-08-21,n,
4920,-14.91374,-68.34535,2022-08-21,n,
4921,-14.84746,-68.23642,2022-08-21,n,
4922,-14.84806,-68.23978,2022-08-21,n,
4923,-14.84382,-68.23996,2022-08-21,n,
4924,-14.83532,-68.24033,2022-08-21,n,
4925,-14.8336,-68.24091,2022-08-21,n,
4926,-14.85914,-68.46045,2022-08-21,n,
4927,-14.85443,-68.45756,2022-08-21,n,
4928,-14.79381,-68.20911,2022-08-21,n,
4929,-14.78579,-68.18803,2022-08-21,n,
4930,-14.78911,-68.20676,2022-08-21,n,
4931,-14.77801,-68.19253,2022-08-21,n,
4932,-14.77378,-68.19283,2022-08-21,n,
4933,-14.77451,-68.19691,2022-08-21,n,
4934,-14.77028,-68.19724,2022-08-21,n,
4935,-14.77095,-68.20102,2022-08-21,n,
4936,-14.77162,-68.20476,2022-08-21,n,
4937,-14.70508,-68.24995,2022-08-21,n,
4938,-14.77,-68.19321,2022-08-22,n,
4939,-14.77772,-68.19016,2022-08-22,n,
4940,-14.78192,-68.18655,2022-08-22,n,
4941,-14.78545,-68.18694,2022-08-22,n,
4942,-14.5855,-68.48078,2022-08-22,n,
4943,-14.58883,-68.48029,2022-08-22,n,
4944,-14.88751,-68.23872,2022-08-22,n,
4945,-14.93143,-68.45658,2022-08-22,n,
4946,-14.93087,-68.453,2022-08-22,n,
4947,-14.93032,-68.44941,2022-08-22,n,
4948,-14.96444,-68.27702,2022-08-22,n,
4949,-14.97553,-68.30457,2022-08-22,n,
4950,-14.97498,-68.30101,2022-08-22,n,
4951,-14.97443,-68.29745,2022-08-22,n,
4952,-15.04645,-68.2593,2022-08-22,l,
4953,-15.09757,-68.32478,2022-08-22,n,
4954,-14.57867,-68.82997,2022-08-23,n,
4955,-14.55166,-68.5661,2022-08-23,n,
4956,-14.64301,-68.44123,2022-08-23,l,
4957,-14.73691,-68.48122,2022-08-23,n,
4958,-14.73642,-68.4785,2022-08-23,n,
4959,-14.87809,-68.50014,2022-08-23,n,
4960,-14.91389,-68.45063,2022-08-23,n,
4961,-14.92713,-68.43465,2022-08-23,n,
4962,-14.93093,-68.43425,2022-08-23,n,
4963,-14.9465,-68.2626,2022-08-23,n,
4964,-14.99088,-68.19613,2022-08-23,n,
4965,-14.96967,-68.2515,2022-08-24,n,
4966,-14.97053,-68.24748,2022-08-24,n,
4967,-14.49627,-68.56597,2022-08-24,h,
4968,-14.66841,-68.48349,2022-08-24,l,
4969,-14.67388,-68.48556,2022-08-24,n,
4970,-14.89671,-68.29877,2022-08-24,l,
4971,-14.96145,-68.38625,2022-08-24,n,
4972,-14.97439,-68.27152,2022-08-24,n,
4973,-15.04761,-68.45211,2022-08-24,n,
4974,-14.49472,-68.481,2022-08-25,h,
4975,-14.85605,-68.54784,2022-08-25,n,
4976,-14.85061,-68.54902,2022-08-25,n,
4977,-14.75002,-68.52926,2022-08-25,n,
4978,-14.7508,-68.52826,2022-08-25,n,
4979,-14.75144,-68.53476,2022-08-25,n,
4980,-14.7309,-68.39719,2022-08-25,l,
4981,-14.67535,-68.47477,2022-08-25,n,
4982,-14.67618,-68.4752,2022-08-25,n,
4983,-14.63041,-68.65455,2022-08-25,n,
4984,-14.98773,-68.25484,2022-08-25,n,
4985,-15.09447,-68.33381,2022-08-25,n,
4986,-14.49662,-68.48217,2022-08-25,n,
4987,-14.49542,-68.48066,2022-08-25,n,
4988,-14.63419,-68.65663,2022-08-25,h,
4989,-14.62802,-68.65574,2022-08-25,n,
4990,-14.63463,-68.65708,2022-08-25,h,
4991,-14.70881,-68.33952,2022-08-25,n,
4992,-14.70711,-68.33825,2022-08-25,n,
4993,-14.94617,-68.41576,2022-08-25,h,
4994,-14.95855,-68.29208,2022-08-25,n,
4995,-14.98558,-68.29827,2022-08-25,n,
4996,-14.9847,-68.29408,2022-08-25,n,
4997,-14.98352,-68.2952,2022-08-25,n,
4998,-14.74749,-68.33176,2022-08-26,n,
4999,-15.13634,-68.33363,2022-08-26,n,
5000,-15.13177,-68.33433,2022-08-26,n,
5001,-15.09411,-68.30877,2022-08-26,n,
5002,-14.94612,-68.29988,2022-08-26,n,
5003,-14.93133,-68.50244,2022-08-26,n,
5004,-14.68521,-68.47286,2022-08-26,n,
5005,-14.6753,-68.73303,2022-08-26,n,
5006,-14.57519,-68.36259,2022-08-26,n,
5007,-14.57161,-68.47109,2022-08-26,n,
5008,-14.56711,-68.47221,2022-08-26,n,
5009,-14.56503,-68.48636,2022-08-26,n,
5010,-14.52588,-68.50321,2022-08-26,n,
5011,-14.40747,-68.55573,2022-08-26,n,
5012,-14.52592,-68.50729,2022-08-26,n,
5013,-14.98105,-68.2038,2022-08-27,n,
5014,-14.98047,-68.20745,2022-08-27,n,
5015,-14.97713,-68.20689,2022-08-27,n,
5016,-14.85873,-68.24572,2022-08-27,n,
5017,-14.63149,-68.49646,2022-08-27,n,
5018,-15.19908,-67.67674,2022-08-27,n,
5019,-15.02217,-67.74475,2022-08-27,n,
5020,-15.10927,-68.34299,2022-08-27,n,
5021,-14.54754,-68.49438,2022-08-27,n,
5022,-14.54407,-68.4949,2022-08-27,n,
5023,-14.52903,-68.50148,2022-08-27,n,
5024,-14.52556,-68.50206,2022-08-27,n,
5025,-14.52617,-68.50586,2022-08-27,l,
5026,-14.50885,-68.50869,2022-08-27,n,
5027,-14.58007,-68.45364,2022-08-27,n,
5028,-14.57335,-68.47805,2022-08-27,n,
5029,-14.55168,-68.4979,2022-08-27,n,
5030,-15.02321,-68.17421,2022-08-27,n,
5031,-15.0311,-68.2453,2022-08-27,n,
5032,-15.02762,-68.2459,2022-08-27,n,
5033,-14.99154,-68.20005,2022-08-27,n,
5034,-14.90538,-68.38229,2022-08-27,n,
5035,-14.73316,-68.37489,2022-08-27,l,
5036,-14.67628,-68.35411,2022-08-27,n,
5037,-14.6769,-68.35795,2022-08-27,n,
5038,-14.6693,-68.35509,2022-08-27,n,
5039,-14.72618,-68.50937,2022-08-28,n,
5040,-14.72969,-68.50894,2022-08-28,n,
5041,-15.08429,-68.3335,2022-08-28,l,
5042,-14.92734,-68.40974,2022-08-29,n,
5043,-14.51585,-68.50983,2022-08-29,n,
5044,-14.97622,-68.23627,2022-08-29,n,
5045,-15.15314,-68.32893,2022-08-30,n,
5046,-15.09585,-68.32906,2022-08-30,n,
5047,-15.19699,-67.67457,2022-08-30,n,
5048,-15.1974,-67.67855,2022-08-30,n,
5049,-15.19593,-67.67715,2022-08-30,n,
5050,-14.70723,-68.32533,2022-08-31,n,
5051,-14.70774,-68.3215,2022-08-31,n,
5052,-14.73597,-68.50594,2022-08-31,n,
5053,-14.73999,-68.50628,2022-08-31,n,
5054,-14.42677,-68.44524,2022-08-31,h,
5055,-15.00477,-68.31247,2022-08-31,h,
5056,-15.00535,-68.31541,2022-08-31,h,
5057,-14.42128,-68.44868,2022-09-01,n,
5058,-14.69849,-68.3265,2022-09-01,n,
5059,-14.91367,-68.29572,2022-09-01,n,
5060,-15.08039,-68.33659,2022-09-01,n,
5061,-14.37141,-68.51056,2022-09-01,n,
5062,-14.3744,-68.5055,2022-09-01,n,
5063,-14.39697,-68.54818,2022-09-01,n,
5064,-14.59579,-68.57413,2022-09-01,n,
5065,-14.75376,-68.33714,2022-09-01,n,
5066,-14.79517,-68.5574,2022-09-01,n,
5067,-14.77189,-68.35278,2022-09-01,l,
5068,-14.92032,-68.29003,2022-09-01,n,
5069,-14.92406,-68.28926,2022-09-01,n,
5070,-14.92095,-68.29144,2022-09-01,n,
5071,-14.92468,-68.29068,2022-09-01,n,
5072,-14.95576,-68.31397,2022-09-01,l,
5073,-14.955,-68.30949,2022-09-01,l,
5074,-15.04392,-68.14867,2022-09-01,n,
5075,-14.9582,-68.3083,2022-09-02,n,
5076,-14.95357,-68.31232,2022-09-02,n,
5077,-14.95444,-68.30742,2022-09-02,n,
5078,-14.92377,-68.28547,2022-09-02,n,
5079,-14.91999,-68.28468,2022-09-02,n,
5080,-14.9162,-68.28399,2022-09-02,n,
5081,-14.71465,-68.51987,2022-09-02,n,
5082,-14.71086,-68.51882,2022-09-02,n,
5083,-14.65886,-68.7246,2022-09-02,n,
5084,-14.65939,-68.72826,2022-09-02,n,
5085,-14.59662,-68.46392,2022-09-02,n,
5086,-14.59715,-68.46751,2022-09-02,n,
5087,-14.5905,-68.46868,2022-09-02,n,
5088,-15.13036,-67.67869,2022-09-04,n,
5089,-14.55356,-68.88435,2022-09-06,n,
5090,-14.5546,-68.88348,2022-09-06,n,
5091,-14.58196,-68.8745,2022-09-06,n,
5092,-14.56594,-68.47501,2022-09-06,n,
5093,-14.62587,-68.48623,2022-09-06,n,
5094,-14.69113,-68.33926,2022-09-06,l,
5095,-14.69458,-68.33475,2022-09-06,n,
5096,-14.99396,-68.18453,2022-09-07,n,
5097,-14.74261,-68.44398,2022-09-07,n,
5098,-14.58191,-68.87551,2022-09-07,l,
5099,-14.58468,-68.87146,2022-09-07,n,
5100,-14.56348,-68.57858,2022-09-07,n,
5101,-14.55068,-68.49537,2022-09-07,n,
5102,-14.55345,-68.49123,2022-09-07,l,
5103,-14.62603,-68.65569,2022-09-07,n,
5104,-14.61171,-68.56293,2022-09-07,n,
5105,-14.61502,-68.56235,2022-09-07,n,
5106,-14.6021,-68.41315,2022-09-07,n,
5107,-14.69882,-68.46773,2022-09-07,l,
5108,-14.71085,-68.32561,2022-09-07,l,
5109,-14.71473,-68.32866,2022-09-07,l,
5110,-14.71417,-68.32505,2022-09-07,l,
5111,-14.71136,-68.30697,2022-09-07,l,
5112,-14.7175,-68.3245,2022-09-07,n,
5113,-14.75534,-68.24367,2022-09-07,n,
5114,-14.75477,-68.24003,2022-09-07,n,
5115,-14.86044,-68.37055,2022-09-07,l,
5116,-14.86377,-68.37002,2022-09-07,l,
5117,-14.86321,-68.36639,2022-09-07,l,
5118,-14.86709,-68.36948,2022-09-07,l,
5119,-14.85697,-68.2597,2022-09-07,n,
5120,-14.85641,-68.25608,2022-09-07,l,
5121,-14.85895,-68.25497,2022-09-07,n,
5122,-14.8584,-68.2514,2022-09-07,n,
5123,-14.87895,-68.25169,2022-09-07,n,
5124,-14.99392,-68.18353,2022-09-07,n,
5125,-14.99337,-68.17995,2022-09-07,n,
5126,-14.99726,-68.18299,2022-09-07,n,
5127,-14.99614,-68.17578,2022-09-07,n,
5128,-14.99671,-68.17942,2022-09-07,h,
5129,-15.00004,-68.17883,2022-09-07,l,
5130,-15.0006,-68.18244,2022-09-07,n,
5131,-15.00337,-68.17824,2022-09-07,l,
5132,-15.0028,-68.17461,2022-09-07,l,
5133,-15.04674,-68.14902,2022-09-07,n,
5134,-14.30348,-68.54387,2022-09-07,n,
5135,-14.30904,-68.5357,2022-09-07,n,
5136,-14.334,-68.54265,2022-09-07,n,
5137,-14.99728,-68.18053,2022-09-08,n,
5138,-14.99269,-68.17958,2022-09-08,n,
5139,-14.87095,-68.37389,2022-09-08,n,
5140,-14.86639,-68.37243,2022-09-08,n,
5141,-14.86529,-68.37823,2022-09-08,n,
5142,-14.69422,-68.49921,2022-09-08,n,
5143,-14.69894,-68.50015,2022-09-08,n,
5144,-15.02836,-67.73542,2022-09-08,n,
5145,-15.03811,-67.7253,2022-09-08,n,
5146,-14.76379,-68.31396,2022-09-08,n,
5147,-14.74771,-68.53944,2022-09-08,n,
5148,-14.67081,-68.73958,2022-09-08,n,
5149,-14.61648,-68.51022,2022-09-08,n,
5150,-14.62374,-68.18584,2022-09-08,n,
5151,-14.62006,-68.18658,2022-09-08,n,
5152,-14.62121,-68.18429,2022-09-08,n,
5153,-14.61276,-68.51115,2022-09-08,n,
5154,-14.55172,-68.48546,2022-09-08,n,
5155,-14.57975,-68.72835,2022-09-08,n,
5156,-14.55107,-68.48338,2022-09-08,n,
5157,-14.54727,-68.48373,2022-09-08,n,
5158,-14.54799,-68.48883,2022-09-08,l,
5159,-14.55803,-68.58977,2022-09-08,n,
5160,-14.5775,-68.73145,2022-09-08,n,
5161,-14.55492,-68.59521,2022-09-08,n,
5162,-14.4527,-68.52232,2022-09-08,n,
5163,-14.45258,-68.52488,2022-09-08,n,
5164,-14.30782,-68.53563,2022-09-08,n,
5165,-14.37227,-68.52728,2022-09-08,n,
5166,-14.54912,-68.40519,2022-09-10,n,
5167,-14.5877,-68.44711,2022-09-12,n,
5168,-14.59085,-68.46656,2022-09-12,n,
5169,-14.58672,-68.46311,2022-09-12,n,
5170,-14.56249,-68.46764,2022-09-12,n,
5171,-14.56311,-68.47145,2022-09-12,l,
5172,-14.95916,-68.42984,2022-09-12,n,
5173,-14.96084,-68.4295,2022-09-12,n,
5174,-14.95736,-68.43,2022-09-12,n,
5175,-14.89629,-68.22854,2022-09-12,n,
5176,-14.87284,-68.26087,2022-09-12,n,
5177,-14.83699,-68.57867,2022-09-12,n,
5178,-14.83354,-68.57925,2022-09-12,n,
5179,-14.69714,-68.4951,2022-09-12,n,
5180,-14.59115,-68.44643,2022-09-12,n,
5181,-14.23174,-68.52654,2022-09-12,n,
5182,-14.52553,-68.33218,2022-09-13,n,
5183,-14.53934,-68.37616,2022-09-13,n,
5184,-14.54006,-68.37218,2022-09-13,n,
5185,-14.54504,-68.36875,2022-09-13,n,
5186,-14.56929,-68.48331,2022-09-18,n,
5187,-15.13507,-68.31438,2022-09-19,n,
5188,-14.93029,-68.32927,2022-09-19,n,
5189,-14.57629,-68.44558,2022-09-19,n,
5190,-14.56858,-68.48478,2022-09-19,n,
5191,-15.06622,-68.26203,2022-09-20,h,
5192,-15.02769,-68.16824,2022-09-20,n,
5193,-15.02421,-68.16927,2022-09-20,n,
5194,-14.57226,-68.48796,2022-09-20,n,
5195,-14.59596,-68.3755,2022-09-21,n,
5196,-14.59539,-68.37992,2022-09-21,n,
5197,-14.48431,-68.51163,2022-09-21,n,
5198,-14.84595,-68.43567,2022-09-21,n,
5199,-14.84518,-68.43179,2022-09-21,n,
5200,-14.84395,-68.43638,2022-09-21,n,
5201,-14.84953,-68.43522,2022-09-21,n,
5202,-14.84878,-68.43153,2022-09-21,n,
5203,-14.85472,-68.28848,2022-09-21,n,
5204,-14.85742,-68.27281,2022-09-21,n,
5205,-14.85453,-68.25854,2022-09-21,n,
5206,-14.92684,-68.25572,2022-09-21,h,
5207,-14.96926,-68.26203,2022-09-21,l,
5208,-14.9758,-68.26531,2022-09-21,n,
5209,-14.97491,-68.26092,2022-09-21,n,
5210,-14.99294,-68.17497,2022-09-21,n,
5211,-14.99465,-68.17289,2022-09-21,n,
5212,-15.08513,-68.32782,2022-09-21,h,
5213,-14.30851,-68.57053,2022-09-21,n,
5214,-14.45759,-68.52481,2022-09-21,n,
5215,-14.45688,-68.5213,2022-09-21,h,
5216,-14.47816,-68.51116,2022-09-21,n,
5217,-14.47761,-68.50844,2022-09-21,h,
5218,-14.501,-68.50881,2022-09-21,n,
5219,-14.50033,-68.50542,2022-09-21,n,
5220,-14.50533,-68.50128,2022-09-21,n,
5221,-14.50476,-68.49837,2022-09-21,h,
5222,-14.51162,-68.50358,2022-09-21,n,
5223,-14.51867,-68.50981,2022-09-21,n,
5224,-14.51789,-68.50587,2022-09-21,n,
5225,-14.50994,-68.4657,2022-09-21,n,
5226,-14.52439,-68.50926,2022-09-21,n,
5227,-14.52352,-68.50485,2022-09-21,n,
5228,-14.50932,-68.50494,2022-09-21,n,
5229,-14.50867,-68.50176,2022-09-21,n,
5230,-14.50806,-68.49881,2022-09-21,n,
5231,-14.50746,-68.49583,2022-09-21,n,
5232,-14.5222,-68.51087,2022-09-21,n,
5233,-14.51295,-68.46563,2022-09-21,n,
5234,-14.52131,-68.50652,2022-09-21,h,
5235,-14.56057,-68.49893,2022-09-21,n,
5236,-14.55932,-68.49274,2022-09-21,h,
5237,-14.59329,-68.45862,2022-09-21,n,
5238,-14.59248,-68.45456,2022-09-21,h,
5239,-14.59523,-68.38029,2022-09-21,n,
5240,-14.60082,-68.37893,2022-09-21,n,
5241,-14.59805,-68.38017,2022-09-21,n,
5242,-14.83011,-68.56031,2022-09-21,h,
5243,-14.45745,-68.52593,2022-09-22,n,
5244,-14.51924,-68.50886,2022-09-22,n,
5245,-14.99577,-68.26804,2022-09-22,n,
5246,-14.92352,-68.25583,2022-09-22,n,
5247,-14.81574,-68.34277,2022-09-25,n,
5248,-14.81904,-68.34438,2022-09-25,l,
5249,-14.81869,-68.34125,2022-09-25,n,
5250,-15.10005,-68.34895,2022-09-25,n,
5251,-15.07062,-68.24117,2022-09-26,n,
5252,-14.97007,-68.21038,2022-09-27,n,
5253,-14.85364,-68.25346,2022-09-28,n,
5254,-14.8503,-68.25294,2022-09-28,n,
5255,-14.48472,-68.51787,2022-09-28,n,
5256,-14.44366,-68.52637,2022-09-28,n,
5257,-14.44159,-68.49142,2022-09-28,l,
5258,-14.44098,-68.48762,2022-09-28,n,
5259,-14.47748,-68.50527,2022-09-28,n,
5260,-14.48683,-68.51893,2022-09-28,l,
5261,-14.48967,-68.51443,2022-09-28,n,
5262,-14.48904,-68.51058,2022-09-28,l,
5263,-14.49728,-68.51733,2022-09-28,n,
5264,-14.49661,-68.51324,2022-09-28,n,
5265,-14.52379,-68.50477,2022-09-28,n,
5266,-14.62805,-68.67373,2022-09-28,n,
5267,-14.63148,-68.67301,2022-09-28,n,
5268,-14.64889,-68.62734,2022-09-28,l,
5269,-14.71536,-68.5428,2022-09-28,n,
5270,-14.84591,-68.43582,2022-09-28,n,
5271,-14.8986,-68.44259,2022-09-28,n,
5272,-14.9724,-68.20851,2022-09-28,n,
5273,-15.08672,-68.2427,2022-09-28,n,
5274,-15.09022,-68.24212,2022-09-28,n,
5275,-14.79969,-68.45353,2022-09-29,n,
5276,-14.45239,-68.51544,2022-10-02,n,
5277,-14.45288,-68.51797,2022-10-02,n,
5278,-14.4402,-68.50693,2022-10-02,n,
5279,-14.66381,-68.3711,2022-10-03,n,
5280,-14.36784,-68.54321,2022-10-03,n,
5281,-14.39558,-68.54745,2022-10-03,l,
5282,-14.45704,-68.52302,2022-10-03,n,
5283,-14.4581,-68.52464,2022-10-03,n,
5284,-14.61154,-68.44752,2022-10-03,n,
5285,-14.61913,-68.44672,2022-10-03,n,
5286,-14.73948,-68.4236,2022-10-03,n,
5287,-15.12613,-68.34389,2022-10-03,n,
5288,-15.14146,-68.32054,2022-10-03,n,
5289,-14.86931,-68.23926,2022-10-04,n,
5290,-15.10005,-68.28687,2022-10-05,n,
5291,-15.09947,-68.28972,2022-10-05,n,
5292,-15.10253,-68.28959,2022-10-05,n,
5293,-15.09789,-68.28616,2022-10-05,n,
5294,-15.09734,-68.28899,2022-10-05,n,
5295,-14.74475,-68.43274,2022-10-05,n,
5296,-14.74417,-68.43559,2022-10-05,n,
5297,-14.73951,-68.43193,2022-10-05,n,
5298,-14.74421,-68.43151,2022-10-05,n,
5299,-14.74309,-68.43726,2022-10-05,n,
5300,-14.74366,-68.43433,2022-10-05,n,
5301,-15.04514,-67.72521,2022-10-06,n,
5302,-15.03969,-67.72583,2022-10-06,h,
5303,-15.08306,-68.2342,2022-10-06,h,
5304,-15.08499,-68.23236,2022-10-06,h,
5305,-15.08537,-68.23565,2022-10-06,n,
5306,-15.04384,-68.22124,2022-10-06,n,
5307,-15.04445,-68.22672,2022-10-06,n,
5308,-14.91021,-68.49487,2022-10-06,n,
5309,-14.88937,-68.4617,2022-10-06,n,
5310,-14.90499,-68.41586,2022-10-06,n,
5311,-14.78592,-68.37845,2022-10-06,l,
5312,-14.78762,-68.50297,2022-10-06,n,
5313,-14.78806,-68.50722,2022-10-06,n,
5314,-14.78321,-68.37811,2022-10-06,n,
5315,-14.79191,-68.50565,2022-10-06,n,
5316,-14.76863,-68.5564,2022-10-06,n,
5317,-14.76909,-68.56058,2022-10-06,n,
5318,-14.75019,-68.54684,2022-10-06,h,
5319,-14.75059,-68.55051,2022-10-06,n,
5320,-14.55576,-68.49818,2022-10-06,h,
5321,-14.53749,-68.48941,2022-10-06,n,
5322,-14.53322,-68.50285,2022-10-06,n,
5323,-14.53361,-68.50635,2022-10-06,n,
5324,-14.52078,-68.60011,2022-10-06,n,
5325,-14.40347,-68.55112,2022-10-06,h,
5326,-14.40389,-68.5549,2022-10-06,n,
5327,-14.39778,-68.5519,2022-10-06,h,
5328,-14.39732,-68.54762,2022-10-06,n,
5329,-14.39821,-68.55585,2022-10-06,n,
5330,-14.38491,-68.53957,2022-10-06,n,
5331,-14.38846,-68.53825,2022-10-06,n,
5332,-15.01942,-68.27663,2022-10-08,n,
5333,-15.01979,-68.2551,2022-10-08,n,
5334,-14.37298,-68.5118,2022-10-08,n,
5335,-14.95711,-68.26123,2022-10-10,n,
5336,-14.85225,-68.28481,2022-10-10,n,
5337,-14.8485,-68.28514,2022-10-10,n,
5338,-14.95295,-68.242,2022-10-11,n,
5339,-14.72135,-68.53184,2022-10-11,n,
5340,-15.14331,-68.22124,2022-10-11,h,
5341,-15.12178,-68.21277,2022-10-11,n,
5342,-15.10171,-68.21716,2022-10-11,n,
5343,-15.10208,-68.2204,2022-10-11,n,
5344,-15.11351,-68.32211,2022-10-11,n,
5345,-15.10346,-68.22005,2022-10-11,n,
5346,-14.72388,-68.56553,2022-10-12,n,
5347,-14.72471,-68.56616,2022-10-12,n,
5348,-14.83053,-68.2716,2022-10-12,n,
5349,-15.05944,-67.70177,2022-10-15,n,
5350,-15.15515,-67.68069,2022-10-16,n,
5351,-15.15566,-67.68483,2022-10-16,n,
5352,-14.38206,-68.56313,2022-10-18,n,
5353,-14.3814,-68.55977,2022-10-18,h,
5354,-14.55157,-68.49434,2022-10-19,n,
5355,-15.08752,-67.70625,2022-10-20,n,
5356,-15.09492,-68.22847,2022-10-20,n,
5357,-14.99339,-68.18573,2022-10-20,n,
5358,-14.98568,-68.17957,2022-10-20,n,
5359,-14.88346,-68.37936,2022-10-20,l,
5360,-14.70404,-68.35992,2022-10-20,n,
5361,-14.5576,-68.49093,2022-10-20,n,
5362,-14.52937,-68.48418,2022-10-20,n,
5363,-14.5254,-68.5034,2022-10-20,l,
5364,-14.51821,-68.50077,2022-10-20,n,
5365,-14.5122,-68.48306,2022-10-20,l,
5366,-14.50984,-68.51322,2022-10-20,n,
5367,-14.48386,-68.51774,2022-10-20,n,
5368,-14.445,-68.47549,2022-10-21,n,
5369,-14.44908,-68.47463,2022-10-21,n,
5370,-14.50845,-68.51059,2022-10-21,n,
5371,-14.59984,-68.45052,2022-10-21,n,
5372,-14.61499,-68.45119,2022-10-21,n,
5373,-14.74913,-68.36279,2022-10-21,n,
5374,-14.40243,-68.55367,2022-10-21,n,
5375,-14.64378,-68.42845,2022-10-24,n,
5376,-14.64628,-68.43075,2022-10-24,n,
5377,-14.64556,-68.42683,2022-10-24,n,
5378,-14.72841,-67.61919,2022-10-24,n,
5379,-15.056,-68.12421,2022-10-24,n,
5380,-15.06358,-68.09431,2022-10-24,n,
5381,-15.13559,-68.30518,2022-10-24,n,
5382,-15.03827,-67.73426,2022-10-24,n,
5383,-15.20142,-67.67989,2022-10-25,n,
5384,-14.8655,-68.50875,2022-10-25,n,
5385,-14.74162,-67.6081,2022-10-25,n,
5386,-14.87652,-68.42587,2022-10-25,n,
5387,-14.89095,-68.49719,2022-10-25,n,
5388,-14.92913,-68.46091,2022-10-25,n,
5389,-14.92801,-68.45373,2022-10-25,n,
5390,-15.00883,-68.16567,2022-10-25,n,
5391,-15.07475,-67.7197,2022-10-25,n,
5392,-15.07754,-67.71543,2022-10-25,n,
5393,-14.60874,-68.45177,2022-10-25,n,
5394,-14.57328,-68.48405,2022-10-25,n,
5395,-14.92397,-68.39711,2022-10-26,n,
5396,-14.78477,-68.36318,2022-10-26,n,
5397,-14.66976,-68.39609,2022-10-26,n,
5398,-14.52013,-68.4825,2022-10-26,n,
5399,-14.5195,-68.48563,2022-10-26,n,
5400,-14.38077,-68.53942,2022-10-26,l,
5401,-14.07201,-68.87934,2022-10-26,n,
5402,-15.14004,-68.23176,2022-10-26,n,
5403,-14.63031,-68.52025,2022-10-27,n,
5404,-14.63563,-68.5212,2022-10-27,n,
5405,-14.76597,-68.3532,2022-10-29,n,
5406,-15.11991,-68.22626,2022-10-29,n,
5407,-15.1237,-68.22105,2022-10-29,n,
5408,-15.08825,-68.27963,2022-10-30,n,
5409,-14.87332,-68.40527,2022-10-30,n,
5410,-14.98729,-68.28397,2022-10-30,n,
5411,-15.08766,-68.27718,2022-10-30,n,
5412,-15.09181,-68.28065,2022-10-30,n,
5413,-15.09113,-68.27655,2022-10-30,n,
5414,-15.10097,-68.20514,2022-10-30,n,
5415,-15.13016,-68.31844,2022-10-30,n,
5416,-15.13513,-68.30503,2022-10-30,n,
5417,-14.79982,-68.55497,2022-10-30,n,
5418,-14.79251,-68.56221,2022-10-31,n,
5419,-15.11937,-68.22977,2022-10-31,l,
5420,-15.12123,-68.22594,2022-10-31,l,
5421,-14.85089,-68.25873,2022-11-03,l,
5422,-14.94976,-68.33123,2022-11-03,n,
5423,-14.94925,-68.32858,2022-11-03,n,
5424,-14.99146,-68.17772,2022-11-03,n,
5425,-14.07284,-68.85091,2022-11-03,n,
5426,-14.93997,-68.32841,2022-11-04,n,
5427,-15.0554,-67.70566,2022-11-04,n,
5428,-14.99017,-68.17846,2022-11-04,n,
5429,-13.99156,-68.90041,2022-11-04,n,
5430,-14.34437,-68.55913,2022-11-04,n,
5431,-14.5553,-68.47452,2022-11-04,n,
5432,-14.55614,-68.47555,2022-11-04,n,
5433,-14.61124,-68.43668,2022-11-04,n,
5434,-14.61723,-68.42645,2022-11-04,n,
5435,-14.82604,-68.30669,2022-11-04,l,
5436,-14.71931,-67.61201,2022-11-04,n,
5437,-14.85036,-68.26669,2022-11-04,l,
5438,-14.85056,-68.26787,2022-11-04,n,
5439,-14.90474,-68.22092,2022-11-04,n,
5440,-14.98721,-68.29439,2022-11-04,n,
5441,-15.05353,-68.22835,2022-11-04,n,
5442,-15.05803,-68.23197,2022-11-04,l,
5443,-15.0573,-68.22766,2022-11-04,h,
5444,-15.05691,-68.22501,2022-11-04,n,
5445,-15.0577,-68.22954,2022-11-04,h,
5446,-15.12452,-68.34719,2022-11-04,n,
5447,-15.04169,-67.72948,2022-11-04,l,
5448,-15.20316,-68.14964,2022-11-04,n,
5449,-15.05265,-68.22832,2022-11-05,n,
5450,-15.05549,-68.23418,2022-11-05,n,
5451,-14.89485,-68.54793,2022-11-05,n,
5452,-14.8824,-68.41711,2022-11-05,n,
5453,-14.90434,-68.45045,2022-11-05,n,
5454,-14.90831,-68.33935,2022-11-05,n,
5455,-14.91163,-68.33885,2022-11-05,n,
5456,-14.91816,-68.2685,2022-11-05,n,
5457,-14.96047,-68.23572,2022-11-05,l,
5458,-15.01553,-68.17197,2022-11-05,n,
5459,-15.05372,-68.13249,2022-11-05,n,
5460,-15.0565,-68.12834,2022-11-05,l,
5461,-14.62263,-68.56168,2022-11-05,n,
5462,-14.45301,-68.51583,2022-11-05,n,
5463,-14.37823,-68.49097,2022-11-05,n,
5464,-14.30884,-68.54716,2022-11-05,n,
5465,-14.24788,-68.54934,2022-11-05,n,
5466,-14.69719,-68.35636,2022-11-06,n,
5467,-14.69631,-68.36072,2022-11-06,n,
5468,-14.24096,-68.54933,2022-11-06,n,
5469,-14.24302,-68.54849,2022-11-06,n,
5470,-14.38444,-68.549,2022-11-06,n,
5471,-14.37691,-68.49007,2022-11-06,n,
5472,-14.38105,-68.48953,2022-11-06,n,
5473,-14.54479,-68.50134,2022-11-06,n,
5474,-14.6884,-67.57021,2022-11-06,n,
5475,-15.10685,-67.66063,2022-11-06,n,
5476,-15.10754,-67.66601,2022-11-06,n,
5477,-15.10809,-67.66232,2022-11-06,n,
5478,-14.92686,-68.48788,2022-11-06,n,
5479,-15.05848,-68.2825,2022-11-06,n,
5480,-15.05796,-68.27857,2022-11-06,n,
5481,-13.99075,-68.90266,2022-11-07,n,
5482,-14.35616,-68.59096,2022-11-07,n,
5483,-14.35562,-68.58612,2022-11-07,h,
5484,-13.99048,-68.90269,2022-11-07,n,
5485,-14.4926,-68.48907,2022-11-08,n,
5486,-14.3791,-68.49252,2022-11-08,h,
5487,-14.37987,-68.49638,2022-11-08,n,
5488,-14.7898,-68.32236,2022-11-08,n,
5489,-14.37418,-68.496,2022-11-09,n,
5490,-14.37474,-68.49226,2022-11-09,n,
5491,-14.3776,-68.49646,2022-11-09,n,
5492,-15.04286,-68.25224,2022-11-09,n,
5493,-15.04129,-68.25304,2022-11-09,n,
5494,-14.95164,-68.41055,2022-11-09,n,
5495,-14.68846,-67.58882,2022-11-09,n,
5496,-14.37588,-68.49245,2022-11-09,n,
5497,-14.23005,-68.06468,2022-11-09,n,
5498,-15.06029,-67.73142,2022-11-10,n,
5499,-15.05238,-67.72512,2022-11-10,n,
5500,-14.585,-68.31672,2022-11-10,n,
5501,-14.58556,-68.32029,2022-11-10,n,
5502,-14.51017,-68.5127,2022-11-10,n,
5503,-14.55818,-68.40094,2022-11-11,l,
5504,-15.01285,-68.5006,2022-11-14,n,
5505,-15.12907,-68.31046,2022-11-14,n,
5506,-15.12826,-68.30619,2022-11-14,n,
5507,-14.57559,-68.48531,2022-11-14,n,
5508,-14.25257,-68.54556,2022-11-15,n,
5509,-14.93326,-68.50479,2022-11-17,n,
5510,-14.59803,-68.74174,2022-11-17,n,
5511,-14.5961,-68.74473,2022-11-17,n,
5512,-14.39638,-68.53166,2022-11-17,n,
5513,-14.99294,-68.2779,2022-11-18,h,
5514,-14.98655,-68.27721,2022-11-18,n,
5515,-14.93601,-68.32001,2022-11-18,n,
5516,-14.86966,-68.22863,2022-11-18,n,
5517,-14.89122,-68.50314,2022-11-18,n,
5518,-14.88876,-68.50571,2022-11-18,n,
5519,-14.59501,-68.69643,2022-11-18,h,
5520,-14.59956,-68.74126,2022-11-18,l,
5521,-14.59298,-68.74026,2022-11-18,n,
5522,-14.59756,-68.74059,2022-11-18,n,
5523,-15.09606,-67.67795,2022-11-18,n,
5524,-15.09035,-67.67484,2022-11-18,n,
5525,-15.09182,-67.68154,2022-11-18,n,
5526,-15.13972,-68.22419,2022-11-18,n,
5527,-15.0609,-68.22742,2022-11-18,n,
5528,-15.03929,-68.25809,2022-11-18,n,
5529,-14.98574,-68.2723,2022-11-18,h,
5530,-14.98691,-68.27754,2022-11-18,n,
5531,-14.98509,-68.27544,2022-11-18,h,
5532,-14.9862,-68.28055,2022-11-18,n,
5533,-14.77145,-67.60523,2022-11-18,n,
5534,-14.77306,-67.61236,2022-11-18,n,
5535,-14.76742,-67.60632,2022-11-18,n,
5536,-14.89183,-68.5037,2022-11-18,h,
5537,-14.9868,-68.28018,2022-11-19,n,
5538,-15.07859,-67.68342,2022-11-19,n,
5539,-15.07911,-67.67945,2022-11-19,n,
5540,-15.08337,-67.67993,2022-11-19,n,
5541,-15.13488,-68.31873,2022-11-19,n,
5542,-15.31844,-68.05379,2022-11-19,n,
5543,-15.32222,-68.05723,2022-11-19,n,
5544,-15.32491,-68.05657,2022-11-19,n,
5545,-15.31891,-68.05315,2022-11-19,n,
5546,-15.31349,-68.05263,2022-11-19,n,
5547,-15.31396,-68.05504,2022-11-19,n,
5548,-15.09027,-67.66992,2022-11-19,n,
5549,-15.09152,-67.66972,2022-11-19,n,
5550,-15.08416,-67.68819,2022-11-19,h,
5551,-15.08483,-67.6916,2022-11-19,h,
5552,-15.07889,-67.68924,2022-11-19,n,
5553,-15.11422,-68.22385,2022-11-19,n,
5554,-15.12555,-68.30767,2022-11-19,n,
5555,-15.12605,-68.31024,2022-11-19,n,
5556,-15.12056,-68.30901,2022-11-19,l,
5557,-15.12235,-68.30983,2022-11-19,n,
5558,-15.04402,-68.28548,2022-11-19,n,
5559,-15.0446,-68.28846,2022-11-19,n,
5560,-14.73651,-68.5387,2022-11-19,n,
5561,-14.64983,-68.62477,2022-11-19,n,
5562,-14.60411,-68.41835,2022-11-19,n,
5563,-14.61764,-68.56669,2022-11-19,h,
5564,-14.61708,-68.56382,2022-11-19,n,
5565,-14.61821,-68.56958,2022-11-19,n,
5566,-14.61838,-68.56577,2022-11-19,h,
5567,-14.61893,-68.56868,2022-11-19,n,
5568,-14.61356,-68.5678,2022-11-19,n,
5569,-14.59238,-68.70121,2022-11-19,n,
5570,-14.33105,-68.55293,2022-11-19,n,
5571,-14.31537,-68.52626,2022-11-19,n,
5572,-14.28592,-68.53685,2022-11-19,h,
5573,-14.28647,-68.53964,2022-11-19,n,
5574,-14.28214,-68.53576,2022-11-19,n,
5575,-14.28267,-68.53857,2022-11-19,n,
5576,-14.28323,-68.54151,2022-11-19,n,
5577,-14.5334,-68.50402,2022-11-19,h,
5578,-14.51814,-68.50637,2022-11-19,n,
5579,-14.51065,-68.57464,2022-11-19,n,
5580,-14.50609,-68.57343,2022-11-19,h,
5581,-14.50682,-68.57727,2022-11-19,n,
5582,-14.45261,-68.51244,2022-11-19,h,
5583,-14.45309,-68.51491,2022-11-19,n,
5584,-15.11781,-68.31532,2022-11-20,n,
5585,-15.12224,-68.30871,2022-11-20,n,
5586,-15.12611,-68.30568,2022-11-20,n,
5587,-15.12667,-68.30209,2022-11-20,n,
5588,-14.34922,-68.56159,2022-11-20,n,
5589,-14.5341,-68.50507,2022-11-20,l,
5590,-14.97454,-68.28639,2022-11-20,n,
5591,-15.11799,-68.3047,2022-11-20,n,
5592,-15.12171,-68.3039,2022-11-20,n,
5593,-15.11351,-68.072,2022-11-25,l,
5594,-15.00419,-68.29526,2022-11-25,l,
5595,-15.00237,-68.29507,2022-11-25,n,
5596,-15.031,-68.19364,2022-11-25,n,
5597,-15.03018,-68.18906,2022-11-25,n,
5598,-15.11419,-68.07577,2022-11-25,n,
5599,-15.13442,-68.0444,2022-11-25,n,
5600,-15.13862,-68.04372,2022-11-25,n,
5601,-14.51653,-68.50075,2022-11-25,n,
5602,-15.32374,-68.05512,2022-11-25,l,
5603,-15.32848,-68.05755,2022-11-25,n,
5604,-14.86604,-68.46421,2022-11-25,n,
5605,-14.74168,-67.62363,2022-11-25,n,
5606,-14.90241,-68.43113,2022-11-25,n,
5607,-14.93031,-68.35779,2022-11-25,n,
5608,-15.11751,-67.6711,2022-11-26,n,
5609,-15.05153,-67.73098,2022-11-26,n,
5610,-15.31944,-68.05614,2022-11-26,n,
5611,-15.31612,-68.05675,2022-11-26,n,
5612,-15.31666,-68.06024,2022-11-26,l,
5613,-15.11841,-68.07232,2022-11-26,n,
5614,-15.0537,-67.72825,2022-11-26,n,
5615,-15.13154,-68.22179,2022-11-26,n,
5616,-15.06337,-68.13008,2022-11-26,n,
5617,-15.02799,-68.18802,2022-11-26,n,
5618,-14.95074,-68.41183,2022-11-26,n,
5619,-14.9342,-68.45872,2022-11-26,l,
5620,-14.90198,-68.37991,2022-11-26,n,
5621,-14.90253,-68.38346,2022-11-26,n,
5622,-14.89866,-68.38048,2022-11-26,n,
5623,-14.89921,-68.38403,2022-11-26,n,
5624,-14.90312,-68.43134,2022-11-26,n,
5625,-14.79548,-68.43822,2022-11-26,n,
5626,-14.77382,-68.36427,2022-11-26,n,
5627,-14.78718,-68.47254,2022-11-26,n,
5628,-14.70788,-68.35678,2022-11-26,n,
5629,-14.62212,-68.41544,2022-11-26,n,
5630,-14.53393,-68.41577,2022-11-26,l,
5631,-14.56535,-68.86068,2022-11-26,n,
5632,-14.49573,-68.51791,2022-11-26,l,
5633,-14.89837,-68.37751,2022-11-27,n,
5634,-15.0516,-67.72971,2022-11-27,n,
5635,-15.03025,-68.19086,2022-11-27,n,
5636,-15.31446,-68.06245,2022-11-27,n,
5637,-14.55205,-68.85241,2022-11-27,n,
5638,-14.55274,-68.85748,2022-11-27,l,
5639,-14.94644,-68.45882,2022-11-28,n,
5640,-15.02005,-68.17621,2022-11-28,n,
5641,-15.0198,-68.17402,2022-11-28,n,
5642,-15.06813,-68.11543,2022-11-28,n,
5643,-15.11051,-67.68569,2022-11-28,n,
5644,-14.83068,-68.51422,2022-11-28,n,
5645,-15.30567,-68.0564,2022-11-29,n,
5646,-15.30594,-68.05414,2022-11-29,n,
5647,-15.31713,-68.06786,2022-11-29,n,
5648,-15.3175,-68.06468,2022-11-29,n,
5649,-15.06048,-68.11285,2022-11-29,n,
5650,-14.98661,-68.2834,2022-11-29,n,
5651,-14.63303,-68.58906,2022-11-29,n,
5652,-14.77968,-67.60132,2022-11-29,n,
5653,-14.98659,-68.28432,2022-11-29,n,
5654,-14.63165,-68.58876,2022-11-29,n,
5655,-14.53313,-68.5011,2022-11-29,h,
5656,-14.53238,-68.50202,2022-11-29,n,
5657,-14.53153,-68.49802,2022-11-29,n,
5658,-14.98288,-68.28423,2022-11-29,n,
5659,-14.98207,-68.28043,2022-11-29,n,
5660,-15.06767,-68.1125,2022-11-29,n,
5661,-15.09296,-67.66183,2022-11-29,n,
5662,-15.11125,-67.68516,2022-11-29,n,
5663,-15.10866,-67.67294,2022-11-29,h,
5664,-15.11283,-67.66117,2022-11-29,n,
5665,-15.11221,-67.68259,2022-11-29,h,
5666,-15.11374,-67.6591,2022-11-29,n,
5667,-15.31136,-68.05878,2022-11-29,n,
5668,-15.31069,-68.05558,2022-11-29,n,
5669,-15.31541,-68.05853,2022-11-29,n,
5670,-15.31472,-68.05537,2022-11-29,h,
5671,-15.05335,-67.72955,2022-11-30,n,
5672,-15.06698,-67.68748,2022-11-30,n,
5673,-15.09404,-67.66172,2022-11-30,n,
5674,-15.09791,-67.66207,2022-11-30,n,
5675,-15.11192,-67.66089,2022-11-30,n,
5676,-14.53106,-68.48843,2022-11-30,n,
5677,-15.07126,-67.68237,2022-11-30,n,
5678,-15.06257,-68.11679,2022-11-30,n,
5679,-14.81856,-68.40681,2022-11-30,n,
5680,-14.53786,-68.57861,2022-12-01,n,
5681,-14.92946,-68.45062,2022-12-01,n,
5682,-14.91757,-68.46483,2022-12-01,n,
5683,-14.66513,-68.46793,2022-12-17,n,
5684,-14.73337,-67.61043,2022-12-22,n,
5685,-14.73728,-67.60971,2022-12-22,n,
5686,-14.73338,-67.61276,2022-12-22,n,
5687,-14.73729,-67.61205,2022-12-22,n,
5688,-15.13339,-68.22991,2022-12-23,n,
5689,-14.93529,-68.42067,2022-12-23,l,
5690,-14.56803,-68.44731,2023-01-06,n,2023
5691,-14.3956,-68.55682,2023-01-07,n,2023
5692,-15.09229,-67.70094,2023-01-07,n,2023
5693,-15.20154,-68.16726,2023-01-11,n,2023
5694,-14.58508,-68.54237,2023-01-15,n,2023
5695,-14.5848,-68.53993,2023-01-15,n,2023
5696,-14.83104,-68.30711,2023-02-23,n,2023
5697,-14.83288,-68.30542,2023-02-23,h,2023
5698,-14.50255,-68.50973,2023-02-24,n,2023
5699,-14.52059,-68.5393,2023-02-24,n,2023
5700,-14.51951,-68.54243,2023-02-24,n,2023
5701,-14.85647,-68.48356,2023-03-06,n,2023
5702,-14.78339,-68.4063,2023-03-07,n,2023
5703,-14.78686,-68.40572,2023-03-07,n,2023
5704,-14.7981,-68.45268,2023-03-07,n,2023
5705,-14.72731,-68.41932,2023-04-08,n,2023
5706,-14.99413,-68.29939,2023-04-09,n,2023
5707,-14.62523,-68.33576,2023-04-10,n,2023
5708,-14.83362,-68.27406,2023-04-12,n,2023
5709,-14.80502,-68.30382,2023-04-17,n,2023
5710,-14.663,-68.45839,2023-04-25,n,2023
5711,-14.39409,-68.54695,2023-04-29,n,2023
5712,-15.08404,-68.24032,2023-05-01,n,2023
5713,-14.61216,-68.36127,2023-05-09,n,2023
5714,-14.75578,-68.34689,2023-05-10,n,2023
5715,-14.75498,-68.35055,2023-05-10,n,2023
5716,-14.55269,-68.54018,2023-05-11,n,2023
5717,-14.61346,-68.39235,2023-05-14,n,2023
5718,-15.05962,-68.3263,2023-05-15,n,2023
5719,-14.83531,-68.57761,2023-05-15,n,2023
5720,-14.83319,-68.57632,2023-05-15,n,2023
5721,-14.74415,-68.29928,2023-05-15,n,2023
5722,-14.8746,-68.34937,2023-05-16,n,2023
5723,-14.6344,-68.29044,2023-05-24,n,2023
5724,-14.63535,-68.29495,2023-05-24,n,2023
5725,-14.68282,-68.28065,2023-05-25,n,2023
5726,-14.67833,-68.34193,2023-06-02,n,2023
5727,-14.82953,-68.29153,2023-06-06,n,2023
5728,-14.71284,-68.29586,2023-06-20,n,2023
5729,-14.8286,-68.47895,2023-06-20,n,2023
5730,-14.7122,-68.29264,2023-06-20,n,2023
5731,-14.61263,-68.3531,2023-06-21,n,2023
5732,-14.95019,-68.34583,2023-06-21,n,2023
5733,-14.9522,-68.34486,2023-06-21,n,2023
5734,-14.568,-68.42784,2023-06-25,h,2023
5735,-14.56956,-68.42738,2023-06-25,h,2023
5736,-14.65143,-68.33347,2023-06-27,n,2023
5737,-14.65208,-68.3375,2023-06-27,n,2023
5738,-14.67167,-68.71769,2023-06-28,n,2023
5739,-14.67228,-68.71808,2023-06-28,n,2023
5740,-14.85696,-68.4387,2023-06-28,n,2023
5741,-14.98042,-68.34468,2023-06-28,n,2023
5742,-14.98391,-68.34431,2023-06-28,n,2023
5743,-14.98336,-68.34042,2023-06-28,n,2023
5744,-14.98684,-68.33994,2023-06-28,n,2023
5745,-15.08948,-68.30122,2023-06-28,n,2023
5746,-15.08893,-68.29734,2023-06-28,n,2023
5747,-14.92805,-68.44814,2023-06-29,n,2023
5748,-14.53321,-68.43214,2023-06-30,n,2023
5749,-13.95463,-68.9586,2023-07-02,n,2023
5750,-15.13536,-68.20197,2023-07-02,n,2023
5751,-15.0519,-68.32801,2023-07-02,n,2023
5752,-14.67057,-68.72041,2023-07-03,n,2023
5753,-14.546,-68.40646,2023-07-08,n,2023
5754,-15.0629,-68.33322,2023-07-09,n,2023
5755,-15.09824,-68.34464,2023-07-23,n,2023
5756,-14.7036,-68.28252,2023-07-23,n,2023
5757,-14.70759,-68.44928,2023-07-23,n,2023
5758,-14.56118,-68.89594,2023-07-23,n,2023
5759,-14.88856,-68.32764,2023-07-24,n,2023
5760,-14.65227,-68.51231,2023-07-24,n,2023
5761,-14.66505,-68.71527,2023-07-25,n,2023
5762,-14.68663,-68.61858,2023-07-25,n,2023
5763,-14.9006,-68.38383,2023-07-27,n,2023
5764,-14.89875,-68.38538,2023-07-27,n,2023
5765,-14.66925,-68.72691,2023-08-01,n,2023
5766,-14.69048,-68.51793,2023-08-02,n,2023
5767,-14.69308,-68.5201,2023-08-02,n,2023
5768,-14.95263,-68.31549,2023-08-02,n,2023
5769,-15.04078,-68.44334,2023-08-04,n,2023
5770,-14.96499,-68.34161,2023-08-04,n,2023
5771,-14.91363,-68.36076,2023-08-04,n,2023
5772,-14.91031,-68.36129,2023-08-04,l,2023
5773,-14.7979,-68.56293,2023-08-04,n,2023
5774,-15.13382,-68.33096,2023-08-05,n,2023
5775,-14.74795,-68.57528,2023-08-05,n,2023
5776,-15.15648,-67.67815,2023-08-06,n,2023
5777,-14.78866,-68.57175,2023-08-06,h,2023
5778,-14.78662,-68.57114,2023-08-06,h,2023
5779,-14.92809,-68.45023,2023-08-07,n,2023
5780,-14.83607,-68.55987,2023-08-07,n,2023
5781,-14.97366,-68.34128,2023-08-09,n,2023
5782,-14.94879,-68.27787,2023-08-10,n,2023
5783,-14.57558,-68.36058,2023-08-10,n,2023
5784,-14.99407,-68.17021,2023-08-11,n,2023
5785,-14.80461,-68.48208,2023-08-17,n,2023
5786,-14.96169,-68.31503,2023-08-18,h,2023
5787,-14.96115,-68.31227,2023-08-18,h,2023
5788,-14.85254,-68.39239,2023-08-19,n,2023
5789,-14.85199,-68.39596,2023-08-19,n,2023
5790,-14.84875,-68.39622,2023-08-19,n,2023
5791,-14.31217,-68.52168,2023-08-19,n,2023
5792,-14.31142,-68.51855,2023-08-19,n,2023
5793,-14.79153,-68.55384,2023-08-19,n,2023
5794,-14.8379,-68.55473,2023-08-19,n,2023
5795,-14.84583,-68.51022,2023-08-19,n,2023
5796,-14.92338,-68.41639,2023-08-19,n,2023
5797,-14.98687,-68.26509,2023-08-19,n,2023
5798,-14.62432,-68.18887,2023-08-20,n,2023
5799,-14.62485,-68.19239,2023-08-20,n,2023
5800,-15.04024,-68.45518,2023-08-20,n,2023
5801,-14.95191,-68.31801,2023-08-20,n,2023
5802,-14.87452,-68.48128,2023-08-20,n,2023
5803,-14.79946,-68.31774,2023-08-20,n,2023
5804,-14.8295,-68.60165,2023-08-21,n,2023
5805,-14.83152,-68.51943,2023-08-21,n,2023
5806,-14.90889,-68.48157,2023-08-21,n,2023
5807,-14.90158,-68.35967,2023-08-21,n,2023
5808,-14.91182,-68.34227,2023-08-21,n,2023
5809,-14.96431,-68.3336,2023-08-21,n,2023
5810,-14.96477,-68.33725,2023-08-21,h,2023
5811,-14.61726,-68.59134,2023-08-21,n,2023
5812,-14.61983,-68.19503,2023-08-22,n,2023
5813,-14.74799,-68.29045,2023-08-22,n,2023
5814,-14.7475,-68.28616,2023-08-22,n,2023
5815,-14.75358,-68.28987,2023-08-22,n,2023
5816,-14.75311,-68.28568,2023-08-22,h,2023
5817,-14.75152,-68.28269,2023-08-22,n,2023
5818,-14.752,-68.28719,2023-08-22,h,2023
5819,-14.81059,-68.30509,2023-08-22,n,2023
5820,-15.13318,-68.21387,2023-08-23,n,2023
5821,-15.10614,-68.35222,2023-08-23,n,2023
5822,-14.96459,-68.27543,2023-08-23,n,2023
5823,-14.91323,-68.28451,2023-08-23,n,2023
5824,-14.91172,-68.28568,2023-08-23,n,2023
5825,-14.91263,-68.29024,2023-08-23,n,2023
5826,-14.6713,-68.71241,2023-08-23,n,2023
5827,-14.55624,-68.68697,2023-08-23,h,2023
5828,-14.55832,-68.68719,2023-08-23,h,2023
5829,-14.86907,-68.35927,2023-08-24,n,2023
5830,-14.86565,-68.3586,2023-08-24,n,2023
5831,-14.86508,-68.36247,2023-08-24,n,2023
5832,-14.55464,-68.68845,2023-08-24,n,2023
5833,-14.96917,-68.27659,2023-08-24,n,2023
5834,-14.95887,-68.40941,2023-08-24,n,2023
5835,-14.96107,-68.40869,2023-08-24,n,2023
5836,-14.79394,-68.31992,2023-08-24,n,2023
5837,-14.82757,-68.55762,2023-08-24,n,2023
5838,-14.56296,-68.5795,2023-08-24,n,2023
5839,-14.57645,-68.48755,2023-08-25,l,2023
5840,-14.61927,-67.54358,2023-08-25,n,2023
5841,-14.83493,-68.57716,2023-08-25,n,2023
5842,-14.83119,-68.31126,2023-08-25,n,2023
5843,-14.8781,-68.50363,2023-08-25,n,2023
5844,-14.87861,-68.44071,2023-08-25,n,2023
5845,-14.90261,-68.35849,2023-08-25,n,2023
5846,-14.92282,-68.46626,2023-08-25,n,2023
5847,-14.9087,-68.33176,2023-08-25,n,2023
5848,-14.93716,-68.40476,2023-08-25,n,2023
5849,-14.9366,-68.40115,2023-08-25,n,2023
5850,-14.96277,-68.52591,2023-08-25,n,2023
5851,-14.94369,-68.33685,2023-08-25,n,2023
5852,-14.80369,-68.3951,2023-08-26,n,2023
5853,-14.61122,-68.61163,2023-08-26,n,2023
5854,-14.61198,-68.61714,2023-08-26,n,2023
5855,-14.61129,-68.60759,2023-08-26,n,2023
5856,-14.61196,-68.61276,2023-08-26,n,2023
5857,-14.61269,-68.61839,2023-08-26,n,2023
5858,-14.50379,-69.09932,2023-08-28,n,2023
5859,-14.50769,-69.09901,2023-08-28,n,2023
5860,-14.67631,-68.73341,2023-08-28,n,2023
5861,-14.50001,-69.0915,2023-08-29,n,2023
5862,-14.50417,-69.08784,2023-08-29,n,2023
5863,-14.50835,-69.08397,2023-08-29,n,2023
5864,-14.51119,-69.08945,2023-08-29,n,2023
5865,-14.51185,-69.08489,2023-08-29,n,2023
5866,-15.07537,-67.72147,2023-08-29,n,2023
5867,-15.05126,-68.27231,2023-08-29,n,2023
5868,-14.65509,-68.21976,2023-08-29,n,2023
5869,-14.53943,-68.59324,2023-08-29,n,2023
5870,-14.54023,-68.59753,2023-08-29,n,2023
5871,-14.53567,-68.59837,2023-08-29,n,2023
5872,-14.53578,-68.59823,2023-08-29,n,2023
5873,-14.53646,-68.60198,2023-08-29,n,2023
5874,-14.38317,-68.56463,2023-08-29,n,2023
5875,-14.36846,-68.56215,2023-08-29,n,2023
5876,-14.30038,-68.55433,2023-08-29,n,2023
5877,-14.30107,-68.55257,2023-08-29,n,2023
5878,-15.1037,-68.33195,2023-08-30,n,2023
5879,-15.04207,-68.44521,2023-08-30,n,2023
5880,-15.0141,-68.47072,2023-08-30,n,2023
5881,-15.01062,-68.47131,2023-08-30,n,2023
5882,-14.90371,-68.2852,2023-08-30,n,2023
5883,-14.93073,-68.26011,2023-08-31,n,2023
5884,-14.92729,-68.26064,2023-08-31,n,2023
5885,-14.82519,-68.56944,2023-08-31,n,2023
5886,-14.79163,-68.55811,2023-08-31,n,2023
5887,-14.61477,-68.56203,2023-08-31,n,2023
5888,-14.57648,-68.90162,2023-08-31,n,2023
5889,-14.93679,-68.34475,2023-09-01,n,2023
5890,-14.93745,-68.35018,2023-09-01,n,2023
5891,-14.9316,-68.34005,2023-09-01,n,2023
5892,-14.93221,-68.34512,2023-09-01,n,2023
5893,-14.86988,-68.56249,2023-09-01,n,2023
5894,-14.70001,-68.2728,2023-09-01,n,2023
5895,-14.59981,-68.33126,2023-09-01,n,2023
5896,-14.55022,-68.88892,2023-09-01,n,2023
5897,-14.55283,-68.88989,2023-09-01,n,2023
5898,-15.07054,-67.72429,2023-09-02,n,2023
5899,-14.31562,-68.54125,2023-09-02,n,2023
5900,-14.94681,-68.35296,2023-09-03,n,2023
5901,-14.56036,-68.33584,2023-09-05,n,2023
5902,-14.65047,-68.6255,2023-09-05,n,2023
5903,-14.74247,-67.58753,2023-09-05,n,2023
5904,-14.74578,-67.587,2023-09-05,n,2023
5905,-14.89881,-68.31026,2023-09-05,n,2023
5906,-14.54225,-68.60789,2023-09-06,n,2023
5907,-14.64034,-68.5657,2023-09-06,n,2023
5908,-14.75145,-68.23654,2023-09-06,n,2023
5909,-14.85446,-68.42601,2023-09-06,n,2023
5910,-14.85397,-68.42222,2023-09-06,n,2023
5911,-14.90015,-68.45561,2023-09-06,n,2023
5912,-14.88288,-68.29107,2023-09-06,n,2023
5913,-14.88694,-68.29036,2023-09-06,n,2023
5914,-14.91633,-68.41906,2023-09-06,n,2023
5915,-14.99039,-68.27383,2023-09-07,n,2023
5916,-14.98993,-68.26958,2023-09-07,h,2023
5917,-14.77014,-68.48058,2023-09-08,n,2023
5918,-14.76746,-68.48153,2023-09-08,n,2023
5919,-14.56751,-68.34715,2023-09-08,n,2023
5920,-14.35818,-68.58544,2023-09-08,n,2023
5921,-14.36213,-68.58984,2023-09-08,n,2023
5922,-14.35561,-68.58643,2023-09-08,n,2023
5923,-14.72855,-68.28679,2023-09-09,n,2023
5924,-14.29412,-68.49942,2023-09-09,n,2023
5925,-14.28538,-68.54671,2023-09-09,n,2023
5926,-14.27916,-68.53586,2023-09-09,n,2023
5927,-14.2612,-68.53137,2023-09-09,n,2023
5928,-14.26183,-68.5349,2023-09-09,n,2023
5929,-14.51776,-68.51026,2023-09-09,n,2023
5930,-14.55011,-68.59685,2023-09-09,n,2023
5931,-14.62072,-68.57306,2023-09-09,n,2023
5932,-14.72796,-68.54141,2023-09-09,n,2023
5933,-14.75269,-68.5611,2023-09-09,n,2023
5934,-14.92593,-68.40823,2023-09-09,n,2023
5935,-14.93085,-68.30228,2023-09-10,n,2023
5936,-14.93028,-68.29865,2023-09-10,n,2023
5937,-15.03119,-68.2926,2023-09-10,n,2023
5938,-14.66212,-68.53725,2023-09-10,n,2023
5939,-14.59703,-68.46984,2023-09-10,l,2023
5940,-14.57049,-68.49287,2023-09-10,n,2023
5941,-14.5445,-68.54554,2023-09-10,n,2023
5942,-14.55497,-68.87774,2023-09-10,n,2023
5943,-14.31425,-68.52747,2023-09-10,n,2023
5944,-14.56251,-68.96638,2023-09-11,n,2023
5945,-14.56697,-68.96934,2023-09-11,n,2023
5946,-14.56804,-68.9637,2023-09-11,n,2023
5947,-14.36743,-68.56963,2023-09-11,n,2023
5948,-14.36683,-68.56526,2023-09-11,n,2023
5949,-14.46278,-68.53402,2023-09-11,l,2023
5950,-14.56212,-68.95972,2023-09-11,n,2023
5951,-14.56684,-68.96606,2023-09-11,n,2023
5952,-14.57076,-68.96624,2023-09-11,n,2023
5953,-14.51931,-68.54819,2023-09-11,n,2023
5954,-14.53728,-68.56823,2023-09-11,n,2023
5955,-14.64656,-68.69496,2023-09-11,n,2023
5956,-14.79851,-68.56429,2023-09-11,n,2023
5957,-14.80224,-68.56355,2023-09-11,n,2023
5958,-14.71151,-67.60275,2023-09-11,n,2023
5959,-14.94275,-68.31726,2023-09-11,n,2023
5960,-14.58922,-68.5578,2023-09-12,h,2023
5961,-14.57116,-68.49157,2023-09-12,n,2023
5962,-14.57623,-68.85798,2023-09-12,n,2023
5963,-14.53937,-68.68731,2023-09-12,h,2023
5964,-14.5409,-68.7002,2023-09-12,n,2023
5965,-14.53987,-68.69154,2023-09-12,l,2023
5966,-14.54031,-68.69521,2023-09-12,l,2023
5967,-14.54064,-68.698,2023-09-12,l,2023
5968,-14.53475,-68.69255,2023-09-12,n,2023
5969,-14.53517,-68.69607,2023-09-12,n,2023
5970,-14.39192,-68.56168,2023-09-12,n,2023
5971,-14.31467,-68.54932,2023-09-12,l,2023
5972,-14.299,-68.50494,2023-09-12,h,2023
5973,-14.30003,-68.55674,2023-09-12,n,2023
5974,-14.62791,-68.5774,2023-09-12,h,2023
5975,-14.65073,-68.55087,2023-09-12,n,2023
5976,-14.65313,-68.54922,2023-09-12,n,2023
5977,-14.67704,-68.71482,2023-09-12,n,2023
5978,-14.68211,-68.71317,2023-09-12,n,2023
5979,-14.67709,-68.3537,2023-09-12,n,2023
5980,-14.67674,-68.35076,2023-09-12,n,2023
5981,-14.68148,-68.34744,2023-09-12,n,2023
5982,-14.69967,-68.45854,2023-09-12,n,2023
5983,-14.70026,-68.46356,2023-09-12,h,2023
5984,-14.74967,-68.27927,2023-09-12,n,2023
5985,-14.74925,-68.2756,2023-09-12,h,2023
5986,-14.74884,-68.27202,2023-09-12,h,2023
5987,-14.75474,-68.27889,2023-09-12,n,2023
5988,-14.75432,-68.27525,2023-09-12,n,2023
5989,-14.75391,-68.27171,2023-09-12,h,2023
5990,-14.75944,-68.27538,2023-09-12,n,2023
5991,-14.90529,-68.21867,2023-09-12,n,2023
5992,-14.96151,-68.26635,2023-09-12,n,2023
5993,-14.96653,-68.26547,2023-09-12,h,2023
5994,-14.68633,-68.70559,2023-09-13,n,2023
5995,-14.6871,-68.71346,2023-09-13,n,2023
5996,-14.5403,-68.70671,2023-09-13,n,2023
5997,-14.53991,-68.70283,2023-09-13,l,2023
5998,-14.53667,-68.69397,2023-09-13,n,2023
5999,-14.54411,-68.69906,2023-09-13,l,2023
6000,-14.54209,-68.68929,2023-09-13,l,2023
6001,-14.54285,-68.69296,2023-09-13,n,2023
6002,-14.55008,-68.69704,2023-09-13,l,2023
6003,-14.54829,-68.68832,2023-09-13,n,2023
6004,-14.54905,-68.69202,2023-09-13,h,2023
6005,-14.53603,-68.69474,2023-09-13,n,2023
6006,-14.54142,-68.68996,2023-09-13,l,2023
6007,-14.54385,-68.70139,2023-09-13,n,2023
6008,-14.5422,-68.69366,2023-09-13,n,2023
6009,-14.54762,-68.68903,2023-09-13,l,2023
6010,-14.54963,-68.69846,2023-09-13,n,2023
6011,-14.68447,-68.7023,2023-09-13,n,2023
6012,-14.68472,-68.70453,2023-09-13,n,2023
6013,-14.67212,-68.33765,2023-09-13,n,2023
6014,-14.67593,-68.3387,2023-09-13,n,2023
6015,-14.74512,-68.54402,2023-09-14,n,2023
6016,-14.66968,-68.72368,2023-09-14,n,2023
6017,-14.66269,-68.73643,2023-09-14,n,2023
6018,-14.54589,-68.69264,2023-09-14,n,2023
6019,-14.54059,-68.68932,2023-09-14,n,2023
6020,-14.54133,-68.69334,2023-09-14,n,2023
6021,-14.53677,-68.69405,2023-09-14,n,2023
6022,-14.66572,-68.72486,2023-09-16,n,2023
6023,-14.54455,-68.69621,2023-09-16,n,2023
6024,-14.54109,-68.69092,2023-09-16,n,2023
6025,-14.54024,-68.69555,2023-09-16,n,2023
6026,-14.53596,-68.69476,2023-09-16,n,2023
6027,-14.2457,-68.57523,2023-09-16,n,2023
6028,-14.76697,-68.56129,2023-09-16,n,2023
6029,-14.97367,-68.29047,2023-09-16,n,2023
6030,-14.55898,-68.91806,2023-09-17,n,2023
6031,-14.24747,-68.58956,2023-09-17,n,2023
6032,-14.2489,-68.58747,2023-09-17,n,2023
6033,-14.58607,-68.91473,2023-09-17,n,2023
6034,-14.84019,-68.25285,2023-09-17,n,2023
6035,-14.76792,-67.60247,2023-09-17,n,2023
6036,-14.89017,-68.54569,2023-09-17,n,2023
6037,-14.95915,-68.2748,2023-09-17,n,2023
6038,-14.96366,-68.27391,2023-09-17,n,2023
6039,-14.58881,-68.44653,2023-09-17,n,2023
6040,-14.58004,-68.7923,2023-09-17,n,2023
6041,-14.54418,-68.69145,2023-09-17,n,2023
6042,-14.53957,-68.69229,2023-09-17,n,2023
6043,-14.56146,-68.91541,2023-09-17,n,2023
6044,-14.46455,-68.53193,2023-09-17,n,2023
6045,-14.45875,-68.52277,2023-09-17,n,2023
6046,-14.59156,-68.90652,2023-09-18,h,2023
6047,-14.59186,-68.90398,2023-09-18,n,2023
6048,-14.59126,-68.9091,2023-09-18,n,2023
6049,-14.6341,-68.58702,2023-09-18,n,2023
6050,-14.74505,-68.69268,2023-09-18,n,2023
6051,-14.75046,-68.69392,2023-09-18,n,2023
6052,-14.77064,-68.56883,2023-09-18,n,2023
6053,-14.9796,-68.23392,2023-09-18,n,2023
6054,-14.97909,-68.22926,2023-09-18,h,2023
6055,-14.97867,-68.2329,2023-09-18,n,2023
6056,-14.97823,-68.22853,2023-09-18,h,2023
6057,-14.66518,-67.51256,2023-09-18,n,2023
6058,-14.6903,-68.70323,2023-09-18,n,2023
6059,-14.63719,-68.58495,2023-09-18,h,2023
6060,-14.63675,-68.58064,2023-09-18,n,2023
6061,-14.63786,-68.59139,2023-09-18,n,2023
6062,-14.5811,-68.87576,2023-09-18,n,2023
6063,-14.34072,-68.53416,2023-09-18,n,2023
6064,-14.34131,-68.53976,2023-09-18,n,2023
6065,-14.29759,-68.51041,2023-09-18,h,2023
6066,-14.29692,-68.51167,2023-09-18,h,2023
6067,-14.39217,-68.54829,2023-09-19,n,2023
6068,-14.5125,-68.27078,2023-09-19,n,2023
6069,-14.51608,-68.27508,2023-09-19,n,2023
6070,-14.51656,-68.27145,2023-09-19,n,2023
6071,-14.5869,-68.9079,2023-09-19,n,2023
6072,-14.5908,-68.90862,2023-09-19,n,2023
6073,-14.5914,-68.90426,2023-09-19,n,2023
6074,-14.37151,-68.49502,2023-09-19,n,2023
6075,-14.37706,-68.49633,2023-09-19,l,2023
6076,-14.3765,-68.49339,2023-09-19,h,2023
6077,-14.39183,-68.54602,2023-09-19,n,2023
6078,-14.39079,-68.54055,2023-09-19,n,2023
6079,-14.39027,-68.53783,2023-09-19,n,2023
6080,-14.38164,-68.49255,2023-09-19,n,2023
6081,-14.38102,-68.4893,2023-09-19,h,2023
6082,-14.46105,-68.53481,2023-09-19,n,2023
6083,-15.1308,-68.20967,2023-09-19,n,2023
6084,-15.13148,-68.21312,2023-09-19,n,2023
6085,-14.37197,-68.49641,2023-09-20,n,2023
6086,-14.37528,-68.49694,2023-09-20,n,2023
6087,-14.37583,-68.4934,2023-09-20,n,2023
6088,-14.37914,-68.49393,2023-09-20,n,2023
6089,-14.37969,-68.49039,2023-09-20,n,2023
6090,-14.57843,-68.47869,2023-09-20,n,2023
6091,-14.57217,-68.47843,2023-09-20,n,2023
6092,-14.57269,-68.47952,2023-09-20,n,2023
6093,-14.57567,-68.4743,2023-09-20,n,2023
6094,-14.37406,-68.49558,2023-09-21,n,2023
6095,-14.57091,-68.47993,2023-09-21,n,2023
6096,-14.57479,-68.48037,2023-09-21,n,2023
6097,-14.58696,-68.90959,2023-09-21,n,2023
6098,-14.58707,-68.90525,2023-09-21,n,2023
6099,-14.60543,-68.5655,2023-09-21,n,2023
6100,-14.61182,-68.60872,2023-09-21,l,2023
6101,-14.51716,-68.26807,2023-09-21,n,2023
6102,-14.57584,-68.91538,2023-09-21,n,2023
6103,-14.51225,-68.50832,2023-09-21,n,2023
6104,-14.45677,-68.52441,2023-09-21,n,2023
6105,-14.37372,-68.53427,2023-09-21,n,2023
6106,-14.3285,-68.50455,2023-09-21,n,2023
6107,-14.32659,-68.51235,2023-09-21,n,2023
6108,-14.32712,-68.51591,2023-09-21,n,2023
6109,-14.3238,-68.51646,2023-09-21,n,2023
6110,-14.32037,-68.53905,2023-09-21,l,2023
6111,-15.08983,-68.24575,2023-09-21,n,2023
6112,-14.80937,-68.38666,2023-09-21,n,2023
6113,-14.77042,-68.57312,2023-09-22,n,2023
6114,-15.16018,-67.67851,2023-09-22,n,2023
6115,-15.16412,-67.67786,2023-09-22,n,2023
6116,-15.18748,-67.67804,2023-09-22,n,2023
6117,-15.19202,-67.68205,2023-09-22,n,2023
6118,-15.19141,-67.67734,2023-09-22,n,2023
6119,-15.19597,-67.68143,2023-09-22,n,2023
6120,-15.19535,-67.67668,2023-09-22,n,2023
6121,-14.30269,-68.54729,2023-09-22,n,2023
6122,-14.32585,-68.57773,2023-09-22,n,2023
6123,-14.33399,-68.54262,2023-09-22,n,2023
6124,-14.34995,-68.53612,2023-09-22,n,2023
6125,-14.3737,-68.49306,2023-09-22,l,2023
6126,-14.39111,-68.56188,2023-09-22,n,2023
6127,-14.40755,-68.55898,2023-09-22,n,2023
6128,-14.4071,-68.55556,2023-09-22,n,2023
6129,-14.49926,-68.46955,2023-09-22,n,2023
6130,-14.59023,-68.53568,2023-09-22,n,2023
6131,-14.58971,-68.53167,2023-09-22,n,2023
6132,-14.59428,-68.53447,2023-09-22,n,2023
6133,-14.59833,-68.53326,2023-09-22,n,2023
6134,-14.5494,-68.91618,2023-09-23,n,2023
6135,-14.54815,-68.92178,2023-09-23,n,2023
6136,-14.6894,-67.86009,2023-09-23,n,2023
6137,-14.68032,-67.8698,2023-09-23,n,2023
6138,-14.67798,-67.88052,2023-09-23,n,2023
6139,-14.68223,-67.86106,2023-09-23,h,2023
6140,-14.67917,-67.87506,2023-09-23,n,2023
6141,-14.6766,-67.85487,2023-09-23,n,2023
6142,-14.67468,-67.86369,2023-09-23,h,2023
6143,-14.67295,-67.87165,2023-09-23,n,2023
6144,-15.09064,-68.25527,2023-09-23,n,2023
6145,-15.09211,-68.24689,2023-09-23,n,2023
6146,-15.09378,-68.24883,2023-09-23,n,2023
6147,-14.6901,-67.84097,2023-09-23,n,2023
6148,-14.68891,-67.85217,2023-09-23,n,2023
6149,-14.68812,-67.85954,2023-09-23,n,2023
6150,-14.68754,-67.86498,2023-09-23,h,2023
6151,-14.68198,-67.85662,2023-09-23,n,2023
6152,-14.68105,-67.86542,2023-09-23,n,2023
6153,-14.6815,-67.86116,2023-09-23,h,2023
6154,-14.67583,-67.85389,2023-09-23,n,2023
6155,-14.6749,-67.86263,2023-09-23,n,2023
6156,-14.68388,-68.51324,2023-09-23,n,2023
6157,-14.73523,-68.55952,2023-09-23,n,2023
6158,-14.73691,-68.55823,2023-09-23,n,2023
6159,-14.66713,-67.85956,2023-09-23,h,2023
6160,-14.67294,-67.86215,2023-09-23,n,2023
6161,-14.67247,-67.85781,2023-09-23,n,2023
6162,-14.67177,-67.85151,2023-09-23,h,2023
6163,-14.67775,-67.85565,2023-09-23,n,2023
6164,-14.67742,-67.85266,2023-09-23,n,2023
6165,-14.68308,-67.85389,2023-09-23,l,2023
6166,-14.68471,-67.86864,2023-09-23,n,2023
6167,-14.68344,-67.85713,2023-09-23,n,2023
6168,-14.6828,-67.85137,2023-09-23,h,2023
6169,-14.69006,-67.867,2023-09-23,n,2023
6170,-14.68957,-67.86259,2023-09-23,n,2023
6171,-14.68919,-67.85915,2023-09-23,n,2023
6172,-14.6885,-67.85294,2023-09-23,n,2023
6173,-14.68792,-67.84777,2023-09-23,n,2023
6174,-14.68764,-67.84531,2023-09-23,n,2023
6175,-14.69377,-67.85072,2023-09-23,n,2023
6176,-14.69339,-67.84736,2023-09-23,h,2023
6177,-14.73878,-67.62109,2023-09-23,n,2023
6178,-14.73838,-67.61765,2023-09-23,h,2023
6179,-14.74147,-67.61771,2023-09-23,h,2023
6180,-15.15548,-67.68597,2023-09-23,n,2023
6181,-15.19503,-67.67741,2023-09-23,n,2023
6182,-14.55158,-68.91607,2023-09-23,n,2023
6183,-14.55116,-68.91225,2023-09-23,h,2023
6184,-14.55709,-68.91254,2023-09-23,h,2023
6185,-14.56009,-68.88682,2023-09-23,n,2023
6186,-14.55083,-68.91316,2023-09-23,n,2023
6187,-14.55042,-68.90924,2023-09-23,n,2023
6188,-14.55677,-68.91358,2023-09-23,n,2023
6189,-14.55636,-68.90976,2023-09-23,n,2023
6190,-14.55998,-68.88802,2023-09-23,n,2023
6191,-14.57499,-68.8084,2023-09-23,n,2023
6192,-14.57454,-68.80418,2023-09-23,n,2023
6193,-14.69533,-67.84765,2023-09-24,n,2023
6194,-14.69469,-67.85281,2023-09-24,n,2023
6195,-14.68607,-67.84574,2023-09-24,n,2023
6196,-14.67941,-67.86112,2023-09-24,n,2023
6197,-14.67483,-67.85986,2023-09-24,n,2023
6198,-14.67618,-67.84887,2023-09-24,n,2023
6199,-14.66039,-67.86146,2023-09-24,n,2023
6200,-14.66107,-67.8559,2023-09-24,n,2023
6201,-14.65661,-67.8535,2023-09-24,n,2023
6202,-14.65588,-67.85952,2023-09-24,n,2023
6203,-14.43695,-68.51505,2023-09-24,n,2023
6204,-14.67233,-68.55677,2023-09-24,n,2023
6205,-14.2962,-68.49901,2023-09-24,h,2023
6206,-14.29829,-68.49796,2023-09-24,h,2023
6207,-14.57944,-68.80975,2023-09-24,n,2023
6208,-14.57928,-68.81251,2023-09-24,n,2023
6209,-14.53635,-68.40096,2023-09-24,n,2023
6210,-14.53707,-68.40453,2023-09-24,h,2023
6211,-14.54189,-68.39924,2023-09-24,n,2023
6212,-14.54116,-68.39565,2023-09-24,n,2023
6213,-14.60115,-68.57743,2023-09-24,n,2023
6214,-14.66361,-68.71717,2023-09-24,n,2023
6215,-14.6371,-68.58289,2023-09-24,n,2023
6216,-14.66265,-68.71734,2023-09-24,n,2023
6217,-14.66727,-68.54081,2023-09-24,n,2023
6218,-14.67604,-68.5554,2023-09-24,n,2023
6219,-14.67534,-68.55191,2023-09-24,h,2023
6220,-14.75283,-68.48668,2023-09-24,n,2023
6221,-14.6726,-67.85947,2023-09-24,n,2023
6222,-14.67181,-67.85558,2023-09-24,n,2023
6223,-14.69304,-67.84029,2023-09-24,n,2023
6224,-14.69883,-67.83886,2023-09-24,n,2023
6225,-14.70453,-67.83691,2023-09-24,n,2023
6226,-14.70375,-67.83307,2023-09-24,n,2023
6227,-14.69223,-67.84236,2023-09-24,n,2023
6228,-14.69057,-67.83447,2023-09-24,n,2023
6229,-14.70358,-67.8384,2023-09-24,n,2023
6230,-14.70273,-67.83433,2023-09-24,h,2023
6231,-14.88469,-68.48708,2023-09-24,n,2023
6232,-14.92995,-68.40721,2023-09-24,n,2023
6233,-14.5816,-68.82368,2023-09-25,n,2023
6234,-14.57701,-68.85435,2023-09-25,n,2023
6235,-14.57881,-68.81921,2023-09-25,n,2023
6236,-14.70168,-67.83846,2023-09-25,n,2023
6237,-14.69816,-67.83801,2023-09-25,n,2023
6238,-14.69343,-67.84605,2023-09-25,n,2023
6239,-14.69047,-67.86676,2023-09-25,n,2023
6240,-14.68991,-67.87064,2023-09-25,n,2023
6241,-14.69057,-67.84094,2023-09-25,n,2023
6242,-14.68641,-67.87009,2023-09-25,n,2023
6243,-14.68695,-67.86632,2023-09-25,n,2023
6244,-14.6871,-67.84013,2023-09-25,n,2023
6245,-14.68963,-67.8416,2023-09-25,n,2023
6246,-14.68616,-67.84081,2023-09-25,n,2023
6247,-14.54679,-68.39905,2023-09-25,n,2023
6248,-14.5336,-68.39355,2023-09-25,n,2023
6249,-14.53304,-68.39729,2023-09-25,n,2023
6250,-14.40359,-68.74885,2023-09-25,n,2023
6251,-14.29414,-68.49924,2023-09-25,n,2023
6252,-14.65068,-68.5709,2023-09-25,n,2023
6253,-14.67744,-68.5553,2023-09-25,n,2023
6254,-14.73689,-68.57905,2023-09-25,n,2023
6255,-14.76985,-68.56867,2023-09-25,n,2023
6256,-14.79717,-68.57273,2023-09-25,n,2023
6257,-14.79775,-68.56891,2023-09-25,n,2023
6258,-14.7975,-68.57249,2023-09-25,n,2023
6259,-14.79806,-68.56866,2023-09-25,n,2023
6260,-14.59331,-68.81484,2023-09-25,n,2023
6261,-14.99577,-68.18668,2023-09-25,n,2023
6262,-14.99513,-68.18298,2023-09-25,n,2023
6263,-14.99631,-68.18642,2023-09-25,n,2023
6264,-14.99564,-68.18276,2023-09-25,n,2023
6265,-15.01682,-68.25154,2023-09-25,n,2023
6266,-15.11739,-68.33435,2023-09-25,n,2023
6267,-15.20155,-68.17029,2023-09-25,n,2023
6268,-14.29599,-68.49918,2023-09-25,n,2023
6269,-14.31882,-68.48315,2023-09-25,n,2023
6270,-14.37107,-68.51221,2023-09-25,n,2023
6271,-14.39284,-68.56339,2023-09-25,n,2023
6272,-14.5306,-68.40324,2023-09-25,n,2023
6273,-14.52932,-68.39613,2023-09-25,n,2023
6274,-14.52803,-68.38889,2023-09-25,n,2023
6275,-14.5273,-68.38483,2023-09-25,n,2023
6276,-14.52868,-68.39252,2023-09-25,h,2023
6277,-14.53214,-68.38785,2023-09-25,n,2023
6278,-14.53143,-68.38392,2023-09-25,n,2023
6279,-14.53688,-68.39036,2023-09-25,n,2023
6280,-14.53623,-68.38673,2023-09-25,n,2023
6281,-14.53487,-68.37909,2023-09-25,n,2023
6282,-14.53969,-68.38203,2023-09-25,n,2023
6283,-14.53902,-68.37829,2023-09-25,n,2023
6284,-14.5383,-68.37426,2023-09-25,n,2023
6285,-14.54508,-68.38822,2023-09-25,n,2023
6286,-14.54315,-68.37738,2023-09-25,n,2023
6287,-14.54249,-68.37364,2023-09-25,n,2023
6288,-14.54444,-68.38462,2023-09-25,h,2023
6289,-14.5438,-68.38101,2023-09-25,h,2023
6290,-14.54855,-68.38359,2023-09-25,n,2023
6291,-14.54791,-68.37998,2023-09-25,n,2023
6292,-14.55332,-68.38625,2023-09-25,l,2023
6293,-14.66316,-68.72578,2023-09-25,n,2023
6294,-14.65649,-68.68855,2023-09-25,n,2023
6295,-14.619,-68.43376,2023-09-25,n,2023
6296,-14.64587,-68.55904,2023-09-25,n,2023
6297,-14.65555,-68.56572,2023-09-25,n,2023
6298,-14.68776,-68.69887,2023-09-25,n,2023
6299,-14.69191,-68.69857,2023-09-25,n,2023
6300,-14.67131,-68.53521,2023-09-25,n,2023
6301,-14.67546,-68.53465,2023-09-25,n,2023
6302,-14.75904,-68.48846,2023-09-25,n,2023
6303,-14.75836,-68.48466,2023-09-25,n,2023
6304,-14.68173,-67.86375,2023-09-25,n,2023
6305,-14.82439,-68.57025,2023-09-25,n,2023
6306,-14.80802,-68.45271,2023-09-25,l,2023
6307,-14.83255,-68.5686,2023-09-25,n,2023
6308,-14.83991,-68.26178,2023-09-25,n,2023
6309,-14.72307,-67.59129,2023-09-25,n,2023
6310,-14.65904,-68.71935,2023-09-26,n,2023
6311,-14.68785,-68.70073,2023-09-26,n,2023
6312,-14.67688,-68.52821,2023-09-26,n,2023
6313,-14.52402,-68.38029,2023-09-26,n,2023
6314,-14.52467,-68.37642,2023-09-26,n,2023
6315,-14.52755,-68.3808,2023-09-26,n,2023
6316,-14.5282,-68.37693,2023-09-26,n,2023
6317,-14.53525,-68.378,2023-09-26,n,2023
6318,-14.53591,-68.37407,2023-09-26,n,2023
6319,-14.68777,-67.83843,2023-09-26,n,2023
6320,-14.60677,-68.57969,2023-09-26,n,2023
6321,-14.66913,-68.53106,2023-09-26,n,2023
6322,-14.24422,-68.57426,2023-09-26,l,2023
6323,-14.27142,-68.52924,2023-09-26,n,2023
6324,-14.2988,-68.55686,2023-09-26,l,2023
6325,-14.31545,-68.53213,2023-09-26,n,2023
6326,-14.3182,-68.48386,2023-09-26,n,2023
6327,-14.34711,-68.53799,2023-09-26,l,2023
6328,-14.34655,-68.53438,2023-09-26,n,2023
6329,-14.37043,-68.51209,2023-09-26,n,2023
6330,-14.36988,-68.50854,2023-09-26,n,2023
6331,-14.38598,-68.54637,2023-09-26,n,2023
6332,-14.38931,-68.54583,2023-09-26,n,2023
6333,-14.39536,-68.54469,2023-09-26,n,2023
6334,-14.39869,-68.54413,2023-09-26,n,2023
6335,-14.462,-68.53395,2023-09-26,n,2023
6336,-14.46754,-68.52566,2023-09-26,n,2023
6337,-14.50169,-68.50859,2023-09-26,l,2023
6338,-14.57379,-68.93024,2023-09-26,n,2023
6339,-14.5078,-68.50395,2023-09-26,n,2023
6340,-14.5771,-68.92967,2023-09-26,n,2023
6341,-14.51113,-68.50343,2023-09-26,n,2023
6342,-14.58052,-68.8194,2023-09-26,n,2023
6343,-14.57997,-68.81583,2023-09-26,n,2023
6344,-14.52223,-68.37701,2023-09-26,n,2023
6345,-14.52166,-68.37336,2023-09-26,n,2023
6346,-14.52109,-68.36971,2023-09-26,n,2023
6347,-14.52556,-68.37649,2023-09-26,l,2023
6348,-14.52442,-68.36916,2023-09-26,n,2023
6349,-14.52385,-68.36552,2023-09-26,n,2023
6350,-14.59716,-68.81709,2023-09-26,n,2023
6351,-14.54778,-68.49749,2023-09-26,n,2023
6352,-14.52775,-68.3686,2023-09-26,n,2023
6353,-14.52662,-68.36134,2023-09-26,n,2023
6354,-14.52718,-68.36497,2023-09-26,h,2023
6355,-14.53166,-68.37173,2023-09-26,l,2023
6356,-14.53109,-68.36807,2023-09-26,n,2023
6357,-14.52995,-68.36079,2023-09-26,n,2023
6358,-14.53052,-68.36443,2023-09-26,h,2023
6359,-14.53385,-68.36388,2023-09-26,n,2023
6360,-14.53329,-68.36024,2023-09-26,n,2023
6361,-14.53606,-68.35607,2023-09-26,n,2023
6362,-14.53662,-68.35969,2023-09-26,h,2023
6363,-14.57397,-68.53439,2023-09-26,l,2023
6364,-14.57163,-68.36497,2023-09-26,n,2023
6365,-14.57441,-68.36084,2023-09-26,n,2023
6366,-14.5733,-68.35371,2023-09-26,l,2023
6367,-14.65668,-68.71893,2023-09-26,l,2023
6368,-14.65614,-68.71544,2023-09-26,l,2023
6369,-14.65946,-68.7149,2023-09-26,n,2023
6370,-14.6551,-68.68657,2023-09-26,n,2023
6371,-14.66717,-68.74282,2023-09-26,n,2023
6372,-14.66552,-68.73215,2023-09-26,n,2023
6373,-14.65898,-68.68964,2023-09-26,n,2023
6374,-14.63957,-68.5643,2023-09-26,n,2023
6375,-14.67049,-68.74231,2023-09-26,n,2023
6376,-14.67224,-68.53323,2023-09-26,l,2023
6377,-14.67112,-68.52599,2023-09-26,n,2023
6378,-14.67444,-68.52544,2023-09-26,n,2023
6379,-14.67388,-68.52181,2023-09-26,n,2023
6380,-14.69224,-68.35934,2023-09-26,n,2023
6381,-14.82556,-68.60295,2023-09-26,n,2023
6382,-14.72335,-67.60735,2023-09-26,n,2023
6383,-14.83732,-68.2859,2023-09-26,n,2023
6384,-14.87155,-68.48405,2023-09-26,n,2023
6385,-14.84065,-68.2853,2023-09-26,n,2023
6386,-14.87789,-68.26057,2023-09-26,l,2023
6387,-14.87733,-68.25704,2023-09-26,n,2023
6388,-14.92202,-68.47956,2023-09-26,n,2023
6389,-14.9195,-68.40181,2023-09-26,n,2023
6390,-14.92784,-68.4115,2023-09-26,n,2023
6391,-14.93117,-68.41098,2023-09-26,n,2023
6392,-14.95779,-68.40652,2023-09-26,n,2023
6393,-14.96056,-68.40237,2023-09-26,n,2023
6394,-14.99017,-68.19662,2023-09-26,n,2023
6395,-14.99254,-68.19617,2023-09-26,n,2023
6396,-14.99806,-68.1877,2023-09-26,n,2023
6397,-14.99749,-68.18408,2023-09-26,n,2023
6398,-14.99694,-68.1805,2023-09-26,n,2023
6399,-15.01889,-68.25497,2023-09-26,n,2023
6400,-15.0617,-68.24408,2023-09-26,n,2023
6401,-15.0886,-68.32912,2023-09-26,n,2023
6402,-15.09194,-68.32859,2023-09-26,n,2023
6403,-15.14208,-68.32694,2023-09-26,n,2023
6404,-14.52399,-68.35648,2023-09-27,n,2023
6405,-14.6919,-67.84875,2023-09-27,n,2023
6406,-14.63077,-68.35182,2023-09-28,n,2023
6407,-14.62534,-68.34928,2023-09-28,n,2023
6408,-14.31529,-68.52332,2023-09-28,n,2023
6409,-14.32262,-68.54204,2023-09-28,n,2023
6410,-14.32774,-68.54136,2023-09-28,n,2023
6411,-14.68022,-67.57396,2023-09-29,n,2023
6412,-14.67982,-67.57732,2023-09-29,h,2023
6413,-15.03914,-68.25,2023-09-29,n,2023
6414,-14.67358,-67.56593,2023-09-29,n,2023
6415,-14.66114,-68.70267,2023-09-29,n,2023
6416,-14.65598,-68.67802,2023-09-29,n,2023
6417,-14.67662,-67.56562,2023-09-29,n,2023
6418,-14.67544,-67.56007,2023-09-29,n,2023
6419,-14.68435,-67.56999,2023-09-29,n,2023
6420,-14.67471,-67.56238,2023-09-29,n,2023
6421,-14.68369,-67.57228,2023-09-29,n,2023
6422,-15.05586,-68.10712,2023-09-29,n,2023
6423,-15.05996,-68.09566,2023-09-29,n,2023
6424,-14.60802,-68.56992,2023-10-01,n,2023
6425,-14.85628,-68.35593,2023-10-01,n,2023
6426,-14.85561,-68.35189,2023-10-01,n,2023
6427,-14.85978,-68.35545,2023-10-01,n,2023
6428,-14.34938,-68.59561,2023-10-02,n,2023
6429,-14.35441,-68.59226,2023-10-02,n,2023
6430,-14.56857,-68.72018,2023-10-02,n,2023
6431,-14.56933,-68.71613,2023-10-02,n,2023
6432,-14.57286,-68.72104,2023-10-02,n,2023
6433,-15.14016,-68.24103,2023-10-02,n,2023
6434,-15.1408,-68.23752,2023-10-02,n,2023
6435,-15.14368,-68.24517,2023-10-02,n,2023
6436,-15.14433,-68.24158,2023-10-02,n,2023
6437,-15.14499,-68.23796,2023-10-02,n,2023
6438,-15.14715,-68.24029,2023-10-02,l,2023
6439,-15.14316,-68.23707,2023-10-02,l,2023
6440,-15.1437,-68.24084,2023-10-02,l,2023
6441,-15.02758,-68.16178,2023-10-02,l,2023
6442,-14.74457,-67.60642,2023-10-02,n,2023
6443,-15.07636,-68.23695,2023-10-03,n,2023
6444,-15.0123,-68.46975,2023-10-03,n,2023
6445,-14.96166,-68.43915,2023-10-03,n,2023
6446,-14.96223,-68.44384,2023-10-03,n,2023
6447,-14.83648,-68.52325,2023-10-03,n,2023
6448,-14.70836,-68.34695,2023-10-03,n,2023
6449,-14.70372,-68.34685,2023-10-03,n,2023
6450,-14.7045,-68.35334,2023-10-03,n,2023
6451,-14.6385,-68.69741,2023-10-03,n,2023
6452,-14.53182,-68.69913,2023-10-03,n,2023
6453,-14.48108,-68.50965,2023-10-03,n,2023
6454,-14.48179,-68.5157,2023-10-03,n,2023
6455,-14.48179,-68.51366,2023-10-03,n,2023
6456,-14.5813,-67.98268,2023-10-04,n,2023
6457,-14.58168,-67.97944,2023-10-04,n,2023
6458,-14.58334,-67.98192,2023-10-04,n,2023
6459,-14.58373,-67.97842,2023-10-04,n,2023
6460,-14.24187,-68.58342,2023-10-04,h,2023
6461,-14.23913,-68.58286,2023-10-04,h,2023
6462,-14.46119,-68.54249,2023-10-04,n,2023
6463,-14.45848,-68.54223,2023-10-04,n,2023
6464,-14.48081,-68.51174,2023-10-04,n,2023
6465,-14.61143,-68.57221,2023-10-04,n,2023
6466,-14.64868,-68.68331,2023-10-04,n,2023
6467,-14.58632,-67.98194,2023-10-04,n,2023
6468,-14.65076,-68.67891,2023-10-04,n,2023
6469,-14.58745,-67.98325,2023-10-04,n,2023
6470,-14.86281,-68.47237,2023-10-04,n,2023
6471,-14.85999,-68.47121,2023-10-04,n,2023
6472,-15.04356,-67.71622,2023-10-04,n,2023
6473,-14.69399,-68.28745,2023-10-04,n,2023
6474,-14.6508,-68.67467,2023-10-04,n,2023
6475,-14.6479,-68.67525,2023-10-04,n,2023
6476,-14.59512,-68.59294,2023-10-04,n,2023
6477,-14.53139,-68.4948,2023-10-04,n,2023
6478,-14.54545,-68.68661,2023-10-04,n,2023
6479,-14.536,-68.48971,2023-10-04,n,2023
6480,-14.53702,-68.49448,2023-10-04,n,2023
6481,-14.55007,-68.68777,2023-10-04,n,2023
6482,-14.53751,-68.69445,2023-10-04,n,2023
6483,-14.47659,-68.50954,2023-10-04,h,2023
6484,-14.39033,-68.53586,2023-10-04,n,2023
6485,-14.40602,-68.55069,2023-10-04,n,2023
6486,-14.38898,-68.53719,2023-10-04,n,2023
6487,-14.28042,-68.52679,2023-10-04,n,2023
6488,-14.27983,-68.52924,2023-10-04,n,2023
6489,-14.24187,-68.58298,2023-10-04,n,2023
6490,-15.08732,-68.23679,2023-10-05,n,2023
6491,-15.08785,-68.23266,2023-10-05,n,2023
6492,-15.10574,-68.35069,2023-10-05,n,2023
6493,-14.80437,-68.41341,2023-10-05,n,2023
6494,-14.3968,-68.54984,2023-10-05,n,2023
6495,-14.45909,-68.51804,2023-10-05,l,2023
6496,-14.45958,-68.52061,2023-10-05,n,2023
6497,-14.45716,-68.51915,2023-10-05,l,2023
6498,-14.45666,-68.51661,2023-10-05,n,2023
6499,-14.5348,-68.70289,2023-10-05,n,2023
6500,-14.54158,-68.60269,2023-10-05,n,2023
6501,-14.59198,-68.59861,2023-10-05,n,2023
6502,-14.59126,-68.59494,2023-10-05,n,2023
6503,-14.64526,-68.65849,2023-10-05,n,2023
6504,-14.39559,-68.55065,2023-10-06,n,2023
6505,-14.39614,-68.54712,2023-10-06,n,2023
6506,-14.45793,-68.52078,2023-10-06,n,2023
6507,-14.47225,-68.4942,2023-10-06,n,2023
6508,-14.50202,-68.5208,2023-10-06,n,2023
6509,-14.55844,-68.4865,2023-10-06,n,2023
6510,-14.54665,-68.69205,2023-10-06,n,2023
6511,-14.61228,-68.57573,2023-10-06,n,2023
6512,-14.59725,-68.82391,2023-10-06,n,2023
6513,-14.64651,-68.66113,2023-10-06,n,2023
6514,-14.64759,-68.67587,2023-10-06,n,2023
6515,-14.64814,-68.67231,2023-10-06,n,2023
6516,-14.68937,-68.71193,2023-10-06,n,2023
6517,-14.73872,-68.43964,2023-10-06,n,2023
6518,-14.74203,-68.44017,2023-10-06,n,2023
6519,-14.74258,-68.43661,2023-10-06,n,2023
6520,-14.93382,-68.3916,2023-10-06,n,2023
6521,-14.92814,-68.4926,2023-10-06,n,2023
6522,-14.92692,-68.49235,2023-10-06,n,2023
6523,-14.90023,-68.51617,2023-10-06,n,2023
6524,-14.72576,-67.61195,2023-10-06,n,2023
6525,-14.84499,-68.30412,2023-10-06,n,2023
6526,-14.83165,-68.24879,2023-10-06,n,2023
6527,-14.60561,-68.42562,2023-10-06,n,2023
6528,-14.61664,-68.55636,2023-10-06,n,2023
6529,-14.61604,-68.57516,2023-10-06,n,2023
6530,-14.62021,-68.56281,2023-10-06,n,2023
6531,-14.6158,-68.55938,2023-10-06,n,2023
6532,-14.61437,-68.57381,2023-10-06,n,2023
6533,-14.59834,-68.81932,2023-10-06,n,2023
6534,-14.59911,-68.82384,2023-10-06,n,2023
6535,-14.51365,-68.50155,2023-10-06,n,2023
6536,-14.50347,-68.46458,2023-10-06,n,2023
6537,-14.50989,-68.50213,2023-10-06,n,2023
6538,-14.49976,-68.46545,2023-10-06,n,2023
6539,-14.47879,-68.48115,2023-10-06,n,2023
6540,-14.47948,-68.48524,2023-10-06,n,2023
6541,-14.48017,-68.48936,2023-10-06,n,2023
6542,-14.47508,-68.48206,2023-10-06,h,2023
6543,-14.47439,-68.47798,2023-10-06,n,2023
6544,-14.47576,-68.48609,2023-10-06,n,2023
6545,-14.47645,-68.4902,2023-10-06,n,2023
6546,-14.47715,-68.49435,2023-10-06,n,2023
6547,-14.47785,-68.49855,2023-10-06,n,2023
6548,-14.47136,-68.48293,2023-10-06,n,2023
6549,-14.47204,-68.48694,2023-10-06,n,2023
6550,-14.47272,-68.491,2023-10-06,n,2023
6551,-14.46937,-68.51699,2023-10-06,n,2023
6552,-14.4701,-68.52132,2023-10-06,n,2023
6553,-14.46562,-68.51764,2023-10-06,n,2023
6554,-14.45887,-68.52331,2023-10-06,n,2023
6555,-14.44396,-68.52639,2023-10-06,n,2023
6556,-14.40197,-68.55163,2023-10-06,n,2023
6557,-14.40278,-68.55634,2023-10-06,n,2023
6558,-14.39744,-68.54771,2023-10-06,n,2023
6559,-14.38843,-68.54021,2023-10-06,n,2023
6560,-14.40096,-68.5507,2023-10-06,n,2023
6561,-14.40174,-68.55537,2023-10-06,n,2023
6562,-14.39646,-68.54681,2023-10-06,n,2023
6563,-14.39721,-68.55134,2023-10-06,n,2023
6564,-14.3875,-68.53934,2023-10-06,n,2023
6565,-14.37028,-68.55166,2023-10-06,n,2023
6566,-14.52652,-68.736,2023-10-07,n,2023
6567,-14.55884,-68.66794,2023-10-07,n,2023
6568,-14.56267,-68.66893,2023-10-07,n,2023
6569,-14.56635,-68.67081,2023-10-07,n,2023
6570,-14.57001,-68.67281,2023-10-07,n,2023
6571,-14.62733,-68.39377,2023-10-07,n,2023
6572,-14.60982,-68.58337,2023-10-07,n,2023
6573,-14.59447,-68.80811,2023-10-07,n,2023
6574,-14.59504,-68.82788,2023-10-07,n,2023
6575,-14.59607,-68.82195,2023-10-07,n,2023
6576,-14.62728,-68.68959,2023-10-07,n,2023
6577,-14.62827,-68.68385,2023-10-07,n,2023
6578,-14.62834,-68.68587,2023-10-07,n,2023
6579,-14.65185,-68.71149,2023-10-07,n,2023
6580,-15.05961,-68.32375,2023-10-07,n,2023
6581,-15.06042,-68.31918,2023-10-07,n,2023
6582,-15.13014,-68.25448,2023-10-07,n,2023
6583,-15.13385,-68.2555,2023-10-07,n,2023
6584,-14.4645,-68.51858,2023-10-07,n,2023
6585,-14.25798,-68.54479,2023-10-07,n,2023
6586,-14.88973,-68.45292,2023-10-07,n,2023
6587,-14.77109,-68.2914,2023-10-07,n,2023
6588,-15.09377,-68.34335,2023-10-07,n,2023
6589,-15.04026,-68.32278,2023-10-07,n,2023
6590,-15.03467,-68.33098,2023-10-07,n,2023
6591,-14.93436,-68.5013,2023-10-07,n,2023
6592,-14.56621,-68.48701,2023-10-07,n,2023
6593,-14.56953,-68.48647,2023-10-07,n,2023
6594,-14.55989,-68.42112,2023-10-07,n,2023
6595,-14.56322,-68.42061,2023-10-07,n,2023
6596,-14.56268,-68.41704,2023-10-07,n,2023
6597,-14.56016,-68.37711,2023-10-07,n,2023
6598,-14.68626,-68.29094,2023-10-07,n,2023
6599,-14.9257,-68.46577,2023-10-07,n,2023
6600,-14.93103,-68.50181,2023-10-07,n,2023
6601,-14.90634,-68.5425,2023-10-07,n,2023
6602,-14.55335,-68.67277,2023-10-07,n,2023
6603,-14.55668,-68.67222,2023-10-07,n,2023
6604,-14.53058,-68.4963,2023-10-07,n,2023
6605,-14.55945,-68.66794,2023-10-07,n,2023
6606,-14.59434,-68.81889,2023-10-08,n,2023
6607,-14.59359,-68.82267,2023-10-08,n,2023
6608,-14.59147,-68.80556,2023-10-08,n,2023
6609,-14.59048,-68.81048,2023-10-08,n,2023
6610,-14.59097,-68.80805,2023-10-08,h,2023
6611,-14.61063,-68.57232,2023-10-08,n,2023
6612,-14.51969,-68.73295,2023-10-08,n,2023
6613,-14.51406,-68.73351,2023-10-08,n,2023
6614,-14.51336,-68.73705,2023-10-08,n,2023
6615,-14.25939,-68.54208,2023-10-08,n,2023
6616,-14.25878,-68.5452,2023-10-08,n,2023
6617,-14.24456,-68.58997,2023-10-08,n,2023
6618,-14.37538,-68.5466,2023-10-08,n,2023
6619,-14.37952,-68.54601,2023-10-08,n,2023
6620,-14.38368,-68.54553,2023-10-08,n,2023
6621,-14.4677,-68.4786,2023-10-08,n,2023
6622,-14.61159,-68.58106,2023-10-08,n,2023
6623,-14.74947,-68.32619,2023-10-08,n,2023
6624,-14.7536,-68.32587,2023-10-08,n,2023
6625,-14.76821,-68.24697,2023-10-08,n,2023
6626,-14.76789,-68.24751,2023-10-08,n,2023
6627,-14.38142,-68.54498,2023-10-08,n,2023
6628,-14.37727,-68.54552,2023-10-08,n,2023
6629,-14.3359,-68.55178,2023-10-08,n,2023
6630,-15.05632,-68.26096,2023-10-10,n,2023
6631,-15.1415,-68.31823,2023-10-10,n,2023
6632,-14.95126,-68.2477,2023-10-10,n,2023
6633,-14.95014,-68.27097,2023-10-10,n,2023
6634,-14.92703,-68.25688,2023-10-10,n,2023
6635,-14.92315,-68.41359,2023-10-10,n,2023
6636,-14.53691,-68.45554,2023-10-10,h,2023
6637,-14.25686,-68.53355,2023-10-10,h,2023
6638,-14.28878,-68.54716,2023-10-10,n,2023
6639,-14.288,-68.54328,2023-10-10,n,2023
6640,-14.29435,-68.54585,2023-10-10,h,2023
6641,-14.31634,-68.53911,2023-10-10,n,2023
6642,-14.33601,-68.55019,2023-10-10,n,2023
6643,-14.37925,-68.54521,2023-10-10,n,2023
6644,-14.37239,-68.511,2023-10-10,n,2023
6645,-14.37851,-68.54155,2023-10-10,h,2023
6646,-14.4046,-68.55553,2023-10-10,n,2023
6647,-14.40377,-68.55136,2023-10-10,n,2023
6648,-14.41042,-68.55557,2023-10-10,n,2023
6649,-14.45864,-68.54679,2023-10-10,h,2023
6650,-14.44404,-68.47468,2023-10-10,h,2023
6651,-14.44322,-68.47063,2023-10-10,h,2023
6652,-14.46752,-68.47519,2023-10-10,n,2023
6653,-14.46661,-68.47067,2023-10-10,n,2023
6654,-14.48059,-68.51125,2023-10-10,n,2023
6655,-14.47125,-68.46468,2023-10-10,n,2023
6656,-14.46893,-68.45312,2023-10-10,n,2023
6657,-14.46821,-68.44958,2023-10-10,n,2023
6658,-14.46758,-68.44645,2023-10-10,n,2023
6659,-14.47248,-68.47081,2023-10-10,h,2023
6660,-14.50327,-68.56645,2023-10-10,n,2023
6661,-14.49227,-68.51138,2023-10-10,h,2023
6662,-14.53444,-68.54805,2023-10-10,n,2023
6663,-14.53474,-68.46091,2023-10-10,n,2023
6664,-14.53426,-68.4585,2023-10-10,n,2023
6665,-14.53258,-68.54847,2023-10-10,n,2023
6666,-14.5379,-68.46045,2023-10-10,n,2023
6667,-14.53741,-68.45801,2023-10-10,n,2023
6668,-14.53639,-68.45298,2023-10-10,n,2023
6669,-14.59522,-68.71426,2023-10-10,n,2023
6670,-14.5943,-68.70973,2023-10-10,n,2023
6671,-14.54293,-68.45643,2023-10-10,n,2023
6672,-14.5424,-68.45384,2023-10-10,h,2023
6673,-14.54188,-68.45128,2023-10-10,h,2023
6674,-14.54136,-68.44871,2023-10-10,h,2023
6675,-14.54074,-68.44565,2023-10-10,h,2023
6676,-14.54737,-68.44955,2023-10-10,n,2023
6677,-14.65376,-68.72018,2023-10-10,n,2023
6678,-14.67421,-68.73675,2023-10-10,n,2023
6679,-14.673,-68.73061,2023-10-10,n,2023
6680,-14.67357,-68.73351,2023-10-10,h,2023
6681,-14.67346,-68.73565,2023-10-10,n,2023
6682,-14.66355,-68.68714,2023-10-10,n,2023
6683,-14.67284,-68.73264,2023-10-10,h,2023
6684,-14.64922,-68.44695,2023-10-10,n,2023
6685,-14.6501,-68.45127,2023-10-10,h,2023
6686,-14.65486,-68.44601,2023-10-10,n,2023
6687,-14.65413,-68.4424,2023-10-10,n,2023
6688,-14.66134,-68.44917,2023-10-10,n,2023
6689,-14.66051,-68.44506,2023-10-10,n,2023
6690,-14.66207,-68.42398,2023-10-10,n,2023
6691,-14.66618,-68.44429,2023-10-10,h,2023
6692,-14.66539,-68.44038,2023-10-10,h,2023
6693,-14.671,-68.43924,2023-10-10,n,2023
6694,-14.67015,-68.43505,2023-10-10,n,2023
6695,-14.73463,-68.36272,2023-10-10,n,2023
6696,-15.0879,-68.32436,2023-10-11,n,2023
6697,-15.00241,-68.19294,2023-10-11,n,2023
6698,-14.99553,-68.16738,2023-10-11,n,2023
6699,-14.94934,-68.24837,2023-10-11,n,2023
6700,-14.6008,-68.82551,2023-10-11,n,2023
6701,-14.59744,-68.82487,2023-10-11,n,2023
6702,-14.5969,-68.82843,2023-10-11,n,2023
6703,-14.59409,-68.82417,2023-10-11,n,2023
6704,-14.59356,-68.82771,2023-10-11,n,2023
6705,-14.39434,-68.5467,2023-10-11,n,2023
6706,-14.28903,-68.54981,2023-10-11,n,2023
6707,-14.27175,-68.54409,2023-10-11,n,2023
6708,-14.26777,-68.54738,2023-10-11,n,2023
6709,-14.26835,-68.54354,2023-10-11,n,2023
6710,-14.26496,-68.543,2023-10-11,n,2023
6711,-14.25589,-68.53391,2023-10-11,n,2023
6712,-14.24174,-68.5586,2023-10-11,n,2023
6713,-14.6773,-68.28645,2023-10-11,n,2023
6714,-14.67798,-68.29025,2023-10-11,n,2023
6715,-14.6484,-68.4454,2023-10-11,n,2023
6716,-14.64426,-68.44606,2023-10-11,n,2023
6717,-14.64522,-68.5704,2023-10-11,n,2023
6718,-14.66798,-68.69839,2023-10-11,n,2023
6719,-14.66857,-68.7017,2023-10-11,n,2023
6720,-14.67406,-68.73268,2023-10-11,n,2023
6721,-14.67465,-68.73608,2023-10-11,n,2023
6722,-14.6621,-68.6888,2023-10-11,n,2023
6723,-14.6639,-68.69895,2023-10-11,n,2023
6724,-14.66454,-68.70257,2023-10-11,n,2023
6725,-14.6551,-68.72007,2023-10-11,n,2023
6726,-14.65099,-68.72046,2023-10-11,n,2023
6727,-14.61596,-68.54848,2023-10-11,n,2023
6728,-14.61663,-68.55219,2023-10-11,n,2023
6729,-14.58202,-68.4445,2023-10-11,n,2023
6730,-14.58266,-68.44818,2023-10-11,n,2023
6731,-14.57987,-68.45657,2023-10-11,n,2023
6732,-14.5853,-68.48774,2023-10-11,n,2023
6733,-14.57952,-68.4789,2023-10-11,l,2023
6734,-14.57534,-68.47925,2023-10-11,n,2023
6735,-14.60283,-68.63683,2023-10-11,n,2023
6736,-14.60338,-68.63996,2023-10-11,n,2023
6737,-14.58116,-68.53681,2023-10-11,n,2023
6738,-14.59832,-68.63505,2023-10-11,n,2023
6739,-14.59888,-68.63824,2023-10-11,n,2023
6740,-14.59941,-68.64127,2023-10-11,n,2023
6741,-14.54394,-68.37334,2023-10-11,n,2023
6742,-14.56406,-68.5837,2023-10-11,n,2023
6743,-14.58526,-68.70409,2023-10-11,n,2023
6744,-14.58649,-68.7111,2023-10-11,n,2023
6745,-14.58712,-68.71471,2023-10-11,n,2023
6746,-14.53405,-68.43808,2023-10-11,n,2023
6747,-14.53202,-68.45059,2023-10-11,n,2023
6748,-14.5782,-68.71153,2023-10-11,l,2023
6749,-14.58271,-68.73714,2023-10-11,n,2023
6750,-14.56463,-68.65836,2023-10-11,n,2023
6751,-14.56523,-68.6618,2023-10-11,n,2023
6752,-14.56936,-68.68523,2023-10-11,n,2023
6753,-14.57334,-68.70776,2023-10-11,n,2023
6754,-14.57399,-68.71143,2023-10-11,n,2023
6755,-14.56983,-68.71162,2023-10-11,l,2023
6756,-14.49443,-68.47841,2023-10-11,h,2023
6757,-14.49388,-68.4753,2023-10-11,n,2023
6758,-14.49501,-68.48162,2023-10-11,n,2023
6759,-14.49559,-68.48488,2023-10-11,n,2023
6760,-14.49091,-68.48244,2023-10-11,n,2023
6761,-14.49622,-68.51206,2023-10-11,n,2023
6762,-14.48872,-68.48325,2023-10-11,n,2023
6763,-14.49389,-68.51295,2023-10-11,n,2023
6764,-14.47357,-68.46951,2023-10-11,n,2023
6765,-14.46943,-68.47016,2023-10-11,n,2023
6766,-14.46593,-68.47446,2023-10-11,n,2023
6767,-14.46662,-68.47841,2023-10-11,n,2023
6768,-14.44908,-68.47542,2023-10-11,n,2023
6769,-14.44347,-68.46772,2023-10-11,n,2023
6770,-14.44423,-68.47208,2023-10-11,n,2023
6771,-14.44079,-68.4767,2023-10-11,n,2023
6772,-14.44141,-68.4802,2023-10-11,n,2023
6773,-14.39769,-68.54503,2023-10-11,n,2023
6774,-14.3997,-68.55622,2023-10-11,n,2023
6775,-14.39358,-68.54578,2023-10-11,n,2023
6776,-14.38472,-68.54373,2023-10-11,l,2023
6777,-14.37749,-68.54205,2023-10-11,n,2023
6778,-14.31366,-68.5414,2023-10-11,l,2023
6779,-14.30536,-68.54259,2023-10-11,n,2023
6780,-14.28886,-68.54541,2023-10-11,n,2023
6781,-14.28959,-68.54947,2023-10-11,n,2023
6782,-14.27734,-68.52868,2023-10-11,n,2023
6783,-14.27796,-68.53215,2023-10-11,n,2023
6784,-14.27512,-68.54002,2023-10-11,n,2023
6785,-14.27524,-68.52934,2023-10-11,n,2023
6786,-14.27585,-68.53282,2023-10-11,n,2023
6787,-14.27299,-68.54085,2023-10-11,n,2023
6788,-14.26887,-68.54163,2023-10-11,n,2023
6789,-14.26958,-68.5457,2023-10-11,l,2023
6790,-14.25929,-68.53546,2023-10-11,n,2023
6791,-14.25238,-68.5446,2023-10-11,n,2023
6792,-14.24616,-68.55767,2023-10-11,n,2023
6793,-14.24209,-68.55869,2023-10-11,n,2023
6794,-14.89686,-68.45336,2023-10-11,n,2023
6795,-14.68709,-67.85603,2023-10-11,n,2023
6796,-14.68632,-68.28886,2023-10-11,n,2023
6797,-14.68146,-68.28574,2023-10-11,n,2023
6798,-14.68215,-68.28957,2023-10-11,n,2023
6799,-15.24264,-67.71207,2023-10-11,n,2023
6800,-15.13076,-68.29302,2023-10-11,n,2023
6801,-15.11383,-68.33002,2023-10-11,n,2023
6802,-15.09422,-68.29091,2023-10-11,n,2023
6803,-15.09132,-68.32288,2023-10-11,n,2023
6804,-15.05481,-68.26115,2023-10-11,n,2023
6805,-15.04521,-68.44511,2023-10-11,n,2023
6806,-14.98512,-68.28898,2023-10-11,n,2023
6807,-15.157,-68.2319,2023-10-12,n,2023
6808,-15.16048,-68.23257,2023-10-12,n,2023
6809,-15.15824,-68.23108,2023-10-12,n,2023
6810,-14.68779,-67.8583,2023-10-12,n,2023
6811,-14.52496,-68.45306,2023-10-12,n,2023
6812,-15.07284,-68.24117,2023-10-12,n,2023
6813,-15.07636,-68.24162,2023-10-12,n,2023
6814,-15.09912,-68.29846,2023-10-12,n,2023
6815,-15.12809,-68.25445,2023-10-12,n,2023
6816,-15.12873,-68.25065,2023-10-12,n,2023
6817,-15.13272,-68.29322,2023-10-12,n,2023
6818,-15.12278,-68.31721,2023-10-12,n,2023
6819,-15.12335,-68.32087,2023-10-12,n,2023
6820,-14.68682,-67.85661,2023-10-12,n,2023
6821,-14.26451,-68.54456,2023-10-14,n,2023
6822,-14.26484,-68.5473,2023-10-14,l,2023
6823,-15.19064,-68.16888,2023-10-14,h,2023
6824,-15.18553,-68.16922,2023-10-14,n,2023
6825,-15.12838,-68.255,2023-10-14,h,2023
6826,-15.12753,-68.24752,2023-10-14,n,2023
6827,-15.04948,-68.27248,2023-10-14,h,2023
6828,-14.86848,-68.5526,2023-10-14,h,2023
6829,-14.67632,-68.73514,2023-10-14,n,2023
6830,-14.66208,-68.70321,2023-10-14,n,2023
6831,-14.58416,-68.54058,2023-10-14,h,2023
6832,-14.58444,-68.543,2023-10-14,n,2023
6833,-14.58564,-68.55312,2023-10-14,n,2023
6834,-14.59485,-68.6312,2023-10-14,n,2023
6835,-14.59528,-68.63492,2023-10-14,n,2023
6836,-14.58047,-68.55367,2023-10-14,n,2023
6837,-14.58939,-68.62954,2023-10-14,n,2023
6838,-14.55666,-68.57405,2023-10-14,h,2023
6839,-14.46492,-68.47955,2023-10-14,h,2023
6840,-14.46425,-68.4594,2023-10-15,n,2023
6841,-14.593,-68.84033,2023-10-15,n,2023
6842,-14.59386,-68.83363,2023-10-15,n,2023
6843,-14.59763,-68.83665,2023-10-15,n,2023
6844,-14.59824,-68.83155,2023-10-15,n,2023
6845,-14.65945,-68.69299,2023-10-15,n,2023
6846,-14.66427,-68.69407,2023-10-15,n,2023
6847,-15.11998,-68.24905,2023-10-15,n,2023
6848,-15.12038,-68.24564,2023-10-15,n,2023
6849,-14.69703,-68.53183,2023-10-15,n,2023
6850,-14.69806,-68.53294,2023-10-15,n,2023
6851,-14.65358,-68.50874,2023-10-15,h,2023
6852,-14.66428,-68.69337,2023-10-15,n,2023
6853,-14.62672,-68.44785,2023-10-15,h,2023
6854,-14.62602,-68.4406,2023-10-15,n,2023
6855,-14.62623,-68.44423,2023-10-15,h,2023
6856,-14.62676,-68.44945,2023-10-15,n,2023
6857,-14.58031,-68.54488,2023-10-15,n,2023
6858,-14.60028,-68.82127,2023-10-15,n,2023
6859,-14.46746,-68.46068,2023-10-15,h,2023
6860,-14.46699,-68.45596,2023-10-15,n,2023
6861,-14.46787,-68.46478,2023-10-15,n,2023
6862,-14.46826,-68.46873,2023-10-15,n,2023
6863,-14.46286,-68.48474,2023-10-15,n,2023
6864,-14.43969,-68.46229,2023-10-15,n,2023
6865,-14.44011,-68.46655,2023-10-15,n,2023
6866,-15.12485,-68.23876,2023-10-15,l,2023
6867,-15.11775,-68.23568,2023-10-15,n,2023
6868,-15.1189,-68.24119,2023-10-15,n,2023
6869,-14.90478,-68.13799,2023-10-15,n,2023
6870,-14.6602,-68.60255,2023-10-15,n,2023
6871,-14.66985,-68.67774,2023-10-15,n,2023
6872,-14.67085,-68.68246,2023-10-15,n,2023
6873,-14.6352,-68.54525,2023-10-15,n,2023
6874,-14.63571,-68.54436,2023-10-15,n,2023
6875,-14.61111,-68.57961,2023-10-15,n,2023
6876,-14.56848,-68.40648,2023-10-15,n,2023
6877,-14.5795,-68.55066,2023-10-15,n,2023
6878,-14.5644,-68.66019,2023-10-15,n,2023
6879,-14.52187,-68.49053,2023-10-15,n,2023
6880,-14.57825,-68.72852,2023-10-15,n,2023
6881,-14.49415,-68.47559,2023-10-15,n,2023
6882,-14.43955,-68.51532,2023-10-15,n,2023
6883,-14.68788,-67.57947,2023-10-16,n,2023
6884,-14.69171,-67.58005,2023-10-16,n,2023
6885,-14.57758,-68.73074,2023-10-16,n,2023
6886,-14.59192,-68.63187,2023-10-16,n,2023
6887,-14.5912,-68.80206,2023-10-16,n,2023
6888,-14.60223,-68.82757,2023-10-16,n,2023
6889,-14.66016,-68.60203,2023-10-16,n,2023
6890,-14.65778,-68.69595,2023-10-16,n,2023
6891,-14.66136,-68.6967,2023-10-16,n,2023
6892,-14.66265,-68.71333,2023-10-16,n,2023
6893,-14.66669,-68.68527,2023-10-16,n,2023
6894,-14.67085,-68.68195,2023-10-16,n,2023
6895,-14.77472,-68.53015,2023-10-16,n,2023
6896,-14.89858,-68.36649,2023-10-16,n,2023
6897,-14.9016,-68.37166,2023-10-16,n,2023
6898,-14.90226,-68.36699,2023-10-16,n,2023
6899,-14.90531,-68.37204,2023-10-16,n,2023
6900,-14.93522,-68.2936,2023-10-16,n,2023
6901,-14.92386,-68.47861,2023-10-16,n,2023
6902,-14.96527,-68.447,2023-10-16,n,2023
6903,-15.01123,-68.30617,2023-10-16,n,2023
6904,-15.01492,-68.30676,2023-10-16,n,2023
6905,-15.05273,-68.27978,2023-10-16,n,2023
6906,-15.0802,-68.24642,2023-10-16,n,2023
6907,-15.08183,-68.24931,2023-10-16,n,2023
6908,-15.11653,-68.24509,2023-10-16,n,2023
6909,-15.12025,-68.24558,2023-10-16,n,2023
6910,-15.12094,-68.24061,2023-10-16,n,2023
6911,-15.12262,-68.25578,2023-10-16,n,2023
6912,-15.12397,-68.24606,2023-10-16,n,2023
6913,-15.12467,-68.24108,2023-10-16,n,2023
6914,-15.12632,-68.25648,2023-10-16,n,2023
6915,-15.1334,-68.20564,2023-10-16,n,2023
6916,-15.13715,-68.20601,2023-10-16,n,2023
6917,-15.13096,-68.35816,2023-10-16,n,2023
6918,-14.2817,-68.53697,2023-10-16,h,2023
6919,-14.31005,-68.53725,2023-10-16,n,2023
6920,-14.31013,-68.53737,2023-10-16,n,2023
6921,-14.33008,-68.54317,2023-10-16,n,2023
6922,-14.38197,-68.5691,2023-10-16,n,2023
6923,-14.43913,-68.46871,2023-10-16,n,2023
6924,-14.74633,-67.61061,2023-10-16,n,2023
6925,-15.01375,-68.46024,2023-10-16,n,2023
6926,-15.01263,-68.30103,2023-10-16,n,2023
6927,-15.05589,-68.27971,2023-10-16,n,2023
6928,-15.06014,-67.72975,2023-10-16,n,2023
6929,-15.07445,-67.72745,2023-10-16,n,2023
6930,-14.26178,-68.04818,2023-10-17,n,2023
6931,-14.30675,-68.53866,2023-10-17,n,2023
6932,-14.37786,-68.56971,2023-10-17,n,2023
6933,-14.43808,-68.46421,2023-10-17,n,2023
6934,-14.44087,-68.46829,2023-10-17,n,2023
6935,-14.5486,-68.58075,2023-10-17,n,2023
6936,-14.5831,-68.55984,2023-10-17,n,2023
6937,-14.58734,-68.72559,2023-10-17,n,2023
6938,-14.63562,-68.69194,2023-10-17,n,2023
6939,-14.64486,-68.67786,2023-10-17,n,2023
6940,-14.66363,-68.71141,2023-10-17,n,2023
6941,-15.05372,-67.70509,2023-10-17,n,2023
6942,-15.05429,-67.70152,2023-10-17,n,2023
6943,-14.98504,-68.19827,2023-10-17,n,2023
6944,-14.98838,-68.1988,2023-10-17,n,2023
6945,-15.04784,-68.12306,2023-10-17,n,2023
6946,-15.05117,-68.1236,2023-10-17,n,2023
6947,-15.05059,-68.1272,2023-10-17,n,2023
6948,-15.03554,-68.32616,2023-10-17,n,2023
6949,-15.0532,-68.28062,2023-10-17,n,2023
6950,-15.05378,-68.277,2023-10-17,n,2023
6951,-15.06177,-68.24878,2023-10-17,n,2023
6952,-15.05593,-68.2849,2023-10-17,n,2023
6953,-15.05653,-68.28123,2023-10-17,n,2023
6954,-15.05459,-68.31446,2023-10-17,n,2023
6955,-15.06453,-68.25288,2023-10-17,n,2023
6956,-15.06511,-68.24934,2023-10-17,n,2023
6957,-15.05517,-68.31086,2023-10-17,n,2023
6958,-15.06395,-68.25652,2023-10-17,n,2023
6959,-15.05851,-68.31139,2023-10-17,n,2023
6960,-15.05793,-68.31498,2023-10-17,n,2023
6961,-15.11715,-68.23941,2023-10-17,n,2023
6962,-15.11817,-68.25426,2023-10-17,n,2023
6963,-15.12049,-68.23997,2023-10-17,n,2023
6964,-15.12035,-68.26193,2023-10-17,n,2023
6965,-15.12209,-68.25123,2023-10-17,n,2023
6966,-15.11977,-68.26555,2023-10-17,n,2023
6967,-15.12093,-68.25838,2023-10-17,n,2023
6968,-15.12151,-68.25481,2023-10-17,n,2023
6969,-15.12381,-68.24055,2023-10-17,n,2023
6970,-15.12368,-68.26254,2023-10-17,n,2023
6971,-15.12714,-68.24114,2023-10-17,n,2023
6972,-15.13347,-68.35017,2023-10-17,n,2023
6973,-15.15498,-68.23848,2023-10-17,n,2023
6974,-15.1583,-68.2391,2023-10-17,n,2023
6975,-14.61336,-68.57538,2023-10-17,n,2023
6976,-14.59897,-68.57404,2023-10-17,n,2023
6977,-14.58418,-68.54823,2023-10-17,n,2023
6978,-14.58484,-68.55233,2023-10-17,l,2023
6979,-14.59962,-68.64419,2023-10-17,l,2023
6980,-14.58074,-68.54888,2023-10-17,n,2023
6981,-14.59995,-68.71209,2023-10-17,l,2023
6982,-14.59649,-68.71251,2023-10-17,n,2023
6983,-14.59713,-68.71647,2023-10-17,n,2023
6984,-14.58733,-68.72135,2023-10-17,n,2023
6985,-14.58796,-68.72527,2023-10-17,n,2023
6986,-14.5479,-68.49979,2023-10-17,n,2023
6987,-14.58509,-68.72942,2023-10-17,n,2023
6988,-14.58384,-68.72167,2023-10-17,l,2023
6989,-14.54443,-68.50031,2023-10-17,n,2023
6990,-14.57852,-68.71059,2023-10-17,n,2023
6991,-14.57975,-68.71818,2023-10-17,n,2023
6992,-14.58036,-68.72198,2023-10-17,n,2023
6993,-14.58286,-68.73746,2023-10-17,n,2023
6994,-14.58411,-68.74516,2023-10-17,n,2023
6995,-14.58472,-68.74897,2023-10-17,n,2023
6996,-14.57751,-68.72617,2023-10-17,n,2023
6997,-14.53815,-68.50549,2023-10-17,n,2023
6998,-14.54999,-68.57801,2023-10-17,n,2023
6999,-14.52528,-68.49199,2023-10-17,n,2023
7000,-14.46468,-68.18875,2023-10-17,n,2023
7001,-14.49882,-68.51571,2023-10-17,l,2023
7002,-14.49535,-68.51628,2023-10-17,l,2023
7003,-14.47901,-68.48111,2023-10-17,n,2023
7004,-14.46059,-68.45526,2023-10-17,n,2023
7005,-14.46124,-68.45929,2023-10-17,n,2023
7006,-14.46261,-68.46777,2023-10-17,n,2023
7007,-14.46048,-68.47666,2023-10-17,n,2023
7008,-14.45699,-68.4771,2023-10-17,n,2023
7009,-14.45414,-68.48151,2023-10-17,l,2023
7010,-14.45062,-68.48178,2023-10-17,n,2023
7011,-14.45314,-68.51939,2023-10-17,l,2023
7012,-14.44685,-68.52453,2023-10-17,n,2023
7013,-14.44278,-68.52135,2023-10-17,n,2023
7014,-14.43609,-68.82621,2023-10-17,n,2023
7015,-14.43207,-68.82306,2023-10-17,n,2023
7016,-14.4327,-68.82703,2023-10-17,n,2023
7017,-14.38368,-68.5424,2023-10-17,l,2023
7018,-14.37457,-68.50787,2023-10-17,n,2023
7019,-14.3752,-68.51175,2023-10-17,n,2023
7020,-14.37675,-68.54356,2023-10-17,l,2023
7021,-14.2635,-68.0463,2023-10-17,n,2023
7022,-14.24006,-68.05873,2023-10-17,l,2023
7023,-14.29789,-68.54048,2023-10-17,h,2023
7024,-14.29631,-68.5413,2023-10-17,h,2023
7025,-14.2957,-68.53749,2023-10-17,n,2023
7026,-14.07559,-68.87406,2023-10-17,n,2023
7027,-14.06928,-68.87868,2023-10-17,n,2023
7028,-14.06992,-68.88264,2023-10-17,l,2023
7029,-13.99244,-68.92394,2023-10-17,n,2023
7030,-15.06204,-67.70369,2023-10-17,n,2023
7031,-15.06987,-67.70666,2023-10-17,l,2023
7032,-15.06917,-67.70248,2023-10-17,n,2023
7033,-14.66179,-68.59637,2023-10-17,n,2023
7034,-14.65831,-68.59674,2023-10-17,n,2023
7035,-14.65952,-68.60423,2023-10-17,n,2023
7036,-14.66012,-68.60794,2023-10-17,n,2023
7037,-14.6714,-68.67744,2023-10-17,n,2023
7038,-14.67203,-68.68133,2023-10-17,n,2023
7039,-14.65482,-68.59709,2023-10-17,n,2023
7040,-14.66916,-68.68548,2023-10-17,n,2023
7041,-14.67098,-68.69674,2023-10-17,n,2023
7042,-14.67157,-68.70035,2023-10-17,n,2023
7043,-14.66572,-68.686,2023-10-17,n,2023
7044,-14.66633,-68.68977,2023-10-17,n,2023
7045,-14.66813,-68.70092,2023-10-17,n,2023
7046,-14.66645,-68.71238,2023-10-17,n,2023
7047,-14.65942,-68.69073,2023-10-17,l,2023
7048,-14.66001,-68.69437,2023-10-17,n,2023
7049,-14.66302,-68.71298,2023-10-17,n,2023
7050,-14.63261,-68.54793,2023-10-17,l,2023
7051,-14.65536,-68.68743,2023-10-17,n,2023
7052,-14.64573,-68.67187,2023-10-17,n,2023
7053,-14.64641,-68.67598,2023-10-17,n,2023
7054,-14.64707,-68.68005,2023-10-17,n,2023
7055,-14.64293,-68.67641,2023-10-17,n,2023
7056,-14.64358,-68.68037,2023-10-17,l,2023
7057,-14.64421,-68.6842,2023-10-17,n,2023
7058,-14.64358,-68.67596,2023-10-17,n,2023
7059,-14.64421,-68.67995,2023-10-17,n,2023
7060,-14.64483,-68.6838,2023-10-17,n,2023
7061,-14.63891,-68.66879,2023-10-17,n,2023
7062,-14.63951,-68.67253,2023-10-17,l,2023
7063,-14.64622,-68.71468,2023-10-17,n,2023
7064,-14.61311,-68.55166,2023-10-17,l,2023
7065,-14.61617,-68.57079,2023-10-17,n,2023
7066,-14.63566,-68.69267,2023-10-17,n,2023
7067,-14.48586,-68.51514,2023-10-18,n,2023
7068,-14.43262,-68.82893,2023-10-18,n,2023
7069,-14.43332,-68.82516,2023-10-18,n,2023
7070,-14.54679,-68.58286,2023-10-18,n,2023
7071,-14.54754,-68.57881,2023-10-18,n,2023
7072,-14.56279,-68.66462,2023-10-18,n,2023
7073,-14.56682,-68.66701,2023-10-18,n,2023
7074,-14.59676,-68.82527,2023-10-18,n,2023
7075,-15.06872,-67.70314,2023-10-18,n,2023
7076,-15.07274,-67.70388,2023-10-18,n,2023
7077,-14.98724,-68.20041,2023-10-18,n,2023
7078,-14.98786,-68.197,2023-10-18,n,2023
7079,-15.00192,-68.19049,2023-10-18,n,2023
7080,-14.97547,-68.43268,2023-10-18,n,2023
7081,-14.97472,-68.4368,2023-10-18,n,2023
7082,-15.00085,-68.31599,2023-10-18,n,2023
7083,-15.00156,-68.31205,2023-10-18,n,2023
7084,-15.04032,-68.11963,2023-10-18,n,2023
7085,-15.04452,-68.12,2023-10-18,n,2023
7086,-15.04519,-68.11621,2023-10-18,n,2023
7087,-15.04387,-68.1236,2023-10-18,n,2023
7088,-15.00183,-68.31448,2023-10-18,n,2023
7089,-15.04201,-68.12222,2023-10-18,n,2023
7090,-15.0427,-68.11851,2023-10-18,n,2023
7091,-15.04621,-68.12261,2023-10-18,n,2023
7092,-15.04689,-68.11896,2023-10-18,n,2023
7093,-15.11185,-68.25623,2023-10-18,n,2023
7094,-15.11604,-68.25684,2023-10-18,n,2023
7095,-15.11536,-68.26064,2023-10-18,n,2023
7096,-15.12483,-68.23885,2023-10-18,n,2023
7097,-15.07504,-67.69965,2023-10-18,n,2023
7098,-15.07218,-67.70396,2023-10-18,n,2023
7099,-15.0203,-68.30032,2023-10-18,n,2023
7100,-15.00397,-68.31036,2023-10-18,n,2023
7101,-15.00451,-68.31421,2023-10-18,n,2023
7102,-15.00577,-68.30975,2023-10-18,l,2023
7103,-15.00632,-68.31357,2023-10-18,l,2023
7104,-14.98313,-68.32511,2023-10-18,l,2023
7105,-14.95658,-68.41378,2023-10-18,n,2023
7106,-14.64619,-67.96949,2023-10-19,n,2023
7107,-14.64545,-67.97316,2023-10-19,n,2023
7108,-14.54244,-68.49098,2023-10-19,n,2023
7109,-14.56801,-68.66156,2023-10-19,n,2023
7110,-14.59299,-68.63301,2023-10-19,n,2023
7111,-15.01481,-68.31515,2023-10-19,n,2023
7112,-15.01462,-68.31777,2023-10-19,n,2023
7113,-15.05668,-68.31763,2023-10-19,n,2023
7114,-15.05616,-68.31336,2023-10-19,n,2023
7115,-15.11099,-68.22876,2023-10-19,n,2023
7116,-15.11102,-68.22701,2023-10-19,n,2023
7117,-15.13122,-68.2403,2023-10-19,n,2023
7118,-14.15005,-68.58796,2023-10-20,n,2023
7119,-14.15043,-68.58474,2023-10-20,n,2023
7120,-14.3117,-68.44986,2023-10-20,n,2023
7121,-14.31205,-68.44691,2023-10-20,n,2023
7122,-14.31242,-68.44925,2023-10-20,n,2023
7123,-14.31275,-68.44631,2023-10-20,n,2023
7124,-14.63489,-67.9726,2023-10-20,n,2023
7125,-14.64066,-67.97246,2023-10-20,n,2023
7126,-14.64028,-67.9758,2023-10-20,n,2023
7127,-14.64115,-67.96813,2023-10-20,n,2023
7128,-14.64645,-67.97215,2023-10-20,n,2023
7129,-15.03528,-68.29916,2023-10-21,n,2023
7130,-14.15048,-68.58436,2023-10-21,n,2023
7131,-14.31085,-68.53503,2023-10-21,n,2023
7132,-14.31806,-68.5452,2023-10-21,n,2023
7133,-14.31755,-68.54256,2023-10-21,h,2023
7134,-14.3091,-68.44496,2023-10-21,n,2023
7135,-14.33383,-68.54553,2023-10-21,n,2023
7136,-14.31412,-68.44368,2023-10-21,n,2023
7137,-14.31471,-68.44675,2023-10-21,h,2023
7138,-14.38883,-68.55994,2023-10-21,n,2023
7139,-14.33397,-68.09993,2023-10-21,n,2023
7140,-14.58816,-68.63103,2023-10-21,n,2023
7141,-14.58772,-68.62876,2023-10-21,h,2023
7142,-14.53538,-68.10773,2023-10-21,n,2023
7143,-14.53665,-68.10859,2023-10-21,n,2023
7144,-14.53602,-68.10546,2023-10-21,n,2023
7145,-14.6367,-68.48257,2023-10-21,n,2023
7146,-14.68031,-68.54636,2023-10-21,n,2023
7147,-14.67982,-68.54382,2023-10-21,n,2023
7148,-14.58615,-67.97674,2023-10-21,n,2023
7149,-14.59192,-67.97861,2023-10-21,n,2023
7150,-14.6394,-67.97028,2023-10-21,n,2023
7151,-14.68801,-67.85859,2023-10-21,l,2023
7152,-14.70977,-67.83026,2023-10-21,n,2023
7153,-14.70913,-67.82694,2023-10-21,h,2023
7154,-14.70914,-67.83031,2023-10-21,n,2023
7155,-14.70847,-67.82694,2023-10-21,h,2023
7156,-14.64025,-68.5849,2023-10-22,n,2023
7157,-14.64081,-68.58135,2023-10-22,n,2023
7158,-14.62764,-68.5573,2023-10-22,n,2023
7159,-14.59651,-68.73399,2023-10-22,n,2023
7160,-14.62494,-68.50961,2023-10-22,n,2023
7161,-14.61884,-68.54861,2023-10-22,n,2023
7162,-14.61498,-68.55162,2023-10-22,n,2023
7163,-14.61112,-68.55462,2023-10-22,n,2023
7164,-14.59666,-68.64673,2023-10-22,n,2023
7165,-14.58207,-68.62962,2023-10-22,n,2023
7166,-14.58262,-68.62608,2023-10-22,n,2023
7167,-14.58151,-68.63316,2023-10-22,n,2023
7168,-14.57877,-68.62907,2023-10-22,n,2023
7169,-14.57821,-68.63261,2023-10-22,n,2023
7170,-14.56772,-68.65632,2023-10-22,n,2023
7171,-14.56716,-68.65986,2023-10-22,n,2023
7172,-14.56661,-68.6634,2023-10-22,n,2023
7173,-14.56386,-68.65931,2023-10-22,n,2023
7174,-14.56056,-68.65876,2023-10-22,n,2023
7175,-14.5567,-68.66176,2023-10-22,n,2023
7176,-14.55726,-68.65822,2023-10-22,n,2023
7177,-14.5534,-68.66121,2023-10-22,n,2023
7178,-14.55396,-68.65767,2023-10-22,n,2023
7179,-14.52794,-68.73697,2023-10-22,n,2023
7180,-14.52687,-68.72226,2023-10-22,n,2023
7181,-14.52631,-68.7258,2023-10-22,n,2023
7182,-14.52301,-68.72524,2023-10-22,n,2023
7183,-14.52245,-68.72878,2023-10-22,n,2023
7184,-14.55645,-68.49067,2023-10-22,n,2023
7185,-14.55589,-68.49423,2023-10-22,n,2023
7186,-14.51915,-68.72824,2023-10-22,n,2023
7187,-14.5197,-68.7247,2023-10-22,n,2023
7188,-14.62896,-67.97999,2023-10-22,n,2023
7189,-14.62563,-67.97949,2023-10-22,n,2023
7190,-14.58522,-67.97662,2023-10-22,n,2023
7191,-14.58135,-67.97968,2023-10-22,n,2023
7192,-14.58245,-67.97243,2023-10-22,n,2023
7193,-14.5819,-67.97607,2023-10-22,n,2023
7194,-14.57913,-67.97187,2023-10-22,n,2023
7195,-14.57858,-67.97552,2023-10-22,n,2023
7196,-14.57802,-67.97914,2023-10-22,n,2023
7197,-14.33008,-68.5485,2023-10-22,n,2023
7198,-14.31199,-68.44753,2023-10-22,n,2023
7199,-14.31144,-68.45106,2023-10-22,n,2023
7200,-14.30813,-68.45052,2023-10-22,n,2023
7201,-14.30869,-68.44699,2023-10-22,n,2023
7202,-14.33922,-68.09881,2023-10-22,n,2023
7203,-14.33866,-68.1024,2023-10-22,n,2023
7204,-14.33535,-68.10185,2023-10-22,n,2023
7205,-14.33148,-68.10489,2023-10-22,n,2023
7206,-14.15113,-68.58431,2023-10-22,n,2023
7207,-14.15058,-68.58785,2023-10-22,n,2023
7208,-14.14727,-68.5873,2023-10-22,n,2023
7209,-14.14341,-68.59029,2023-10-22,n,2023
7210,-14.14396,-68.58675,2023-10-22,n,2023
7211,-14.15148,-68.32285,2023-10-22,n,2023
7212,-14.14762,-68.32583,2023-10-22,n,2023
7213,-15.12012,-68.20597,2023-10-22,n,2023
7214,-15.11456,-68.26398,2023-10-22,n,2023
7215,-15.12287,-68.21018,2023-10-22,n,2023
7216,-15.12343,-68.20657,2023-10-22,n,2023
7217,-15.11787,-68.26456,2023-10-22,n,2023
7218,-15.12841,-68.24039,2023-10-22,n,2023
7219,-15.13173,-68.24093,2023-10-22,n,2023
7220,-14.68364,-68.74104,2023-10-22,n,2023
7221,-14.82898,-68.41914,2023-10-22,n,2023
7222,-14.96506,-68.2,2023-10-22,n,2023
7223,-14.96838,-68.20051,2023-10-22,n,2023
7224,-14.98868,-68.19925,2023-10-22,n,2023
7225,-14.99142,-68.26964,2023-10-22,n,2023
7226,-14.99418,-68.27372,2023-10-22,n,2023
7227,-15.03065,-68.30148,2023-10-22,n,2023
7228,-15.02786,-68.34129,2023-10-22,n,2023
7229,-15.04226,-68.29235,2023-10-22,n,2023
7230,-15.08196,-68.23286,2023-10-22,n,2023
7231,-15.08638,-68.22622,2023-10-22,n,2023
7232,-13.99506,-68.95779,2023-10-22,n,2023
7233,-14.14646,-68.58713,2023-10-22,n,2023
7234,-14.14573,-68.58278,2023-10-22,n,2023
7235,-14.15012,-68.58609,2023-10-22,n,2023
7236,-14.98608,-68.27194,2023-10-22,n,2023
7237,-14.30916,-68.44586,2023-10-22,n,2023
7238,-14.33018,-68.54649,2023-10-22,n,2023
7239,-14.31364,-68.44951,2023-10-22,n,2023
7240,-14.3403,-68.10127,2023-10-22,n,2023
7241,-14.33823,-68.09821,2023-10-22,n,2023
7242,-14.34202,-68.09739,2023-10-22,n,2023
7243,-14.52001,-68.73362,2023-10-22,n,2023
7244,-14.51844,-68.72421,2023-10-22,n,2023
7245,-14.51762,-68.71932,2023-10-22,n,2023
7246,-14.52443,-68.73744,2023-10-22,l,2023
7247,-14.52214,-68.72369,2023-10-22,n,2023
7248,-14.52132,-68.7188,2023-10-22,l,2023
7249,-14.52656,-68.72752,2023-10-22,n,2023
7250,-14.52573,-68.72253,2023-10-22,n,2023
7251,-14.53752,-68.72513,2023-10-22,n,2023
7252,-14.53677,-68.72056,2023-10-22,n,2023
7253,-14.54679,-68.65205,2023-10-22,n,2023
7254,-14.54763,-68.65697,2023-10-22,h,2023
7255,-14.55591,-68.66086,2023-10-22,n,2023
7256,-14.55517,-68.65653,2023-10-22,h,2023
7257,-14.55888,-68.65598,2023-10-22,n,2023
7258,-14.56697,-68.65891,2023-10-22,n,2023
7259,-14.586,-68.74884,2023-10-22,l,2023
7260,-14.58144,-68.72197,2023-10-22,l,2023
7261,-14.58676,-68.73098,2023-10-22,n,2023
7262,-14.57718,-68.62951,2023-10-22,n,2023
7263,-14.58167,-68.63355,2023-10-22,l,2023
7264,-14.59816,-68.73121,2023-10-22,n,2023
7265,-14.59573,-68.7168,2023-10-22,n,2023
7266,-14.58093,-68.62914,2023-10-22,n,2023
7267,-14.57938,-68.62003,2023-10-22,l,2023
7268,-14.55776,-68.4927,2023-10-22,n,2023
7269,-14.58465,-68.62865,2023-10-22,n,2023
7270,-14.5839,-68.62424,2023-10-22,n,2023
7271,-14.58313,-68.61969,2023-10-22,n,2023
7272,-14.56151,-68.49216,2023-10-22,n,2023
7273,-14.58761,-68.62369,2023-10-22,n,2023
7274,-14.58685,-68.61919,2023-10-22,n,2023
7275,-14.59051,-68.61835,2023-10-22,n,2023
7276,-14.61389,-68.5761,2023-10-22,n,2023
7277,-14.6153,-68.56175,2023-10-22,l,2023
7278,-14.61387,-68.55315,2023-10-22,n,2023
7279,-14.61753,-68.55222,2023-10-22,l,2023
7280,-14.61678,-68.54774,2023-10-22,n,2023
7281,-14.62046,-68.54693,2023-10-22,n,2023
7282,-14.61723,-68.50452,2023-10-22,l,2023
7283,-14.62632,-68.51321,2023-10-22,n,2023
7284,-14.6255,-68.50826,2023-10-22,n,2023
7285,-14.64144,-68.58143,2023-10-22,n,2023
7286,-14.64065,-68.57669,2023-10-22,l,2023
7287,-14.63986,-68.58289,2023-10-22,n,2023
7288,-14.63906,-68.57819,2023-10-22,n,2023
7289,-14.62631,-68.5042,2023-10-22,l,2023
7290,-14.64356,-68.58221,2023-10-22,n,2023
7291,-14.64279,-68.57771,2023-10-22,n,2023
7292,-14.67203,-68.72667,2023-10-22,n,2023
7293,-14.67065,-68.69627,2023-10-22,l,2023
7294,-14.66919,-68.68768,2023-10-22,l,2023
7295,-14.63319,-68.47753,2023-10-22,l,2023
7296,-14.6722,-68.68306,2023-10-22,n,2023
7297,-14.65585,-68.56503,2023-10-22,n,2023
7298,-14.56782,-67.98568,2023-10-22,n,2023
7299,-14.5716,-67.98472,2023-10-22,l,2023
7300,-14.69291,-68.69354,2023-10-22,n,2023
7301,-14.57073,-67.97969,2023-10-22,n,2023
7302,-14.57539,-67.98376,2023-10-22,n,2023
7303,-14.57457,-67.97902,2023-10-22,n,2023
7304,-14.57747,-67.97294,2023-10-22,n,2023
7305,-14.75087,-68.43932,2023-10-22,n,2023
7306,-14.82311,-68.41273,2023-10-22,n,2023
7307,-14.82077,-68.41443,2023-10-22,n,2023
7308,-14.82367,-68.40904,2023-10-22,n,2023
7309,-14.95806,-68.42346,2023-10-22,n,2023
7310,-14.97918,-68.43499,2023-10-22,l,2023
7311,-14.98211,-68.42976,2023-10-22,l,2023
7312,-14.98979,-68.27105,2023-10-22,n,2023
7313,-15.02809,-68.33854,2023-10-22,n,2023
7314,-15.03559,-68.33741,2023-10-22,n,2023
7315,-15.0293,-68.33971,2023-10-22,n,2023
7316,-15.03306,-68.33918,2023-10-22,n,2023
7317,-15.03681,-68.33862,2023-10-22,n,2023
7318,-15.03412,-68.3008,2023-10-22,n,2023
7319,-15.05058,-68.30692,2023-10-22,n,2023
7320,-15.04901,-68.29779,2023-10-22,l,2023
7321,-15.05431,-68.30619,2023-10-22,n,2023
7322,-15.06061,-68.3204,2023-10-22,n,2023
7323,-15.10413,-68.35034,2023-10-22,n,2023
7324,-15.10625,-68.34017,2023-10-22,n,2023
7325,-15.08726,-68.22789,2023-10-22,n,2023
7326,-15.0864,-68.2228,2023-10-22,l,2023
7327,-15.11744,-68.33826,2023-10-22,l,2023
7328,-15.11617,-68.26194,2023-10-22,n,2023
7329,-15.11535,-68.25707,2023-10-22,n,2023
7330,-15.10973,-68.22356,2023-10-22,n,2023
7331,-15.11434,-68.22807,2023-10-22,n,2023
7332,-15.12239,-68.2068,2023-10-22,n,2023
7333,-15.11527,-68.22976,2023-10-22,n,2023
7334,-15.11445,-68.22503,2023-10-22,n,2023
7335,-15.12324,-68.20882,2023-10-22,n,2023
7336,-15.12234,-68.2037,2023-10-22,n,2023
7337,-15.13255,-68.24027,2023-10-22,n,2023
7338,-15.12709,-68.20869,2023-10-22,n,2023
7339,-15.1462,-68.25225,2023-10-22,l,2023
7340,-14.66834,-68.68488,2023-10-23,n,2023
7341,-14.66735,-68.6904,2023-10-23,n,2023
7342,-14.64221,-68.58421,2023-10-23,n,2023
7343,-14.62533,-68.51681,2023-10-23,n,2023
7344,-14.61615,-68.54625,2023-10-23,n,2023
7345,-14.61056,-68.55524,2023-10-23,n,2023
7346,-14.6067,-68.55442,2023-10-23,n,2023
7347,-14.60241,-68.53341,2023-10-23,n,2023
7348,-14.58648,-68.62321,2023-10-23,n,2023
7349,-14.58737,-68.61821,2023-10-23,n,2023
7350,-14.58254,-68.62273,2023-10-23,n,2023
7351,-14.57764,-68.62764,2023-10-23,n,2023
7352,-14.57673,-68.63276,2023-10-23,n,2023
7353,-14.57364,-68.62752,2023-10-23,n,2023
7354,-14.69298,-67.86502,2023-10-23,n,2023
7355,-14.69213,-67.8698,2023-10-23,n,2023
7356,-14.54454,-68.65493,2023-10-23,n,2023
7357,-14.54056,-68.65459,2023-10-23,n,2023
7358,-14.68246,-67.8374,2023-10-23,n,2023
7359,-14.68174,-67.84145,2023-10-23,n,2023
7360,-14.65215,-67.96494,2023-10-23,n,2023
7361,-14.51074,-68.72986,2023-10-23,n,2023
7362,-14.51182,-68.72812,2023-10-23,n,2023
7363,-14.58078,-67.97215,2023-10-23,n,2023
7364,-14.57625,-67.97588,2023-10-23,n,2023
7365,-14.57699,-67.97164,2023-10-23,n,2023
7366,-14.5717,-67.97967,2023-10-23,n,2023
7367,-14.57091,-67.98418,2023-10-23,n,2023
7368,-14.56793,-67.97909,2023-10-23,n,2023
7369,-14.56638,-67.98788,2023-10-23,n,2023
7370,-14.56716,-67.98341,2023-10-23,n,2023
7371,-14.56266,-67.98698,2023-10-23,n,2023
7372,-14.56173,-67.99222,2023-10-23,n,2023
7373,-14.55888,-67.98639,2023-10-23,n,2023
7374,-14.557,-67.99701,2023-10-23,n,2023
7375,-14.55797,-67.99155,2023-10-23,n,2023
7376,-14.5551,-67.98584,2023-10-23,n,2023
7377,-14.55421,-67.99084,2023-10-23,n,2023
7378,-14.31468,-68.45003,2023-10-23,n,2023
7379,-14.31561,-68.44472,2023-10-23,n,2023
7380,-14.30703,-68.448,2023-10-23,n,2023
7381,-14.34092,-68.09785,2023-10-23,n,2023
7382,-14.14924,-68.58789,2023-10-23,n,2023
7383,-14.14828,-68.5933,2023-10-23,n,2023
7384,-14.94979,-67.72967,2023-10-23,n,2023
7385,-15.15075,-68.20361,2023-10-23,n,2023
7386,-15.12198,-68.21212,2023-10-23,n,2023
7387,-15.11894,-68.20722,2023-10-23,n,2023
7388,-15.10995,-68.2587,2023-10-23,n,2023
7389,-15.10911,-68.26347,2023-10-23,n,2023
7390,-15.10276,-68.23276,2023-10-23,n,2023
7391,-15.06235,-68.28442,2023-10-23,n,2023
7392,-15.05098,-68.32633,2023-10-23,n,2023
7393,-15.05012,-68.33117,2023-10-23,n,2023
7394,-15.04709,-68.32613,2023-10-23,n,2023
7395,-15.04624,-68.33088,2023-10-23,n,2023
7396,-15.03081,-68.30727,2023-10-23,n,2023
7397,-15.02466,-68.3416,2023-10-23,n,2023
7398,-15.03374,-68.29694,2023-10-23,n,2023
7399,-15.02622,-68.34055,2023-10-23,n,2023
7400,-15.02832,-68.30555,2023-10-23,n,2023
7401,-15.02154,-68.34489,2023-10-23,n,2023
7402,-14.98899,-68.44128,2023-10-23,n,2023
7403,-14.98517,-68.44052,2023-10-23,n,2023
7404,-14.95602,-68.42628,2023-10-23,n,2023
7405,-14.99193,-68.19986,2023-10-23,n,2023
7406,-14.98807,-68.19962,2023-10-23,n,2023
7407,-14.95053,-67.72542,2023-10-23,n,2023
7408,-14.14669,-68.58578,2023-10-23,n,2023
7409,-14.15057,-68.589,2023-10-23,n,2023
7410,-14.15004,-68.58534,2023-10-23,n,2023
7411,-14.15392,-68.58857,2023-10-23,h,2023
7412,-14.30889,-68.44627,2023-10-23,n,2023
7413,-14.52699,-68.11146,2023-10-23,n,2023
7414,-14.53973,-68.10587,2023-10-23,n,2023
7415,-14.54255,-67.98886,2023-10-23,n,2023
7416,-14.54202,-67.98531,2023-10-23,n,2023
7417,-14.54586,-67.98833,2023-10-23,l,2023
7418,-14.54533,-67.98479,2023-10-23,n,2023
7419,-14.54865,-67.98427,2023-10-23,n,2023
7420,-14.54812,-67.98073,2023-10-23,n,2023
7421,-14.54918,-67.98781,2023-10-23,h,2023
7422,-14.55143,-67.98021,2023-10-23,n,2023
7423,-14.55518,-67.98245,2023-10-23,n,2023
7424,-14.55465,-67.97892,2023-10-23,n,2023
7425,-14.55572,-67.98598,2023-10-23,h,2023
7426,-14.55903,-67.98546,2023-10-23,n,2023
7427,-14.5585,-67.98193,2023-10-23,n,2023
7428,-14.56234,-67.98494,2023-10-23,n,2023
7429,-14.69454,-67.87235,2023-10-23,n,2023
7430,-14.69732,-67.86829,2023-10-23,n,2023
7431,-14.8357,-67.41547,2023-10-23,l,2023
7432,-15.13313,-68.34765,2023-10-24,n,2023
7433,-15.13239,-68.35141,2023-10-24,h,2023
7434,-15.11653,-68.27014,2023-10-24,n,2023
7435,-15.11591,-68.27323,2023-10-24,h,2023
7436,-15.11469,-68.2702,2023-10-24,n,2023
7437,-15.11411,-68.27317,2023-10-24,h,2023
7438,-14.98071,-68.20985,2023-10-24,n,2023
7439,-14.98138,-68.20643,2023-10-24,n,2023
7440,-14.92031,-68.13847,2023-10-24,n,2023
7441,-14.92341,-68.13751,2023-10-24,n,2023
7442,-14.92268,-68.1413,2023-10-24,n,2023
7443,-14.58498,-68.65039,2023-10-24,n,2023
7444,-14.58408,-68.655,2023-10-24,n,2023
7445,-14.58579,-68.64623,2023-10-24,n,2023
7446,-14.58091,-68.6429,2023-10-24,n,2023
7447,-14.69655,-67.86243,2023-10-24,n,2023
7448,-14.69172,-67.86029,2023-10-24,n,2023
7449,-14.66873,-67.84415,2023-10-24,n,2023
7450,-14.66828,-67.84641,2023-10-24,n,2023
7451,-14.57126,-67.97517,2023-10-24,n,2023
7452,-14.54768,-67.98736,2023-10-24,n,2023
7453,-14.54255,-67.9865,2023-10-24,n,2023
7454,-14.54071,-67.99581,2023-10-24,n,2023
7455,-14.54009,-67.99896,2023-10-24,n,2023
7456,-14.51638,-68.11855,2023-10-24,n,2023
7457,-14.53682,-67.98871,2023-10-24,n,2023
7458,-14.53617,-67.99197,2023-10-24,n,2023
7459,-14.53551,-67.99531,2023-10-24,n,2023
7460,-14.53489,-67.99846,2023-10-24,n,2023
7461,-14.31636,-68.43986,2023-10-24,n,2023
7462,-14.31516,-68.44578,2023-10-24,n,2023
7463,-14.31578,-68.44272,2023-10-24,n,2023
7464,-14.31631,-68.44631,2023-10-24,n,2023
7465,-14.31694,-68.44308,2023-10-24,n,2023
7466,-14.31171,-68.44182,2023-10-24,n,2023
7467,-14.31118,-68.44449,2023-10-24,n,2023
7468,-14.30526,-68.44677,2023-10-24,n,2023
7469,-14.15135,-68.59458,2023-10-24,n,2023
7470,-14.15211,-68.59068,2023-10-24,n,2023
7471,-14.14794,-68.58365,2023-10-24,n,2023
7472,-14.14721,-68.58735,2023-10-24,n,2023
7473,-14.14141,-68.58862,2023-10-24,n,2023
7474,-14.14072,-68.59214,2023-10-24,n,2023
7475,-14.56513,-67.98741,2023-10-24,n,2023
7476,-14.69801,-67.87064,2023-10-25,n,2023
7477,-14.69958,-67.86346,2023-10-25,n,2023
7478,-14.58957,-68.63235,2023-10-25,n,2023
7479,-14.52811,-68.11578,2023-10-25,n,2023
7480,-14.69783,-67.8593,2023-10-25,n,2023
7481,-14.57766,-68.66753,2023-10-26,n,2023
7482,-14.57906,-68.65683,2023-10-26,n,2023
7483,-14.57858,-68.66048,2023-10-26,n,2023
7484,-14.57505,-68.6535,2023-10-26,n,2023
7485,-14.57454,-68.65735,2023-10-26,n,2023
7486,-14.57405,-68.66116,2023-10-26,n,2023
7487,-14.5736,-68.66462,2023-10-26,n,2023
7488,-14.57317,-68.66787,2023-10-26,n,2023
7489,-14.57058,-68.65372,2023-10-26,n,2023
7490,-14.57004,-68.65783,2023-10-26,n,2023
7491,-14.56954,-68.66167,2023-10-26,n,2023
7492,-14.56909,-68.66509,2023-10-26,n,2023
7493,-14.56868,-68.66827,2023-10-26,n,2023
7494,-14.56509,-68.66176,2023-10-26,n,2023
7495,-14.56315,-68.64252,2023-10-26,n,2023
7496,-14.53069,-68.65306,2023-10-26,n,2023
7497,-14.57811,-68.66407,2023-10-26,n,2023
7498,-14.57952,-68.6533,2023-10-26,n,2023
7499,-14.58045,-68.64612,2023-10-26,n,2023
7500,-14.58097,-68.64219,2023-10-26,n,2023
7501,-14.58302,-68.6605,2023-10-26,n,2023
7502,-14.58348,-68.65698,2023-10-26,n,2023
7503,-14.58394,-68.65342,2023-10-26,n,2023
7504,-14.58744,-68.66064,2023-10-26,n,2023
7505,-14.60873,-68.82826,2023-10-28,n,2023
7506,-14.60613,-68.64764,2023-10-29,n,2023
7507,-14.58219,-68.67168,2023-10-29,n,2023
7508,-14.67708,-68.67646,2023-10-30,n,2023
7509,-14.67181,-68.67681,2023-10-30,n,2023
7510,-14.40093,-68.55175,2023-10-30,l,2023
7511,-14.4013,-68.55486,2023-10-30,n,2023
7512,-14.44791,-68.53365,2023-10-30,n,2023
7513,-14.44755,-68.53049,2023-10-30,n,2023
7514,-14.64771,-68.7026,2023-10-30,n,2023
7515,-15.00093,-68.17561,2023-10-31,n,2023
7516,-14.99911,-68.17656,2023-10-31,n,2023
7517,-15.14079,-68.23506,2023-10-31,n,2023
7518,-15.13983,-68.23042,2023-10-31,h,2023
7519,-15.13847,-68.23173,2023-10-31,h,2023
7520,-14.63432,-68.51548,2023-11-01,n,2023
7521,-14.78095,-68.31444,2023-11-01,n,2023
7522,-14.7813,-68.31403,2023-11-01,n,2023
7523,-15.13623,-68.21365,2023-11-02,n,2023
7524,-15.02712,-68.32156,2023-11-02,n,2023
7525,-15.0257,-68.28781,2023-11-02,n,2023
7526,-14.77304,-67.42476,2023-11-02,n,2023
7527,-14.63677,-67.53336,2023-11-02,n,2023
7528,-14.63346,-67.53281,2023-11-02,n,2023
7529,-14.63071,-67.52869,2023-11-02,n,2023
7530,-14.63014,-67.53226,2023-11-02,n,2023
7531,-15.13711,-68.23601,2023-11-02,n,2023
7532,-15.13304,-68.23293,2023-11-02,n,2023
7533,-15.13365,-68.23669,2023-11-02,n,2023
7534,-15.15546,-67.6793,2023-11-02,n,2023
7535,-15.16261,-67.67823,2023-11-02,n,2023
7536,-15.15732,-67.67566,2023-11-02,n,2023
7537,-15.03525,-68.32315,2023-11-02,n,2023
7538,-14.97944,-68.30909,2023-11-02,n,2023
7539,-14.97349,-68.29446,2023-11-02,n,2023
7540,-14.97003,-68.29514,2023-11-02,n,2023
7541,-14.95114,-68.31058,2023-11-02,n,2023
7542,-14.94767,-68.31117,2023-11-02,n,2023
7543,-14.77661,-67.42433,2023-11-02,n,2023
7544,-14.90437,-68.27353,2023-11-02,n,2023
7545,-14.72286,-67.59224,2023-11-02,n,2023
7546,-14.68386,-67.5892,2023-11-02,l,2023
7547,-14.67725,-67.83838,2023-11-02,n,2023
7548,-14.67866,-68.55147,2023-11-02,n,2023
7549,-14.60984,-68.53546,2023-11-02,n,2023
7550,-14.56063,-68.64692,2023-11-02,n,2023
7551,-14.54148,-68.65361,2023-11-02,n,2023
7552,-14.52658,-68.60475,2023-11-02,l,2023
7553,-14.54622,-68.72742,2023-11-02,n,2023
7554,-14.53211,-68.70541,2023-11-02,l,2023
7555,-14.52866,-68.70589,2023-11-02,n,2023
7556,-14.42291,-68.54771,2023-11-02,n,2023
7557,-14.33915,-68.55764,2023-11-02,n,2023
7558,-14.25036,-68.54832,2023-11-02,n,2023
7559,-15.16163,-67.67941,2023-11-02,n,2023
7560,-14.30509,-68.44176,2023-11-03,n,2023
7561,-14.33415,-68.56139,2023-11-03,n,2023
7562,-14.33492,-68.55725,2023-11-03,n,2023
7563,-14.66241,-67.57169,2023-11-03,n,2023
7564,-14.54855,-68.72335,2023-11-03,n,2023
7565,-14.54778,-68.72747,2023-11-03,n,2023
7566,-14.575,-68.67702,2023-11-03,n,2023
7567,-15.02287,-67.75602,2023-11-03,n,2023
7568,-15.04928,-68.25078,2023-11-03,n,2023
7569,-14.8619,-67.40536,2023-11-03,l,2023
7570,-14.69638,-67.56803,2023-11-03,l,2023
7571,-14.50652,-68.51488,2023-11-03,n,2023
7572,-14.55015,-68.72407,2023-11-03,l,2023
7573,-14.6601,-67.56451,2023-11-04,n,2023
7574,-14.66084,-67.56084,2023-11-04,n,2023
7575,-14.74045,-68.44482,2023-11-04,n,2023
7576,-14.74596,-68.4473,2023-11-04,n,2023
7577,-14.74081,-68.44306,2023-11-04,n,2023
7578,-14.73996,-68.44711,2023-11-04,n,2023
7579,-15.14019,-68.20605,2023-11-05,n,2023
7580,-15.13467,-68.214,2023-11-05,h,2023
7581,-15.14213,-68.20766,2023-11-05,n,2023
7582,-15.13669,-68.2159,2023-11-05,h,2023
7583,-14.7786,-68.42061,2023-11-05,n,2023
7584,-15.03468,-68.32615,2023-11-05,n,2023
7585,-15.0363,-68.33352,2023-11-05,n,2023
7586,-15.03406,-68.35529,2023-11-05,n,2023
7587,-15.03285,-68.35872,2023-11-05,n,2023
7588,-15.0313,-68.35146,2023-11-05,l,2023
7589,-14.86463,-68.30024,2023-11-05,n,2023
7590,-14.77557,-68.41648,2023-11-05,n,2023
7591,-14.77376,-68.41683,2023-11-05,n,2023
7592,-14.77506,-68.42279,2023-11-05,n,2023
7593,-15.13771,-68.2078,2023-11-05,l,2023
7594,-15.1316,-68.21229,2023-11-05,n,2023
7595,-15.03243,-68.31596,2023-11-05,n,2023
7596,-15.0335,-68.32082,2023-11-05,n,2023
7597,-14.77864,-67.43146,2023-11-06,n,2023
7598,-15.03264,-67.75874,2023-11-06,n,2023
7599,-15.03633,-67.76343,2023-11-06,n,2023
7600,-15.04052,-67.76415,2023-11-06,n,2023
7601,-15.13463,-68.215,2023-11-06,n,2023
7602,-15.13587,-68.20754,2023-11-06,n,2023
7603,-15.13653,-68.21094,2023-11-06,n,2023
7604,-15.0429,-67.75842,2023-11-06,h,2023
7605,-15.04357,-67.76182,2023-11-06,n,2023
7606,-15.03698,-67.75606,2023-11-06,n,2023
7607,-15.03763,-67.75937,2023-11-06,n,2023
7608,-15.03828,-67.76263,2023-11-06,n,2023
7609,-15.11774,-68.24999,2023-11-06,n,2023
7610,-14.73163,-67.61584,2023-11-06,h,2023
7611,-14.73232,-67.61929,2023-11-06,n,2023
7612,-14.73431,-67.61716,2023-11-06,h,2023
7613,-14.69568,-67.56113,2023-11-06,n,2023
7614,-14.64219,-68.3773,2023-11-06,n,2023
7615,-14.5389,-68.48708,2023-11-06,h,2023
7616,-14.53936,-68.48949,2023-11-06,n,2023
7617,-14.53389,-68.48831,2023-11-06,n,2023
7618,-14.56342,-68.64241,2023-11-06,n,2023
7619,-14.54107,-68.6071,2023-11-06,n,2023
7620,-14.46678,-68.51214,2023-11-06,n,2023
7621,-14.46634,-68.50982,2023-11-06,h,2023
7622,-14.4699,-68.50974,2023-11-06,n,2023
7623,-14.38697,-68.47917,2023-11-06,n,2023
7624,-14.38642,-68.47635,2023-11-06,n,2023
7625,-14.7782,-67.43667,2023-11-07,n,2023
7626,-14.78211,-67.43356,2023-11-07,n,2023
7627,-14.78267,-67.42989,2023-11-07,n,2023
7628,-14.78323,-67.42618,2023-11-07,n,2023
7629,-14.93212,-67.73926,2023-11-07,n,2023
7630,-15.03382,-67.76206,2023-11-07,n,2023
7631,-15.03492,-67.75482,2023-11-07,n,2023
7632,-15.03548,-67.75117,2023-11-07,n,2023
7633,-15.03661,-67.76624,2023-11-07,n,2023
7634,-15.03771,-67.759,2023-11-07,n,2023
7635,-15.03827,-67.75537,2023-11-07,n,2023
7636,-15.03996,-67.7668,2023-11-07,n,2023
7637,-15.04051,-67.76319,2023-11-07,n,2023
7638,-15.04106,-67.75955,2023-11-07,n,2023
7639,-15.04161,-67.75591,2023-11-07,n,2023
7640,-15.0433,-67.76736,2023-11-07,n,2023
7641,-15.04385,-67.76375,2023-11-07,n,2023
7642,-15.0444,-67.7601,2023-11-07,n,2023
7643,-15.04664,-67.76794,2023-11-07,n,2023
7644,-15.04719,-67.7643,2023-11-07,n,2023
7645,-15.04775,-67.76065,2023-11-07,n,2023
7646,-15.04998,-67.76851,2023-11-07,n,2023
7647,-15.04947,-68.25671,2023-11-07,n,2023
7648,-15.19932,-67.68011,2023-11-07,n,2023
7649,-15.25303,-68.08302,2023-11-07,n,2023
7650,-15.0527,-67.7195,2023-11-07,n,2023
7651,-15.05154,-67.71789,2023-11-07,n,2023
7652,-15.046,-67.75565,2023-11-07,n,2023
7653,-15.04774,-67.76583,2023-11-07,n,2023
7654,-15.04385,-67.7664,2023-11-07,n,2023
7655,-15.04314,-68.33414,2023-11-07,n,2023
7656,-15.03701,-68.32061,2023-11-07,n,2023
7657,-15.03778,-68.3252,2023-11-07,n,2023
7658,-14.78366,-67.43081,2023-11-07,n,2023
7659,-14.78461,-67.43614,2023-11-07,n,2023
7660,-14.78555,-67.44141,2023-11-07,n,2023
7661,-14.78062,-67.43668,2023-11-07,n,2023
7662,-14.78157,-67.44198,2023-11-07,n,2023
7663,-14.78244,-67.43881,2023-11-07,n,2023
7664,-14.77755,-67.43414,2023-11-07,n,2023
7665,-14.77845,-67.43939,2023-11-07,n,2023
7666,-14.46685,-68.50617,2023-11-07,n,2023
7667,-14.245,-68.54874,2023-11-07,n,2023
7668,-13.99226,-68.95879,2023-11-07,n,2023
7669,-14.90527,-68.13214,2023-11-08,n,2023
7670,-14.93288,-68.13515,2023-11-08,n,2023
7671,-14.93235,-68.13155,2023-11-08,n,2023
7672,-14.85696,-67.40652,2023-11-08,n,2023
7673,-14.54172,-68.60617,2023-11-08,n,2023
7674,-14.56422,-68.64305,2023-11-08,n,2023
7675,-14.56369,-68.63947,2023-11-08,l,2023
7676,-14.60551,-68.8077,2023-11-08,n,2023
7677,-14.605,-68.80421,2023-11-08,n,2023
7678,-14.61912,-68.69099,2023-11-08,l,2023
7679,-14.69286,-67.55386,2023-11-08,n,2023
7680,-14.69617,-67.55332,2023-11-08,n,2023
7681,-14.70003,-67.55635,2023-11-08,n,2023
7682,-14.70334,-67.55582,2023-11-08,n,2023
7683,-14.77297,-67.43465,2023-11-08,n,2023
7684,-14.77352,-67.43821,2023-11-08,h,2023
7685,-14.77792,-67.44481,2023-11-08,n,2023
7686,-14.77683,-67.43768,2023-11-08,n,2023
7687,-14.78123,-67.44427,2023-11-08,n,2023
7688,-14.79063,-67.43913,2023-11-08,n,2023
7689,-14.79009,-67.43555,2023-11-08,n,2023
7690,-14.99434,-68.18435,2023-11-08,n,2023
7691,-14.9982,-68.18742,2023-11-08,n,2023
7692,-15.10644,-67.66508,2023-11-08,n,2023
7693,-15.1059,-67.66152,2023-11-08,n,2023
7694,-15.16365,-67.68436,2023-11-08,n,2023
7695,-15.04292,-67.6003,2023-11-09,l,2023
7696,-15.0469,-67.59992,2023-11-09,l,2023
7697,-15.04643,-68.3503,2023-11-10,n,2023
7698,-15.04643,-68.3503,2023-11-10,n,2023
7699,-14.6102,-68.48009,2023-11-10,n,2023
7700,-14.56937,-68.39245,2023-11-10,n,2023
7701,-14.92491,-67.63213,2023-11-10,n,2023
7702,-15.06372,-68.32715,2023-11-10,n,2023
7703,-14.52223,-68.48531,2023-11-10,n,2023
7704,-14.7987,-67.45438,2023-11-11,h,2023
7705,-14.79507,-67.45719,2023-11-11,n,2023
7706,-14.7944,-67.44978,2023-11-11,n,2023
7707,-14.80214,-67.4554,2023-11-11,n,2023
7708,-14.79627,-67.45274,2023-11-11,n,2023
7709,-14.79959,-67.45393,2023-11-11,n,2023
7710,-15.043,-67.61477,2023-11-12,n,2023
7711,-15.04356,-67.61082,2023-11-12,n,2023
7712,-15.04372,-67.61276,2023-11-12,n,2023
7713,-15.04014,-67.61249,2023-11-12,n,2023
7714,-14.96221,-67.67622,2023-11-12,n,2023
7715,-14.96163,-67.68019,2023-11-12,n,2023
7716,-14.95811,-67.67962,2023-11-12,n,2023
7717,-14.92475,-67.63567,2023-11-12,n,2023
7718,-14.92124,-67.63493,2023-11-12,n,2023
7719,-14.92062,-67.63921,2023-11-12,n,2023
7720,-14.6672,-67.84015,2023-11-12,n,2023
7721,-14.67067,-67.84087,2023-11-12,n,2023
7722,-14.67411,-67.84171,2023-11-12,n,2023
7723,-14.76429,-67.44611,2023-11-12,n,2023
7724,-14.7637,-67.45025,2023-11-12,n,2023
7725,-14.76489,-67.44191,2023-11-12,n,2023
7726,-14.76725,-67.45084,2023-11-12,n,2023
7727,-14.77022,-67.45557,2023-11-12,n,2023
7728,-14.77378,-67.45612,2023-11-12,n,2023
7729,-14.77674,-67.46084,2023-11-12,n,2023
7730,-14.77734,-67.45665,2023-11-12,n,2023
7731,-14.7803,-67.46136,2023-11-12,n,2023
7732,-14.78387,-67.46187,2023-11-12,n,2023
7733,-14.79039,-67.4671,2023-11-12,n,2023
7734,-14.79099,-67.46297,2023-11-12,n,2023
7735,-14.79394,-67.46768,2023-11-12,n,2023
7736,-14.79454,-67.46356,2023-11-12,n,2023
7737,-14.79513,-67.45944,2023-11-12,n,2023
7738,-14.79573,-67.45532,2023-11-12,n,2023
7739,-14.79809,-67.46417,2023-11-12,n,2023
7740,-14.79868,-67.46007,2023-11-12,n,2023
7741,-14.79928,-67.45595,2023-11-12,n,2023
7742,-14.79987,-67.45182,2023-11-12,n,2023
7743,-14.80223,-67.46068,2023-11-12,n,2023
7744,-14.80343,-67.45244,2023-11-12,n,2023
7745,-14.80164,-67.4648,2023-11-12,n,2023
7746,-14.80283,-67.45657,2023-11-12,n,2023
7747,-14.80578,-67.4613,2023-11-12,n,2023
7748,-14.80638,-67.45718,2023-11-12,n,2023
7749,-14.80698,-67.45303,2023-11-12,n,2023
7750,-14.80993,-67.45779,2023-11-12,n,2023
7751,-14.81053,-67.45361,2023-11-12,n,2023
7752,-15.04833,-67.60754,2023-11-12,n,2023
7753,-15.04407,-67.60867,2023-11-12,n,2023
7754,-15.04471,-67.61221,2023-11-12,n,2023
7755,-14.76279,-68.26671,2023-11-12,n,2023
7756,-14.76117,-68.26683,2023-11-12,n,2023
7757,-14.7619,-68.27103,2023-11-12,n,2023
7758,-14.6097,-68.48248,2023-11-12,n,2023
7759,-13.99394,-68.90297,2023-11-12,n,2023
7760,-14.55868,-68.4734,2023-11-12,n,2023
7761,-14.68579,-68.55428,2023-11-12,n,2023
7762,-14.68857,-68.57021,2023-11-12,n,2023
7763,-14.63388,-68.40339,2023-11-12,n,2023
7764,-14.62978,-68.40433,2023-11-12,n,2023
7765,-14.62384,-68.41887,2023-11-12,n,2023
7766,-14.62449,-68.42251,2023-11-12,l,2023
7767,-14.48557,-68.5798,2023-11-12,n,2023
7768,-14.485,-68.58283,2023-11-12,n,2023
7769,-14.48438,-68.5794,2023-11-12,n,2023
7770,-14.52192,-68.50561,2023-11-12,l,2023
7771,-14.53302,-68.49644,2023-11-12,n,2023
7772,-14.81172,-67.45021,2023-11-12,n,2023
7773,-14.81333,-67.45919,2023-11-12,n,2023
7774,-14.80893,-67.45988,2023-11-12,n,2023
7775,-14.80972,-67.46427,2023-11-12,n,2023
7776,-14.8053,-67.46484,2023-11-12,n,2023
7777,-14.80089,-67.46542,2023-11-12,n,2023
7778,-14.79647,-67.466,2023-11-12,n,2023
7779,-14.78687,-67.463,2023-11-12,n,2023
7780,-14.76451,-67.43979,2023-11-12,n,2023
7781,-14.76535,-67.44436,2023-11-12,n,2023
7782,-14.76617,-67.44881,2023-11-12,n,2023
7783,-14.76697,-67.45322,2023-11-12,n,2023
7784,-14.55924,-68.47662,2023-11-12,n,2023
7785,-14.68863,-67.54476,2023-11-12,n,2023
7786,-14.68545,-68.573,2023-11-13,n,2023
7787,-14.6811,-68.55553,2023-11-13,n,2023
7788,-14.81869,-67.4623,2023-11-13,n,2023
7789,-14.81529,-67.46168,2023-11-13,n,2023
7790,-14.81466,-67.46548,2023-11-13,n,2023
7791,-14.81189,-67.46107,2023-11-13,n,2023
7792,-14.81125,-67.46487,2023-11-13,n,2023
7793,-14.81061,-67.46869,2023-11-13,n,2023
7794,-14.81314,-67.45354,2023-11-13,n,2023
7795,-14.81252,-67.45731,2023-11-13,n,2023
7796,-14.81036,-67.44922,2023-11-13,n,2023
7797,-14.80848,-67.46052,2023-11-13,n,2023
7798,-14.8072,-67.46814,2023-11-13,n,2023
7799,-14.80695,-67.44864,2023-11-13,n,2023
7800,-14.80379,-67.46758,2023-11-13,n,2023
7801,-14.80669,-67.44925,2023-11-13,n,2023
7802,-14.80421,-67.46442,2023-11-13,n,2023
7803,-14.80359,-67.46822,2023-11-13,n,2023
7804,-14.80328,-67.44868,2023-11-13,n,2023
7805,-14.80018,-67.46767,2023-11-13,n,2023
7806,-14.79955,-67.47149,2023-11-13,n,2023
7807,-14.79988,-67.4481,2023-11-13,n,2023
7808,-14.79926,-67.4519,2023-11-13,n,2023
7809,-14.79614,-67.47094,2023-11-13,n,2023
7810,-14.79647,-67.44755,2023-11-13,n,2023
7811,-14.79273,-67.47036,2023-11-13,n,2023
7812,-14.78932,-67.46978,2023-11-13,n,2023
7813,-14.78654,-67.46541,2023-11-13,n,2023
7814,-14.78592,-67.46918,2023-11-13,n,2023
7815,-14.78314,-67.46478,2023-11-13,n,2023
7816,-14.77973,-67.46416,2023-11-13,n,2023
7817,-14.7757,-67.46737,2023-11-13,n,2023
7818,-14.77633,-67.46356,2023-11-13,n,2023
7819,-14.77354,-67.45919,2023-11-13,n,2023
7820,-14.77292,-67.46297,2023-11-13,n,2023
7821,-14.77014,-67.4586,2023-11-13,n,2023
7822,-14.76394,-67.45367,2023-11-13,n,2023
7823,-14.7624,-67.44177,2023-11-13,n,2023
7824,-14.76116,-67.44931,2023-11-13,n,2023
7825,-14.76053,-67.45309,2023-11-13,n,2023
7826,-14.75961,-67.43745,2023-11-13,n,2023
7827,-14.75775,-67.44874,2023-11-13,n,2023
7828,-14.75899,-67.44121,2023-11-13,n,2023
7829,-14.75837,-67.44497,2023-11-13,n,2023
7830,-14.66523,-67.83498,2023-11-13,n,2023
7831,-14.66275,-67.84975,2023-11-13,n,2023
7832,-14.6605,-67.84199,2023-11-13,n,2023
7833,-14.65987,-67.84574,2023-11-13,n,2023
7834,-14.68548,-67.54555,2023-11-13,n,2023
7835,-14.62184,-67.52702,2023-11-13,n,2023
7836,-14.76257,-67.45509,2023-11-13,n,2023
7837,-14.76197,-67.45132,2023-11-13,n,2023
7838,-14.76598,-67.45454,2023-11-13,n,2023
7839,-14.76999,-67.45779,2023-11-13,n,2023
7840,-14.7746,-67.46474,2023-11-13,n,2023
7841,-14.774,-67.46098,2023-11-13,n,2023
7842,-14.7786,-67.46793,2023-11-13,n,2023
7843,-14.778,-67.46419,2023-11-13,n,2023
7844,-14.782,-67.46735,2023-11-13,n,2023
7845,-14.7814,-67.4636,2023-11-13,n,2023
7846,-14.78539,-67.46677,2023-11-13,n,2023
7847,-14.7928,-67.46941,2023-11-13,n,2023
7848,-14.7968,-67.47263,2023-11-13,n,2023
7849,-14.80021,-67.47211,2023-11-13,n,2023
7850,-14.81722,-67.46938,2023-11-13,n,2023
7851,-14.81883,-67.45754,2023-11-13,n,2023
7852,-14.81823,-67.45377,2023-11-13,n,2023
7853,-14.82282,-67.46068,2023-11-13,n,2023
7854,-14.82223,-67.45693,2023-11-13,n,2023
7855,-14.96575,-67.67836,2023-11-13,n,2023
7856,-14.96517,-67.67474,2023-11-13,n,2023
7857,-14.77052,-67.46407,2023-11-14,n,2023
7858,-15.04591,-67.60468,2023-11-15,n,2023
7859,-15.04217,-67.60189,2023-11-15,n,2023
7860,-15.04819,-67.60297,2023-11-15,n,2023
7861,-15.0191,-67.62066,2023-11-15,n,2023
7862,-15.01655,-67.62363,2023-11-15,n,2023
7863,-14.80857,-67.47922,2023-11-15,n,2023
7864,-14.76703,-67.45793,2023-11-15,n,2023
7865,-14.7678,-67.45995,2023-11-15,n,2023
7866,-14.76237,-67.45546,2023-11-15,n,2023
7867,-14.75757,-67.4561,2023-11-15,n,2023
7868,-14.79603,-68.33385,2023-11-15,n,2023
7869,-14.79636,-68.33682,2023-11-15,n,2023
7870,-14.72538,-68.42267,2023-11-15,l,2023
7871,-14.71179,-68.34995,2023-11-15,n,2023
7872,-14.71226,-68.35399,2023-11-15,n,2023
7873,-14.7188,-68.50124,2023-11-15,n,2023
7874,-14.71915,-68.50433,2023-11-15,n,2023
7875,-15.0473,-67.61415,2023-11-16,n,2023
7876,-15.04696,-67.61713,2023-11-16,n,2023
7877,-14.9301,-67.61272,2023-11-16,n,2023
7878,-14.8259,-67.45422,2023-11-16,n,2023
7879,-14.82133,-67.44698,2023-11-16,n,2023
7880,-14.71521,-68.36057,2023-11-16,n,2023
7881,-14.80576,-67.44125,2023-11-16,n,2023
7882,-14.80044,-67.4405,2023-11-16,n,2023
7883,-14.71511,-68.35915,2023-11-16,n,2023
7884,-14.75181,-67.45342,2023-11-16,n,2023
7885,-14.7514,-67.45686,2023-11-16,n,2023
7886,-14.59126,-68.6288,2023-11-16,n,2023
7887,-14.58015,-68.67946,2023-11-16,n,2023
7888,-14.57519,-68.67942,2023-11-16,n,2023
7889,-15.01505,-67.6226,2023-11-16,n,2023
7890,-14.83717,-68.32902,2023-11-16,n,2023
7891,-14.72074,-68.35021,2023-11-16,n,2023
7892,-14.71632,-68.35158,2023-11-16,n,2023
7893,-14.66069,-68.60294,2023-11-16,n,2023
7894,-14.6599,-68.59914,2023-11-16,l,2023
7895,-14.54755,-68.49125,2023-11-16,n,2023
7896,-14.56876,-68.64002,2023-11-17,n,2023
7897,-14.81154,-67.48704,2023-11-17,n,2023
7898,-14.81303,-67.48453,2023-11-17,n,2023
7899,-14.75904,-67.46536,2023-11-17,n,2023
7900,-14.62755,-68.54697,2023-11-17,n,2023
7901,-14.98502,-67.50473,2023-11-18,n,2023
7902,-14.98445,-67.50827,2023-11-18,n,2023
7903,-15.05453,-68.34533,2023-11-18,n,2023
7904,-15.05119,-68.34473,2023-11-18,n,2023
7905,-14.8516,-67.44567,2023-11-18,n,2023
7906,-14.85391,-67.40955,2023-11-18,n,2023
7907,-14.84772,-67.44868,2023-11-18,n,2023
7908,-14.84441,-67.44813,2023-11-18,n,2023
7909,-14.84385,-67.45168,2023-11-18,n,2023
7910,-14.8411,-67.44758,2023-11-18,n,2023
7911,-14.83941,-67.45824,2023-11-18,n,2023
7912,-14.84054,-67.45113,2023-11-18,n,2023
7913,-14.83998,-67.45469,2023-11-18,n,2023
7914,-14.83272,-67.47903,2023-11-18,n,2023
7915,-14.83779,-67.44702,2023-11-18,n,2023
7916,-14.83723,-67.45058,2023-11-18,n,2023
7917,-14.83667,-67.45413,2023-11-18,n,2023
7918,-14.8361,-67.4577,2023-11-18,n,2023
7919,-14.83554,-67.46124,2023-11-18,n,2023
7920,-14.83497,-67.46481,2023-11-18,n,2023
7921,-14.83392,-67.45003,2023-11-18,n,2023
7922,-14.83335,-67.45358,2023-11-18,n,2023
7923,-14.83279,-67.45713,2023-11-18,n,2023
7924,-14.83223,-67.46069,2023-11-18,n,2023
7925,-14.83166,-67.46425,2023-11-18,n,2023
7926,-14.82997,-67.47492,2023-11-18,n,2023
7927,-14.82941,-67.47849,2023-11-18,n,2023
7928,-14.83504,-67.44291,2023-11-18,n,2023
7929,-14.83448,-67.44646,2023-11-18,n,2023
7930,-14.83229,-67.4388,2023-11-18,n,2023
7931,-14.83117,-67.44591,2023-11-18,n,2023
7932,-14.8306,-67.44946,2023-11-18,n,2023
7933,-14.8261,-67.47793,2023-11-18,n,2023
7934,-14.82553,-67.48148,2023-11-18,n,2023
7935,-14.83173,-67.44234,2023-11-18,n,2023
7936,-14.82842,-67.4418,2023-11-18,n,2023
7937,-14.82166,-67.48448,2023-11-18,n,2023
7938,-14.8211,-67.48804,2023-11-18,n,2023
7939,-14.82567,-67.43768,2023-11-18,n,2023
7940,-14.82511,-67.44123,2023-11-18,n,2023
7941,-14.81722,-67.49105,2023-11-18,n,2023
7942,-14.81778,-67.48749,2023-11-18,n,2023
7943,-14.82236,-67.43713,2023-11-18,n,2023
7944,-14.8218,-67.44068,2023-11-18,n,2023
7945,-14.81391,-67.49049,2023-11-18,n,2023
7946,-14.82292,-67.43357,2023-11-18,n,2023
7947,-14.81905,-67.43657,2023-11-18,n,2023
7948,-14.82018,-67.42947,2023-11-18,n,2023
7949,-14.81961,-67.43301,2023-11-18,n,2023
7950,-14.8163,-67.43246,2023-11-18,n,2023
7951,-14.80728,-67.4894,2023-11-18,n,2023
7952,-14.81686,-67.42891,2023-11-18,n,2023
7953,-14.81355,-67.42836,2023-11-18,n,2023
7954,-14.81243,-67.43546,2023-11-18,n,2023
7955,-14.80341,-67.49239,2023-11-18,n,2023
7956,-14.81299,-67.43191,2023-11-18,n,2023
7957,-14.80397,-67.48884,2023-11-18,n,2023
7958,-14.80912,-67.43491,2023-11-18,n,2023
7959,-14.80066,-67.48829,2023-11-18,n,2023
7960,-14.8001,-67.49184,2023-11-18,n,2023
7961,-14.79735,-67.48773,2023-11-18,n,2023
7962,-14.80581,-67.43436,2023-11-18,n,2023
7963,-14.80194,-67.43736,2023-11-18,n,2023
7964,-14.79404,-67.48718,2023-11-18,n,2023
7965,-14.79129,-67.48307,2023-11-18,n,2023
7966,-14.79072,-67.48663,2023-11-18,n,2023
7967,-14.78854,-67.47897,2023-11-18,n,2023
7968,-14.78798,-67.48251,2023-11-18,n,2023
7969,-14.78523,-67.47841,2023-11-18,n,2023
7970,-14.75329,-67.46656,2023-11-18,n,2023
7971,-14.73757,-67.5443,2023-11-18,n,2023
7972,-14.73813,-67.54073,2023-11-18,n,2023
7973,-14.73538,-67.53661,2023-11-18,n,2023
7974,-14.72973,-67.57227,2023-11-18,n,2023
7975,-14.73482,-67.54017,2023-11-18,n,2023
7976,-14.73426,-67.54373,2023-11-18,n,2023
7977,-14.7303,-67.5687,2023-11-18,n,2023
7978,-14.72529,-67.57887,2023-11-18,n,2023
7979,-14.73151,-67.5396,2023-11-18,n,2023
7980,-14.73094,-67.54317,2023-11-18,n,2023
7981,-14.73038,-67.54675,2023-11-18,n,2023
7982,-14.72698,-67.56815,2023-11-18,n,2023
7983,-14.72642,-67.57172,2023-11-18,n,2023
7984,-14.72585,-67.57529,2023-11-18,n,2023
7985,-14.72197,-67.57832,2023-11-18,n,2023
7986,-14.7282,-67.53905,2023-11-18,n,2023
7987,-14.72763,-67.54261,2023-11-18,n,2023
7988,-14.72706,-67.54618,2023-11-18,n,2023
7989,-14.72367,-67.56759,2023-11-18,n,2023
7990,-14.7231,-67.57116,2023-11-18,n,2023
7991,-14.72254,-67.57474,2023-11-18,n,2023
7992,-14.72319,-67.54919,2023-11-18,n,2023
7993,-14.71922,-67.57417,2023-11-18,n,2023
7994,-14.72432,-67.54205,2023-11-18,n,2023
7995,-14.72375,-67.54562,2023-11-18,n,2023
7996,-14.72262,-67.55276,2023-11-18,n,2023
7997,-14.71979,-67.5706,2023-11-18,n,2023
7998,-14.71988,-67.54863,2023-11-18,n,2023
7999,-14.71931,-67.5522,2023-11-18,n,2023
8000,-14.71874,-67.55578,2023-11-18,n,2023
8001,-14.71591,-67.57362,2023-11-18,n,2023
8002,-14.71534,-67.5772,2023-11-18,n,2023
8003,-14.72044,-67.54506,2023-11-18,n,2023
8004,-14.71648,-67.57005,2023-11-18,n,2023
8005,-14.71599,-67.55165,2023-11-18,n,2023
8006,-14.71543,-67.55522,2023-11-18,n,2023
8007,-14.7143,-67.56236,2023-11-18,n,2023
8008,-14.71317,-67.56949,2023-11-18,n,2023
8009,-14.71203,-67.57664,2023-11-18,n,2023
8010,-14.71713,-67.54451,2023-11-18,n,2023
8011,-14.71656,-67.54809,2023-11-18,n,2023
8012,-14.71486,-67.55879,2023-11-18,n,2023
8013,-14.7126,-67.57306,2023-11-18,n,2023
8014,-14.71325,-67.54753,2023-11-18,n,2023
8015,-14.71211,-67.55467,2023-11-18,n,2023
8016,-14.71155,-67.55824,2023-11-18,n,2023
8017,-14.71098,-67.56181,2023-11-18,n,2023
8018,-14.71268,-67.5511,2023-11-18,n,2023
8019,-14.70937,-67.55054,2023-11-18,n,2023
8020,-14.70629,-67.48427,2023-11-18,n,2023
8021,-14.70572,-67.48783,2023-11-18,n,2023
8022,-14.70241,-67.48727,2023-11-18,n,2023
8023,-14.70184,-67.49084,2023-11-18,n,2023
8024,-14.78467,-67.48196,2023-11-18,n,2023
8025,-14.78135,-67.48141,2023-11-18,n,2023
8026,-14.69635,-67.48263,2023-11-18,n,2023
8027,-14.69578,-67.48618,2023-11-18,n,2023
8028,-14.69191,-67.48918,2023-11-18,n,2023
8029,-14.69303,-67.48206,2023-11-18,n,2023
8030,-14.69247,-67.48563,2023-11-18,n,2023
8031,-14.68972,-67.48151,2023-11-18,n,2023
8032,-14.68859,-67.48863,2023-11-18,n,2023
8033,-14.68916,-67.48507,2023-11-18,n,2023
8034,-14.68698,-67.4774,2023-11-18,n,2023
8035,-14.30418,-68.43854,2023-11-18,n,2023
8036,-14.65407,-67.58219,2023-11-18,n,2023
8037,-14.65336,-67.5779,2023-11-18,n,2023
8038,-14.65768,-67.58157,2023-11-18,n,2023
8039,-14.65697,-67.57726,2023-11-18,n,2023
8040,-14.65627,-67.57297,2023-11-18,n,2023
8041,-14.66129,-67.58094,2023-11-18,n,2023
8042,-14.66058,-67.57663,2023-11-18,n,2023
8043,-14.65917,-67.56799,2023-11-18,n,2023
8044,-14.64998,-67.51202,2023-11-18,n,2023
8045,-14.66419,-67.57599,2023-11-18,n,2023
8046,-14.66349,-67.57167,2023-11-18,l,2023
8047,-14.66278,-67.56734,2023-11-18,l,2023
8048,-14.66511,-67.51027,2023-11-18,n,2023
8049,-14.68322,-67.59553,2023-11-18,n,2023
8050,-14.68178,-67.58694,2023-11-18,n,2023
8051,-14.68105,-67.58262,2023-11-18,n,2023
8052,-14.67816,-67.56549,2023-11-18,n,2023
8053,-14.68683,-67.5949,2023-11-18,n,2023
8054,-14.68611,-67.5906,2023-11-18,n,2023
8055,-14.67163,-67.50468,2023-11-18,n,2023
8056,-14.64053,-67.52253,2023-11-18,n,2023
8057,-14.64124,-67.52684,2023-11-18,n,2023
8058,-14.65046,-67.58283,2023-11-18,n,2023
8059,-14.68683,-67.57282,2023-11-18,n,2023
8060,-14.68397,-67.55585,2023-11-18,n,2023
8061,-14.67526,-67.5041,2023-11-18,n,2023
8062,-14.67452,-67.49973,2023-11-18,l,2023
8063,-14.6623,-67.83395,2023-11-18,n,2023
8064,-14.65873,-67.83456,2023-11-18,n,2023
8065,-14.65944,-67.83887,2023-11-18,n,2023
8066,-14.65587,-67.83945,2023-11-18,n,2023
8067,-14.65659,-67.84378,2023-11-18,n,2023
8068,-14.65734,-67.8483,2023-11-18,n,2023
8069,-14.6306,-68.54517,2023-11-18,n,2023
8070,-14.72089,-68.45366,2023-11-18,n,2023
8071,-14.72153,-68.45759,2023-11-18,n,2023
8072,-14.71742,-68.45423,2023-11-18,n,2023
8073,-14.71807,-68.4582,2023-11-18,n,2023
8074,-14.71526,-68.46277,2023-11-18,n,2023
8075,-14.71116,-68.45949,2023-11-18,n,2023
8076,-14.71181,-68.46347,2023-11-18,n,2023
8077,-14.70771,-68.46018,2023-11-18,n,2023
8078,-14.67311,-67.5796,2023-11-18,n,2023
8079,-14.6695,-67.58024,2023-11-18,n,2023
8080,-14.66297,-67.56364,2023-11-18,n,2023
8081,-14.66443,-67.57227,2023-11-18,n,2023
8082,-14.66516,-67.57658,2023-11-18,n,2023
8083,-14.66082,-67.57291,2023-11-18,l,2023
8084,-14.66155,-67.57721,2023-11-18,n,2023
8085,-14.66851,-67.57967,2023-11-18,n,2023
8086,-14.62717,-68.54593,2023-11-18,n,2023
8087,-14.61064,-68.55341,2023-11-18,n,2023
8088,-14.60872,-68.55437,2023-11-18,n,2023
8089,-14.60933,-68.55824,2023-11-18,n,2023
8090,-14.58322,-68.55038,2023-11-18,n,2023
8091,-14.57873,-68.65463,2023-11-18,n,2023
8092,-14.43956,-68.81616,2023-11-18,n,2023
8093,-14.26589,-68.04561,2023-11-18,n,2023
8094,-14.26658,-68.04981,2023-11-18,n,2023
8095,-14.26303,-68.05042,2023-11-18,n,2023
8096,-14.68831,-67.55951,2023-11-18,n,2023
8097,-14.68688,-67.55099,2023-11-18,n,2023
8098,-14.68615,-67.54662,2023-11-18,n,2023
8099,-14.67889,-67.50351,2023-11-18,n,2023
8100,-14.69479,-67.57593,2023-11-18,n,2023
8101,-14.69408,-67.57172,2023-11-18,n,2023
8102,-14.68253,-67.50297,2023-11-18,n,2023
8103,-14.69911,-67.57957,2023-11-18,n,2023
8104,-14.69841,-67.57536,2023-11-18,n,2023
8105,-14.6869,-67.50678,2023-11-18,n,2023
8106,-14.68616,-67.50241,2023-11-18,n,2023
8107,-14.70273,-67.57899,2023-11-18,n,2023
8108,-14.70203,-67.5748,2023-11-18,n,2023
8109,-14.70132,-67.57059,2023-11-18,n,2023
8110,-14.6999,-67.56208,2023-11-18,n,2023
8111,-14.69053,-67.50619,2023-11-18,n,2023
8112,-14.68979,-67.50182,2023-11-18,n,2023
8113,-14.70564,-67.5742,2023-11-18,n,2023
8114,-14.70494,-67.57001,2023-11-18,n,2023
8115,-14.69415,-67.50558,2023-11-18,n,2023
8116,-14.69342,-67.5012,2023-11-18,n,2023
8117,-14.7185,-67.62894,2023-11-18,n,2023
8118,-14.71779,-67.62469,2023-11-18,n,2023
8119,-14.70856,-67.56941,2023-11-18,n,2023
8120,-14.69778,-67.50496,2023-11-18,n,2023
8121,-14.69704,-67.50056,2023-11-18,n,2023
8122,-14.69482,-67.48734,2023-11-18,n,2023
8123,-14.69409,-67.48299,2023-11-18,n,2023
8124,-14.69337,-67.47865,2023-11-18,n,2023
8125,-14.72139,-67.62406,2023-11-18,n,2023
8126,-14.72068,-67.6198,2023-11-18,n,2023
8127,-14.71287,-67.573,2023-11-18,n,2023
8128,-14.71146,-67.56455,2023-11-18,n,2023
8129,-14.70066,-67.4999,2023-11-18,n,2023
8130,-14.24231,-68.547,2023-11-18,n,2023
8131,-14.72641,-67.63196,2023-11-18,n,2023
8132,-14.72357,-67.61491,2023-11-18,n,2023
8133,-14.71649,-67.57241,2023-11-18,n,2023
8134,-14.71437,-67.55971,2023-11-18,n,2023
8135,-14.71296,-67.55123,2023-11-18,n,2023
8136,-14.71225,-67.54698,2023-11-18,n,2023
8137,-14.70428,-67.49924,2023-11-18,n,2023
8138,-14.70354,-67.49487,2023-11-18,n,2023
8139,-14.70282,-67.49052,2023-11-18,n,2023
8140,-14.70062,-67.47739,2023-11-18,n,2023
8141,-14.6999,-67.47305,2023-11-18,n,2023
8142,-14.71799,-67.55912,2023-11-18,n,2023
8143,-14.71659,-67.55067,2023-11-18,n,2023
8144,-14.71517,-67.54217,2023-11-18,n,2023
8145,-14.7079,-67.49863,2023-11-18,n,2023
8146,-14.70718,-67.49427,2023-11-18,n,2023
8147,-14.70498,-67.48113,2023-11-18,n,2023
8148,-14.70352,-67.4724,2023-11-18,n,2023
8149,-14.73148,-67.6179,2023-11-18,n,2023
8150,-14.72231,-67.56276,2023-11-18,n,2023
8151,-14.72161,-67.55853,2023-11-18,n,2023
8152,-14.72091,-67.55432,2023-11-18,n,2023
8153,-14.71951,-67.54592,2023-11-18,n,2023
8154,-14.7188,-67.54163,2023-11-18,n,2023
8155,-14.71808,-67.53732,2023-11-18,n,2023
8156,-14.71153,-67.49804,2023-11-18,l,2023
8157,-14.71081,-67.49369,2023-11-18,n,2023
8158,-14.71008,-67.48934,2023-11-18,n,2023
8159,-14.70935,-67.48496,2023-11-18,n,2023
8160,-14.70862,-67.48054,2023-11-18,n,2023
8161,-14.70643,-67.46744,2023-11-18,n,2023
8162,-14.73791,-67.63433,2023-11-18,n,2023
8163,-14.7372,-67.63006,2023-11-18,n,2023
8164,-14.73508,-67.61726,2023-11-18,n,2023
8165,-14.72873,-67.57899,2023-11-18,n,2023
8166,-14.72803,-67.57479,2023-11-18,n,2023
8167,-14.72733,-67.57059,2023-11-18,n,2023
8168,-14.72663,-67.56636,2023-11-18,n,2023
8169,-14.72592,-67.56212,2023-11-18,n,2023
8170,-14.72522,-67.5579,2023-11-18,n,2023
8171,-14.72452,-67.55369,2023-11-18,n,2023
8172,-14.72242,-67.54105,2023-11-18,n,2023
8173,-14.72097,-67.53233,2023-11-18,n,2023
8174,-14.71444,-67.49313,2023-11-18,n,2023
8175,-14.71372,-67.48875,2023-11-18,n,2023
8176,-14.71299,-67.48437,2023-11-18,h,2023
8177,-14.74151,-67.63371,2023-11-18,n,2023
8178,-14.7408,-67.62945,2023-11-18,n,2023
8179,-14.74009,-67.62517,2023-11-18,n,2023
8180,-14.73797,-67.61236,2023-11-18,n,2023
8181,-14.73164,-67.57419,2023-11-18,n,2023
8182,-14.73094,-67.56999,2023-11-18,n,2023
8183,-14.72953,-67.56149,2023-11-18,n,2023
8184,-14.72883,-67.55725,2023-11-18,l,2023
8185,-14.72813,-67.55304,2023-11-18,n,2023
8186,-14.72743,-67.54885,2023-11-18,n,2023
8187,-14.72532,-67.53614,2023-11-18,l,2023
8188,-14.72459,-67.53173,2023-11-18,n,2023
8189,-14.71735,-67.48817,2023-11-18,n,2023
8190,-14.71662,-67.48378,2023-11-18,n,2023
8191,-14.73234,-67.57838,2023-11-18,h,2023
8192,-14.74511,-67.63309,2023-11-18,n,2023
8193,-14.74299,-67.62027,2023-11-18,n,2023
8194,-14.73595,-67.57776,2023-11-18,n,2023
8195,-14.73526,-67.57359,2023-11-18,n,2023
8196,-14.73456,-67.56939,2023-11-18,n,2023
8197,-14.73385,-67.56512,2023-11-18,n,2023
8198,-14.73314,-67.56087,2023-11-18,n,2023
8199,-14.73174,-67.5524,2023-11-18,n,2023
8200,-14.73104,-67.54819,2023-11-18,n,2023
8201,-14.72894,-67.53552,2023-11-18,n,2023
8202,-14.72822,-67.53114,2023-11-18,n,2023
8203,-14.72025,-67.48319,2023-11-18,n,2023
8204,-14.71952,-67.47878,2023-11-18,n,2023
8205,-14.74658,-67.61964,2023-11-18,n,2023
8206,-14.74588,-67.61537,2023-11-18,n,2023
8207,-14.73887,-67.573,2023-11-18,n,2023
8208,-14.73817,-67.56878,2023-11-18,n,2023
8209,-14.73746,-67.56451,2023-11-18,n,2023
8210,-14.73676,-67.56025,2023-11-18,n,2023
8211,-14.73605,-67.55601,2023-11-18,n,2023
8212,-14.73465,-67.54753,2023-11-18,n,2023
8213,-14.73395,-67.54333,2023-11-18,n,2023
8214,-14.73255,-67.53487,2023-11-18,n,2023
8215,-14.73184,-67.53054,2023-11-18,n,2023
8216,-14.7246,-67.48692,2023-11-18,n,2023
8217,-14.72387,-67.48254,2023-11-18,n,2023
8218,-14.75019,-67.61902,2023-11-18,l,2023
8219,-14.74948,-67.61474,2023-11-18,n,2023
8220,-14.74178,-67.56817,2023-11-18,n,2023
8221,-14.74108,-67.5639,2023-11-18,n,2023
8222,-14.74037,-67.55965,2023-11-18,n,2023
8223,-14.73967,-67.55539,2023-11-18,n,2023
8224,-14.73896,-67.55113,2023-11-18,n,2023
8225,-14.73826,-67.54688,2023-11-18,n,2023
8226,-14.73756,-67.54266,2023-11-18,n,2023
8227,-14.73617,-67.53423,2023-11-18,n,2023
8228,-14.73546,-67.52994,2023-11-18,n,2023
8229,-14.75308,-67.61411,2023-11-18,n,2023
8230,-14.74399,-67.55905,2023-11-18,n,2023
8231,-14.74258,-67.5505,2023-11-18,n,2023
8232,-14.74187,-67.54623,2023-11-18,n,2023
8233,-14.74117,-67.542,2023-11-18,n,2023
8234,-14.74047,-67.53779,2023-11-18,n,2023
8235,-14.73978,-67.53356,2023-11-18,n,2023
8236,-14.73907,-67.5293,2023-11-18,n,2023
8237,-14.74328,-67.55479,2023-11-18,h,2023
8238,-14.74899,-67.56685,2023-11-18,n,2023
8239,-14.74829,-67.56263,2023-11-18,n,2023
8240,-14.74689,-67.55415,2023-11-18,n,2023
8241,-14.74619,-67.54986,2023-11-18,n,2023
8242,-14.74548,-67.54556,2023-11-18,n,2023
8243,-14.74477,-67.54132,2023-11-18,n,2023
8244,-14.74408,-67.53709,2023-11-18,n,2023
8245,-14.74338,-67.53288,2023-11-18,n,2023
8246,-14.74268,-67.52864,2023-11-18,n,2023
8247,-14.76028,-67.61285,2023-11-18,n,2023
8248,-14.75329,-67.5704,2023-11-18,n,2023
8249,-14.75259,-67.56616,2023-11-18,n,2023
8250,-14.75189,-67.56193,2023-11-18,n,2023
8251,-14.75049,-67.55344,2023-11-18,n,2023
8252,-14.74979,-67.54918,2023-11-18,n,2023
8253,-14.74908,-67.54491,2023-11-18,n,2023
8254,-14.74838,-67.54066,2023-11-18,n,2023
8255,-14.74768,-67.53642,2023-11-18,n,2023
8256,-14.74559,-67.52374,2023-11-18,n,2023
8257,-14.76388,-67.61223,2023-11-18,n,2023
8258,-14.7562,-67.56554,2023-11-18,n,2023
8259,-14.7555,-67.56126,2023-11-18,n,2023
8260,-14.7548,-67.557,2023-11-18,n,2023
8261,-14.7534,-67.54849,2023-11-18,n,2023
8262,-14.7527,-67.54425,2023-11-18,n,2023
8263,-14.75199,-67.54,2023-11-18,n,2023
8264,-14.74921,-67.52309,2023-11-18,n,2023
8265,-14.75409,-67.55275,2023-11-18,h,2023
8266,-14.75701,-67.54789,2023-11-18,n,2023
8267,-14.75631,-67.54362,2023-11-18,n,2023
8268,-14.74275,-67.4613,2023-11-18,n,2023
8269,-14.74203,-67.45693,2023-11-18,n,2023
8270,-14.74131,-67.45255,2023-11-18,n,2023
8271,-14.74058,-67.44815,2023-11-18,n,2023
8272,-14.75993,-67.54304,2023-11-18,n,2023
8273,-14.74639,-67.46071,2023-11-18,n,2023
8274,-14.74349,-67.44313,2023-11-18,n,2023
8275,-14.74277,-67.43873,2023-11-18,n,2023
8276,-14.76355,-67.54243,2023-11-18,n,2023
8277,-14.75073,-67.46442,2023-11-18,n,2023
8278,-14.75507,-67.46813,2023-11-18,n,2023
8279,-14.75941,-67.47186,2023-11-18,n,2023
8280,-14.7587,-67.46753,2023-11-18,n,2023
8281,-14.75149,-67.46551,2023-11-18,n,2023
8282,-14.75076,-67.46118,2023-11-18,n,2023
8283,-14.75586,-67.46922,2023-11-18,n,2023
8284,-14.75512,-67.4649,2023-11-18,n,2023
8285,-14.75949,-67.46862,2023-11-18,n,2023
8286,-14.7557,-67.42432,2023-11-18,n,2023
8287,-14.76822,-67.47607,2023-11-18,n,2023
8288,-14.76748,-67.47172,2023-11-18,n,2023
8289,-14.77184,-67.47546,2023-11-18,n,2023
8290,-14.77983,-67.47856,2023-11-18,n,2023
8291,-14.78419,-67.48231,2023-11-18,n,2023
8292,-14.78781,-67.48167,2023-11-18,n,2023
8293,-14.79143,-67.48103,2023-11-18,n,2023
8294,-14.79651,-67.48907,2023-11-18,n,2023
8295,-14.80014,-67.48847,2023-11-18,n,2023
8296,-14.80593,-67.43392,2023-11-18,n,2023
8297,-14.81898,-67.48978,2023-11-18,n,2023
8298,-14.82261,-67.48916,2023-11-18,n,2023
8299,-14.81607,-67.42755,2023-11-18,n,2023
8300,-14.8197,-67.42689,2023-11-18,n,2023
8301,-14.82407,-67.43066,2023-11-18,n,2023
8302,-14.83564,-67.47794,2023-11-18,n,2023
8303,-14.82842,-67.4344,2023-11-18,n,2023
8304,-14.82769,-67.42999,2023-11-18,n,2023
8305,-14.83926,-67.47731,2023-11-18,n,2023
8306,-14.84071,-67.46354,2023-11-18,n,2023
8307,-14.83999,-67.45917,2023-11-18,n,2023
8308,-14.8371,-67.44174,2023-11-18,n,2023
8309,-14.83638,-67.43739,2023-11-18,n,2023
8310,-14.84361,-67.45855,2023-11-18,n,2023
8311,-14.84289,-67.45419,2023-11-18,n,2023
8312,-14.84145,-67.44547,2023-11-18,n,2023
8313,-14.84073,-67.44109,2023-11-18,n,2023
8314,-14.84001,-67.43672,2023-11-18,n,2023
8315,-14.84724,-67.45792,2023-11-18,n,2023
8316,-14.84652,-67.45358,2023-11-18,n,2023
8317,-14.84581,-67.44923,2023-11-18,n,2023
8318,-14.84508,-67.44486,2023-11-18,n,2023
8319,-14.84436,-67.44045,2023-11-18,n,2023
8320,-14.84943,-67.4486,2023-11-18,n,2023
8321,-14.84871,-67.44423,2023-11-18,n,2023
8322,-14.84799,-67.43983,2023-11-18,n,2023
8323,-14.84219,-67.40472,2023-11-18,n,2023
8324,-14.85234,-67.44363,2023-11-18,n,2023
8325,-14.85597,-67.44301,2023-11-18,n,2023
8326,-14.85454,-67.41157,2023-11-18,n,2023
8327,-14.85817,-67.41093,2023-11-18,n,2023
8328,-14.85745,-67.40653,2023-11-18,n,2023
8329,-14.85654,-67.44376,2023-11-18,n,2023
8330,-14.85493,-67.41238,2023-11-18,n,2023
8331,-14.85781,-67.40737,2023-11-18,n,2023
8332,-14.95733,-67.66831,2023-11-18,n,2023
8333,-15.05432,-68.23616,2023-11-18,n,2023
8334,-14.96095,-67.66792,2023-11-18,n,2023
8335,-14.97515,-67.50734,2023-11-18,n,2023
8336,-14.97805,-67.50236,2023-11-18,n,2023
8337,-14.98166,-67.50173,2023-11-18,n,2023
8338,-14.97632,-67.50764,2023-11-18,n,2023
8339,-14.97557,-67.50325,2023-11-18,n,2023
8340,-14.98222,-67.52046,2023-11-18,n,2023
8341,-14.97919,-67.50266,2023-11-18,n,2023
8342,-14.9828,-67.50204,2023-11-18,n,2023
8343,-14.99016,-67.52351,2023-11-18,n,2023
8344,-14.98641,-67.5014,2023-11-18,n,2023
8345,-14.99375,-67.5228,2023-11-18,n,2023
8346,-14.99078,-67.50524,2023-11-18,n,2023
8347,-15.01523,-67.62789,2023-11-18,n,2023
8348,-15.01449,-67.62352,2023-11-18,n,2023
8349,-14.99661,-67.51775,2023-11-18,n,2023
8350,-14.99588,-67.51344,2023-11-18,n,2023
8351,-14.99514,-67.50907,2023-11-18,n,2023
8352,-14.99438,-67.50462,2023-11-18,n,2023
8353,-15.14144,-68.32243,2023-11-18,n,2023
8354,-15.02534,-67.62222,2023-11-18,n,2023
8355,-15.05347,-67.74677,2023-11-18,n,2023
8356,-15.05133,-67.73397,2023-11-18,n,2023
8357,-15.05561,-67.73757,2023-11-18,n,2023
8358,-15.0549,-67.73336,2023-11-18,n,2023
8359,-15.03757,-67.6071,2023-11-18,l,2023
8360,-15.04397,-67.60126,2023-11-18,n,2023
8361,-15.04954,-67.61257,2023-11-18,n,2023
8362,-15.04892,-67.60885,2023-11-18,n,2023
8363,-15.0483,-67.60507,2023-11-18,n,2023
8364,-15.05307,-67.61166,2023-11-18,n,2023
8365,-15.05184,-67.60424,2023-11-18,n,2023
8366,-15.05663,-67.61089,2023-11-18,n,2023
8367,-15.05602,-67.6072,2023-11-18,n,2023
8368,-15.0554,-67.60341,2023-11-18,n,2023
8369,-15.05471,-67.5993,2023-11-18,n,2023
8370,-15.16151,-67.6768,2023-11-18,n,2023
8371,-14.85895,-67.43714,2023-11-19,n,2023
8372,-14.85803,-67.44232,2023-11-19,n,2023
8373,-14.855,-67.43637,2023-11-19,n,2023
8374,-14.85407,-67.44157,2023-11-19,n,2023
8375,-14.85314,-67.44679,2023-11-19,n,2023
8376,-14.85219,-67.45208,2023-11-19,n,2023
8377,-14.8501,-67.44087,2023-11-19,n,2023
8378,-14.84824,-67.45132,2023-11-19,n,2023
8379,-14.8473,-67.45658,2023-11-19,n,2023
8380,-14.84636,-67.46181,2023-11-19,n,2023
8381,-14.84613,-67.44019,2023-11-19,n,2023
8382,-14.84521,-67.44534,2023-11-19,n,2023
8383,-14.8424,-67.46107,2023-11-19,n,2023
8384,-14.84147,-67.46627,2023-11-19,n,2023
8385,-14.84216,-67.43947,2023-11-19,n,2023
8386,-14.84123,-67.44466,2023-11-19,n,2023
8387,-14.8375,-67.46553,2023-11-19,n,2023
8388,-14.83519,-67.43269,2023-11-19,n,2023
8389,-14.82581,-67.4849,2023-11-19,n,2023
8390,-14.82089,-67.48942,2023-11-19,n,2023
8391,-14.82728,-67.43111,2023-11-19,n,2023
8392,-14.82333,-67.43034,2023-11-19,n,2023
8393,-14.78937,-67.59547,2023-11-19,n,2023
8394,-14.78536,-67.59477,2023-11-19,n,2023
8395,-14.79188,-67.53606,2023-11-19,n,2023
8396,-14.77997,-67.60168,2023-11-19,n,2023
8397,-14.79256,-67.53236,2023-11-19,n,2023
8398,-14.79122,-67.53969,2023-11-19,n,2023
8399,-14.79058,-67.54327,2023-11-19,n,2023
8400,-14.78789,-67.53533,2023-11-19,n,2023
8401,-14.78722,-67.539,2023-11-19,n,2023
8402,-14.78657,-67.54259,2023-11-19,n,2023
8403,-14.78593,-67.54614,2023-11-19,n,2023
8404,-14.77596,-67.60094,2023-11-19,n,2023
8405,-14.78857,-67.53159,2023-11-19,n,2023
8406,-14.78459,-67.53081,2023-11-19,n,2023
8407,-14.78128,-67.54901,2023-11-19,n,2023
8408,-14.78064,-67.55251,2023-11-19,n,2023
8409,-14.78811,-67.48882,2023-11-19,n,2023
8410,-14.78414,-67.48808,2023-11-19,n,2023
8411,-14.78234,-67.48657,2023-11-19,n,2023
8412,-14.73068,-67.49964,2023-11-19,n,2023
8413,-14.73192,-67.49267,2023-11-19,n,2023
8414,-14.7313,-67.49613,2023-11-19,n,2023
8415,-14.72794,-67.49191,2023-11-19,n,2023
8416,-14.72732,-67.49535,2023-11-19,n,2023
8417,-14.72669,-67.4989,2023-11-19,n,2023
8418,-14.72605,-67.50247,2023-11-19,n,2023
8419,-14.72396,-67.49113,2023-11-19,n,2023
8420,-14.72334,-67.49461,2023-11-19,n,2023
8421,-14.7227,-67.49816,2023-11-19,n,2023
8422,-14.72205,-67.50179,2023-11-19,n,2023
8423,-14.71701,-67.52995,2023-11-19,n,2023
8424,-14.71638,-67.53344,2023-11-19,n,2023
8425,-14.71806,-67.50108,2023-11-19,n,2023
8426,-14.7052,-67.57275,2023-11-19,n,2023
8427,-14.71786,-67.4793,2023-11-19,n,2023
8428,-14.71471,-67.49681,2023-11-19,n,2023
8429,-14.71407,-67.50039,2023-11-19,n,2023
8430,-14.70578,-67.54649,2023-11-19,n,2023
8431,-14.71343,-67.50397,2023-11-19,n,2023
8432,-14.71386,-67.47865,2023-11-19,n,2023
8433,-14.71324,-67.48212,2023-11-19,n,2023
8434,-14.71261,-67.48557,2023-11-19,n,2023
8435,-14.71008,-67.49969,2023-11-19,n,2023
8436,-14.70944,-67.50322,2023-11-19,n,2023
8437,-14.70882,-67.5067,2023-11-19,n,2023
8438,-14.7116,-67.46836,2023-11-19,n,2023
8439,-14.70924,-67.48146,2023-11-19,n,2023
8440,-14.70862,-67.48492,2023-11-19,n,2023
8441,-14.70608,-67.49899,2023-11-19,n,2023
8442,-14.70546,-67.50248,2023-11-19,n,2023
8443,-14.68858,-67.59599,2023-11-19,n,2023
8444,-14.70483,-67.50594,2023-11-19,n,2023
8445,-14.7042,-67.50942,2023-11-19,n,2023
8446,-14.70762,-67.46763,2023-11-19,n,2023
8447,-14.70209,-67.49828,2023-11-19,n,2023
8448,-14.70085,-67.50517,2023-11-19,n,2023
8449,-14.68458,-67.59523,2023-11-19,n,2023
8450,-14.70021,-67.50869,2023-11-19,n,2023
8451,-14.70269,-67.47218,2023-11-19,n,2023
8452,-14.70189,-67.47659,2023-11-19,n,2023
8453,-14.70125,-67.4801,2023-11-19,n,2023
8454,-14.69622,-67.50795,2023-11-19,n,2023
8455,-14.69557,-67.51155,2023-11-19,n,2023
8456,-14.69223,-67.50723,2023-11-19,n,2023
8457,-14.69158,-67.51086,2023-11-19,n,2023
8458,-14.6933,-67.4786,2023-11-19,n,2023
8459,-14.68758,-67.51013,2023-11-19,n,2023
8460,-14.68359,-67.50939,2023-11-19,n,2023
8461,-14.67959,-67.5087,2023-11-19,n,2023
8462,-14.67897,-67.51214,2023-11-19,n,2023
8463,-14.67558,-67.50806,2023-11-19,n,2023
8464,-14.67495,-67.51153,2023-11-19,n,2023
8465,-14.67157,-67.50744,2023-11-19,n,2023
8466,-14.67094,-67.51093,2023-11-19,n,2023
8467,-14.66693,-67.51027,2023-11-19,n,2023
8468,-14.65214,-67.51527,2023-11-19,n,2023
8469,-14.98501,-67.50108,2023-11-19,n,2023
8470,-14.98899,-67.50177,2023-11-19,n,2023
8471,-14.99121,-67.51238,2023-11-19,n,2023
8472,-14.99209,-67.50742,2023-11-19,n,2023
8473,-14.99695,-67.50312,2023-11-19,n,2023
8474,-14.9829,-67.50286,2023-11-19,n,2023
8475,-14.98689,-67.50353,2023-11-19,n,2023
8476,-14.99087,-67.50418,2023-11-19,n,2023
8477,-14.99302,-67.51491,2023-11-19,n,2023
8478,-14.99485,-67.50485,2023-11-19,n,2023
8479,-14.99882,-67.50562,2023-11-19,n,2023
8480,-15.00962,-67.62738,2023-11-19,n,2023
8481,-15.01024,-67.62395,2023-11-19,n,2023
8482,-15.05141,-67.60136,2023-11-19,n,2023
8483,-15.052,-67.59805,2023-11-19,n,2023
8484,-15.05079,-67.60481,2023-11-19,n,2023
8485,-15.05536,-67.6023,2023-11-19,n,2023
8486,-15.056,-67.59869,2023-11-19,n,2023
8487,-14.67496,-68.67265,2023-11-20,n,2023
8488,-14.67028,-68.67307,2023-11-20,n,2023
8489,-14.67229,-68.67416,2023-11-20,n,2023
8490,-14.56124,-68.10105,2023-11-21,n,2023
8491,-14.60527,-68.74157,2023-11-22,n,2023
8492,-14.48907,-68.48716,2023-11-22,n,2023
8493,-14.48953,-68.4895,2023-11-22,n,2023
8494,-14.45937,-68.52387,2023-11-22,n,2023
8495,-14.46113,-68.53293,2023-11-22,n,2023
8496,-14.3862,-68.48832,2023-11-22,n,2023
8497,-14.30514,-68.52182,2023-11-22,n,2023
8498,-14.30149,-68.44514,2023-11-23,n,2023
8499,-14.30204,-68.44156,2023-11-23,n,2023
8500,-14.45198,-68.52407,2023-11-23,n,2023
8501,-14.49116,-68.51231,2023-11-23,n,2023
8502,-14.67787,-67.83376,2023-11-23,n,2023
8503,-14.57159,-68.64914,2023-11-23,n,2023
8504,-14.58765,-68.65524,2023-11-23,n,2023
8505,-14.58821,-68.6517,2023-11-23,n,2023
8506,-14.59314,-68.66338,2023-11-23,n,2023
8507,-14.60352,-68.72704,2023-11-23,n,2023
8508,-14.95472,-67.70312,2023-11-23,n,2023
8509,-15.1735,-67.87217,2023-11-23,n,2023
8510,-15.17626,-67.87656,2023-11-23,n,2023
8511,-14.97639,-67.65587,2023-11-23,n,2023
8512,-14.60853,-68.5517,2023-11-23,n,2023
8513,-14.88722,-68.2971,2023-11-23,n,2023
8514,-14.89099,-68.29649,2023-11-23,n,2023
8515,-14.55975,-68.47401,2023-11-23,n,2023
8516,-14.2617,-68.04368,2023-11-23,n,2023
8517,-14.46505,-68.53498,2023-11-23,n,2023
8518,-14.49605,-68.50781,2023-11-23,n,2023
8519,-14.50354,-68.5065,2023-11-23,n,2023
8520,-14.60469,-68.74243,2023-11-23,n,2023
8521,-14.60399,-68.73823,2023-11-23,n,2023
8522,-14.59006,-68.65485,2023-11-23,n,2023
8523,-14.67671,-67.8291,2023-11-24,n,2023
8524,-14.67973,-67.83369,2023-11-24,n,2023
8525,-14.68045,-67.82957,2023-11-24,n,2023
8526,-14.95497,-67.69908,2023-11-24,n,2023
8527,-14.95866,-67.69956,2023-11-24,n,2023
8528,-15.04797,-67.61666,2023-11-24,n,2023
8529,-15.03314,-67.74591,2023-11-24,n,2023
8530,-15.05919,-67.59518,2023-11-24,n,2023
8531,-15.05226,-67.74482,2023-11-24,n,2023
8532,-15.05593,-67.74547,2023-11-24,n,2023
8533,-15.06244,-67.77367,2023-11-24,n,2023
8534,-15.06458,-67.78333,2023-11-24,n,2023
8535,-15.06536,-67.77876,2023-11-24,n,2023
8536,-15.06611,-67.77438,2023-11-24,n,2023
8537,-14.79805,-68.3055,2023-11-28,n,2023
8538,-14.51153,-68.63645,2023-11-29,n,2023
8539,-14.51099,-68.63293,2023-11-29,n,2023
8540,-14.5143,-68.63237,2023-11-29,n,2023
8541,-14.51376,-68.62886,2023-11-29,n,2023
8542,-14.52302,-68.4911,2023-11-29,n,2023
8543,-14.5496,-68.48653,2023-11-29,n,2023
8544,-14.8054,-67.40027,2023-11-30,n,2023
8545,-14.56891,-68.4751,2023-11-30,n,2023
8546,-14.50974,-68.6376,2023-11-30,n,2023
8547,-14.99705,-68.30179,2023-12-09,n,2023
8548,-14.6245,-68.57349,2023-12-10,n,2023
8549,-14.25924,-68.53766,2023-12-23,n,2023
8550,-15.20496,-67.69379,2023-12-25,n,2023
8551,-15.20879,-67.69277,2023-12-25,n,2023
8552,-14.78238,-68.26967,2024-01-06,n,2024
8553,-14.78585,-68.2692,2024-01-06,n,2024
8554,-14.84305,-68.35109,2024-01-07,n,2024
8555,-14.83034,-68.55844,2024-01-08,n,2024
8556,-15.0087,-68.45266,2024-01-08,n,2024
8557,-15.01308,-68.45169,2024-01-08,n,2024
8558,-14.54316,-68.69166,2024-01-08,n,2024
8559,-14.72264,-68.56852,2024-01-09,n,2024
8560,-13.98487,-68.94212,2024-01-10,n,2024
8561,-14.22441,-68.54379,2024-01-11,n,2024
8562,-14.22388,-68.5402,2024-01-11,n,2024
8563,-14.21739,-68.55455,2024-01-12,n,2024
8564,-14.22163,-68.5547,2024-01-12,n,2024
8565,-14.22108,-68.55039,2024-01-12,n,2024
8566,-14.88949,-68.53306,2024-01-12,n,2024
8567,-14.74718,-68.5091,2024-02-01,l,2024
8568,-14.92776,-68.44874,2024-02-01,l,2024
8569,-15.06368,-67.72933,2024-02-01,n,2024
8570,-15.09125,-67.6851,2024-02-05,n,2024
8571,-15.09452,-67.69652,2024-02-06,n,2024
8572,-14.82342,-68.51791,2024-03-13,n,2024
8573,-14.39562,-68.547,2024-03-16,n,2024
8574,-14.46932,-68.5836,2024-03-19,n,2024
8575,-14.94895,-68.38078,2024-03-29,n,2024
8576,-14.43481,-68.58814,2024-04-04,n,2024
8577,-15.02372,-68.29041,2024-04-05,n,2024
8578,-14.52521,-68.41754,2024-04-20,n,2024
8579,-14.74452,-68.5251,2024-04-20,n,2024
8580,-14.52852,-68.41703,2024-04-20,n,2024
8581,-14.52045,-68.54458,2024-04-21,n,2024
8582,-15.00676,-68.16365,2024-04-25,n,2024
8583,-14.74411,-68.54687,2024-04-26,n,2024
8584,-14.74747,-68.4544,2024-05-07,n,2024
8585,-15.19757,-68.17237,2024-06-01,n,2024
8586,-14.88861,-68.2529,2024-06-01,n,2024
8587,-14.88796,-68.25234,2024-06-01,n,2024
8588,-14.47656,-69.06835,2024-06-04,n,2024
8589,-14.4758,-69.06919,2024-06-04,n,2024
8590,-14.4763,-69.07385,2024-06-04,n,2024
8591,-14.3044,-68.53912,2024-06-04,n,2024
8592,-14.3069,-68.54141,2024-06-04,n,2024
8593,-14.48186,-69.06711,2024-06-05,n,2024
8594,-14.4742,-69.06541,2024-06-05,n,2024
8595,-14.47796,-69.06672,2024-06-05,n,2024
8596,-14.47901,-69.05215,2024-06-06,n,2024
8597,-14.47846,-69.05568,2024-06-06,n,2024
8598,-14.66138,-68.72309,2024-06-06,n,2024
8599,-14.66354,-68.72461,2024-06-06,n,2024
8600,-14.48512,-69.04692,2024-06-07,n,2024
8601,-14.48109,-69.04659,2024-06-07,n,2024
8602,-14.96235,-68.28167,2024-06-07,n,2024
8603,-14.48791,-69.04179,2024-06-07,n,2024
8604,-14.67592,-68.32885,2024-06-12,n,2024
8605,-14.88662,-68.36594,2024-06-17,n,2024
8606,-14.71536,-68.43961,2024-06-22,n,2024
8607,-14.9694,-68.33488,2024-06-23,l,2024
8608,-14.64741,-68.50509,2024-06-24,n,2024
8609,-14.61409,-68.37929,2024-06-26,n,2024
8610,-14.55067,-68.40113,2024-06-26,n,2024
8611,-14.54425,-68.56051,2024-07-03,n,2024
8612,-14.67154,-68.71476,2024-07-04,n,2024
8613,-14.77402,-68.36848,2024-07-04,n,2024
8614,-14.73236,-67.61071,2024-07-04,n,2024
8615,-15.0778,-68.32173,2024-07-04,n,2024
8616,-14.65998,-68.36367,2024-07-18,n,2024
8617,-14.6589,-68.36597,2024-07-18,n,2024
8618,-14.44537,-68.69194,2024-07-18,n,2024
8619,-14.45783,-68.68355,2024-07-18,n,2024
8620,-14.46238,-68.68288,2024-07-18,n,2024
8621,-14.46687,-68.6819,2024-07-18,n,2024
8622,-14.46603,-68.67728,2024-07-18,n,2024
8623,-14.47575,-68.67934,2024-07-18,n,2024
8624,-14.481,-68.68255,2024-07-18,n,2024
8625,-14.87146,-68.242,2024-07-18,n,2024
8626,-14.37864,-68.49605,2024-07-19,n,2024
8627,-14.73365,-67.61079,2024-07-19,n,2024
8628,-14.94738,-68.3651,2024-07-19,n,2024
8629,-14.95087,-68.36456,2024-07-19,n,2024
8630,-14.96975,-68.3042,2024-07-19,n,2024
8631,-14.51526,-69.10806,2024-07-20,n,2024
8632,-14.65789,-68.33551,2024-07-20,n,2024
8633,-14.65733,-68.33162,2024-07-20,n,2024
8634,-14.77086,-68.28284,2024-07-21,n,2024
8635,-14.77019,-68.28494,2024-07-21,n,2024
8636,-14.69457,-68.27113,2024-07-21,n,2024
8637,-14.56557,-68.39962,2024-07-21,n,2024
8638,-14.56098,-68.40009,2024-07-21,n,2024
8639,-14.60917,-67.52955,2024-07-22,n,2024
8640,-15.01088,-68.28953,2024-07-23,n,2024
8641,-15.10611,-67.66316,2024-07-23,n,2024
8642,-15.15844,-67.67657,2024-07-24,n,2024
8643,-15.15508,-67.67847,2024-07-24,n,2024
8644,-15.159,-67.67791,2024-07-24,n,2024
8645,-14.82091,-68.36104,2024-07-24,n,2024
8646,-14.82467,-68.3604,2024-07-24,n,2024
8647,-14.95651,-68.33732,2024-07-24,l,2024
8648,-14.64245,-68.29504,2024-07-24,n,2024
8649,-14.74492,-68.55014,2024-07-25,n,2024
8650,-14.84344,-68.36049,2024-07-26,n,2024
8651,-14.75287,-67.60313,2024-07-31,n,2024
8652,-14.89647,-68.39364,2024-08-03,n,2024
8653,-14.89665,-68.39203,2024-08-03,n,2024
8654,-14.9731,-68.27954,2024-08-04,n,2024
8655,-14.84698,-68.26822,2024-08-08,n,2024
8656,-14.84636,-68.26503,2024-08-08,n,2024
8657,-14.89202,-68.30588,2024-08-09,n,2024
8658,-14.27471,-68.54549,2024-08-11,n,2024
8659,-14.74453,-68.26697,2024-08-15,n,2024
8660,-14.74519,-68.26308,2024-08-15,n,2024
8661,-14.55915,-68.55786,2024-08-15,n,2024
8662,-14.55859,-68.55423,2024-08-15,n,2024
8663,-14.69506,-68.27625,2024-08-15,n,2024
8664,-14.69839,-68.2757,2024-08-15,n,2024
8665,-14.76974,-68.5592,2024-08-15,n,2024
8666,-14.74458,-68.26487,2024-08-15,n,2024
8667,-14.744,-68.26118,2024-08-15,n,2024
8668,-14.78853,-68.4382,2024-08-15,l,2024
8669,-14.72024,-67.59537,2024-08-15,n,2024
8670,-14.886,-68.19547,2024-08-15,n,2024
8671,-14.88543,-68.19183,2024-08-15,n,2024
8672,-14.74703,-68.41247,2024-08-16,n,2024
8673,-14.79369,-68.4474,2024-08-16,l,2024
8674,-14.80692,-68.48824,2024-08-16,n,2024
8675,-14.83333,-68.39246,2024-08-16,l,2024
8676,-14.83706,-68.39188,2024-08-16,l,2024
8677,-14.842,-68.4003,2024-08-16,n,2024
8678,-14.73551,-67.61374,2024-08-16,n,2024
8679,-14.73492,-67.60951,2024-08-16,n,2024
8680,-14.73777,-68.24901,2024-08-18,n,2024
8681,-14.73736,-68.25245,2024-08-18,n,2024
8682,-14.72795,-68.31374,2024-08-18,h,2024
8683,-14.80629,-68.40915,2024-08-18,n,2024
8684,-14.85505,-68.28165,2024-08-18,n,2024
8685,-14.85403,-68.27682,2024-08-18,h,2024
8686,-14.90374,-68.42108,2024-08-18,n,2024
8687,-14.9026,-68.41564,2024-08-18,h,2024
8688,-14.73169,-68.33,2024-08-19,n,2024
8689,-14.73303,-68.34715,2024-08-19,n,2024
8690,-14.73543,-68.33028,2024-08-19,n,2024
8691,-14.73674,-68.34757,2024-08-19,n,2024
8692,-15.19177,-67.68247,2024-08-19,n,2024
8693,-15.19162,-67.68169,2024-08-19,n,2024
8694,-14.95703,-68.36375,2024-08-19,n,2024
8695,-14.95795,-68.36858,2024-08-19,n,2024
8696,-14.95815,-68.36712,2024-08-19,n,2024
8697,-14.59997,-68.37238,2024-08-19,l,2024
8698,-14.59539,-68.37341,2024-08-19,n,2024
8699,-14.60541,-68.37455,2024-08-20,n,2024
8700,-14.60208,-68.37395,2024-08-20,n,2024
8701,-15.20141,-68.16338,2024-08-20,n,2024
8702,-14.97418,-68.3071,2024-08-20,n,2024
8703,-14.91923,-68.32156,2024-08-20,n,2024
8704,-14.75502,-68.49506,2024-08-20,n,2024
8705,-14.68572,-68.33318,2024-08-20,n,2024
8706,-14.68292,-68.33791,2024-08-20,n,2024
8707,-14.67944,-68.33859,2024-08-20,n,2024
8708,-14.49356,-68.50978,2024-08-20,n,2024
8709,-14.4942,-68.51367,2024-08-20,l,2024
8710,-14.49073,-68.51426,2024-08-20,n,2024
8711,-14.66949,-68.50848,2024-08-21,n,2024
8712,-14.64995,-68.29585,2024-08-21,n,2024
8713,-14.88788,-68.52253,2024-08-21,n,2024
8714,-14.85485,-68.40309,2024-08-22,n,2024
8715,-15.08657,-67.68826,2024-08-23,n,2024
8716,-15.19491,-68.17127,2024-08-23,l,2024
8717,-15.0889,-67.68783,2024-08-23,n,2024
8718,-14.4573,-68.47202,2024-08-23,n,2024
8719,-14.63336,-68.60191,2024-08-24,n,2024
8720,-14.62983,-68.59798,2024-08-24,n,2024
8721,-14.6314,-68.60007,2024-08-24,n,2024
8722,-14.63328,-68.59996,2024-08-24,n,2024
8723,-14.62875,-68.60352,2024-08-24,n,2024
8724,-14.6675,-68.73939,2024-08-27,n,2024
8725,-14.65973,-68.3456,2024-08-27,n,2024
8726,-14.65925,-68.3419,2024-08-27,n,2024
8727,-14.9371,-68.31829,2024-08-27,n,2024
8728,-15.11411,-68.33777,2024-08-28,n,2024
8729,-15.11713,-68.33665,2024-08-28,n,2024
8730,-15.09929,-68.33105,2024-08-28,n,2024
8731,-14.85054,-68.25473,2024-08-29,h,2024
8732,-14.82054,-68.28119,2024-08-29,n,2024
8733,-14.76438,-68.29929,2024-08-30,n,2024
8734,-14.76152,-68.29486,2024-08-30,n,2024
8735,-14.76094,-68.29875,2024-08-30,n,2024
8736,-14.68115,-68.76169,2024-08-30,n,2024
8737,-14.95044,-68.41119,2024-08-30,n,2024
8738,-15.02679,-68.45111,2024-08-30,n,2024
8739,-14.91048,-68.43237,2024-08-30,n,2024
8740,-14.74709,-68.30457,2024-08-30,n,2024
8741,-14.7464,-68.30061,2024-08-30,n,2024
8742,-14.75128,-68.30405,2024-08-30,n,2024
8743,-14.75058,-68.30004,2024-08-30,n,2024
8744,-14.74989,-68.29608,2024-08-30,n,2024
8745,-14.74835,-68.30315,2024-08-30,n,2024
8746,-14.74763,-68.29921,2024-08-30,n,2024
8747,-14.75181,-68.29861,2024-08-30,n,2024
8748,-14.75109,-68.29465,2024-08-30,n,2024
8749,-14.75598,-68.29794,2024-08-30,n,2024
8750,-14.76014,-68.29723,2024-08-30,n,2024
8751,-14.76283,-68.2884,2024-08-30,n,2024
8752,-14.76212,-68.28452,2024-08-30,l,2024
8753,-14.76693,-68.28739,2024-08-30,n,2024
8754,-14.76623,-68.28352,2024-08-30,n,2024
8755,-14.7926,-68.33488,2024-08-30,n,2024
8756,-14.79188,-68.33083,2024-08-30,n,2024
8757,-14.79606,-68.33028,2024-08-30,n,2024
8758,-14.82842,-68.43999,2024-08-30,n,2024
8759,-15.0977,-68.0978,2024-08-31,n,2024
8760,-14.85488,-68.39378,2024-08-31,n,2024
8761,-14.85134,-68.3933,2024-08-31,n,2024
8762,-14.83379,-68.43237,2024-08-31,n,2024
8763,-14.83028,-68.43166,2024-08-31,n,2024
8764,-14.82955,-68.43595,2024-08-31,n,2024
8765,-14.65723,-68.31836,2024-08-31,n,2024
8766,-14.6537,-68.31784,2024-08-31,n,2024
8767,-14.55168,-68.87122,2024-08-31,n,2024
8768,-14.75035,-68.31621,2024-08-31,n,2024
8769,-14.75368,-68.31566,2024-08-31,n,2024
8770,-14.83022,-68.43556,2024-08-31,n,2024
8771,-14.8476,-68.39578,2024-08-31,n,2024
8772,-14.85093,-68.39529,2024-08-31,n,2024
8773,-14.85037,-68.39168,2024-08-31,n,2024
8774,-14.85314,-68.38757,2024-08-31,n,2024
8775,-14.85646,-68.38702,2024-08-31,n,2024
8776,-14.85978,-68.38645,2024-08-31,n,2024
8777,-14.85922,-68.38287,2024-08-31,n,2024
8778,-14.87643,-68.4718,2024-08-31,n,2024
8779,-14.96705,-68.33468,2024-08-31,n,2024
8780,-15.32852,-68.05745,2024-08-31,n,2024
8781,-14.55442,-68.87055,2024-08-31,n,2024
8782,-14.57808,-68.40821,2024-08-31,n,2024
8783,-14.61242,-68.19436,2024-08-31,n,2024
8784,-14.66926,-68.51468,2024-08-31,n,2024
8785,-14.67313,-68.51772,2024-08-31,n,2024
8786,-14.67258,-68.51412,2024-08-31,n,2024
8787,-14.67202,-68.51052,2024-08-31,n,2024
8788,-14.62186,-68.18907,2024-08-31,n,2024
8789,-14.83962,-68.37366,2024-09-02,n,2024
8790,-14.84613,-68.37386,2024-09-02,n,2024
8791,-14.56441,-68.37033,2024-09-02,h,2024
8792,-14.82943,-68.43361,2024-09-02,n,2024
8793,-14.82902,-68.42995,2024-09-02,n,2024
8794,-14.83177,-68.23727,2024-09-03,n,2024
8795,-14.56531,-68.37863,2024-09-03,n,2024
8796,-14.55647,-68.3679,2024-09-03,n,2024
8797,-14.86603,-68.24545,2024-09-03,n,2024
8798,-14.84748,-68.26805,2024-09-03,n,2024
8799,-14.56918,-68.35611,2024-09-03,n,2024
8800,-14.56217,-68.35521,2024-09-03,n,2024
8801,-14.56295,-68.36315,2024-09-03,n,2024
8802,-14.55591,-68.36195,2024-09-03,n,2024
8803,-14.86273,-68.24393,2024-09-03,n,2024
8804,-14.87075,-68.43343,2024-09-03,h,2024
8805,-14.90053,-68.4528,2024-09-03,n,2024
8806,-14.89937,-68.44734,2024-09-03,h,2024
8807,-14.74485,-68.27853,2024-09-03,h,2024
8808,-14.7428,-68.27934,2024-09-03,h,2024
8809,-14.87256,-68.43658,2024-09-03,n,2024
8810,-14.87162,-68.43198,2024-09-03,h,2024
8811,-14.38115,-68.49112,2024-09-03,n,2024
8812,-14.55103,-68.36382,2024-09-03,l,2024
8813,-14.5559,-68.3562,2024-09-03,n,2024
8814,-14.56316,-68.35987,2024-09-03,h,2024
8815,-14.56918,-68.35764,2024-09-03,n,2024
8816,-14.5683,-68.35349,2024-09-03,n,2024
8817,-14.56721,-68.34832,2024-09-03,h,2024
8818,-14.68932,-68.7501,2024-09-03,n,2024
8819,-14.54562,-68.35979,2024-09-04,n,2024
8820,-14.55358,-68.35652,2024-09-04,n,2024
8821,-14.56219,-68.34877,2024-09-04,n,2024
8822,-14.69124,-68.75385,2024-09-04,n,2024
8823,-14.80672,-68.36081,2024-09-04,n,2024
8824,-14.80736,-68.35637,2024-09-04,n,2024
8825,-14.55919,-68.34518,2024-09-04,l,2024
8826,-14.56488,-68.35011,2024-09-04,l,2024
8827,-14.56385,-68.34463,2024-09-04,n,2024
8828,-14.56271,-68.33854,2024-09-04,n,2024
8829,-14.56843,-68.34363,2024-09-04,n,2024
8830,-14.79865,-68.51363,2024-09-04,n,2024
8831,-14.79781,-68.50913,2024-09-04,n,2024
8832,-14.83106,-68.51138,2024-09-04,n,2024
8833,-14.82031,-68.35077,2024-09-04,l,2024
8834,-14.82488,-68.34989,2024-09-04,n,2024
8835,-14.86768,-68.27601,2024-09-04,n,2024
8836,-14.82834,-68.26926,2024-09-05,n,2024
8837,-14.86536,-68.41079,2024-09-05,n,2024
8838,-14.8658,-68.42461,2024-09-06,n,2024
8839,-14.85397,-68.46702,2024-09-06,n,2024
8840,-14.66814,-68.53291,2024-09-06,n,2024
8841,-15.07919,-68.10317,2024-09-07,n,2024
8842,-15.07975,-68.10767,2024-09-07,n,2024
8843,-14.92655,-68.37723,2024-09-07,n,2024
8844,-14.91215,-68.48835,2024-09-07,n,2024
8845,-14.91271,-68.49296,2024-09-07,n,2024
8846,-14.90751,-68.48888,2024-09-07,n,2024
8847,-14.9081,-68.49372,2024-09-07,n,2024
8848,-14.89751,-68.44537,2024-09-07,n,2024
8849,-14.37314,-68.51708,2024-09-08,n,2024
8850,-14.76444,-68.49964,2024-09-08,n,2024
8851,-14.76769,-68.50248,2024-09-08,n,2024
8852,-14.85386,-68.29146,2024-09-08,n,2024
8853,-14.85205,-68.29092,2024-09-08,n,2024
8854,-14.68078,-68.75422,2024-09-08,n,2024
8855,-14.82616,-68.3884,2024-09-09,n,2024
8856,-14.82215,-68.38769,2024-09-09,n,2024
8857,-15.07639,-68.10081,2024-09-09,n,2024
8858,-15.07586,-68.10476,2024-09-09,n,2024
8859,-14.68858,-68.3075,2024-09-09,n,2024
8860,-14.68799,-68.30437,2024-09-09,n,2024
8861,-14.69319,-68.30392,2024-09-09,n,2024
8862,-14.69376,-68.30692,2024-09-09,h,2024
8863,-14.69252,-68.30043,2024-09-09,h,2024
8864,-14.6918,-68.29668,2024-09-09,h,2024
8865,-14.69936,-68.30853,2024-09-09,n,2024
8866,-14.70435,-68.30695,2024-09-09,n,2024
8867,-14.70259,-68.29775,2024-09-09,n,2024
8868,-14.7491,-68.51443,2024-09-09,n,2024
8869,-14.99308,-68.17055,2024-09-09,n,2024
8870,-15.07364,-68.10917,2024-09-09,n,2024
8871,-14.61849,-68.19439,2024-09-10,n,2024
8872,-14.68251,-68.30756,2024-09-10,n,2024
8873,-14.68362,-68.30042,2024-09-10,n,2024
8874,-14.68307,-68.30399,2024-09-10,n,2024
8875,-14.68527,-68.31167,2024-09-10,n,2024
8876,-14.68582,-68.30811,2024-09-10,n,2024
8877,-14.68637,-68.30456,2024-09-10,n,2024
8878,-14.68693,-68.30098,2024-09-10,n,2024
8879,-14.68749,-68.29739,2024-09-10,n,2024
8880,-14.68263,-68.76293,2024-09-10,n,2024
8881,-14.68375,-68.75583,2024-09-10,n,2024
8882,-14.68761,-68.75282,2024-09-10,n,2024
8883,-14.68816,-68.74927,2024-09-10,n,2024
8884,-14.33689,-68.53617,2024-09-10,n,2024
8885,-14.33458,-68.53832,2024-09-10,n,2024
8886,-14.3383,-68.53764,2024-09-10,n,2024
8887,-14.57804,-68.84013,2024-09-10,n,2024
8888,-14.5818,-68.84012,2024-09-10,n,2024
8889,-14.68006,-68.75372,2024-09-10,n,2024
8890,-14.6852,-68.76194,2024-09-10,n,2024
8891,-14.68453,-68.75786,2024-09-10,l,2024
8892,-14.68384,-68.75372,2024-09-10,n,2024
8893,-14.68987,-68.7501,2024-09-10,l,2024
8894,-14.62147,-68.19659,2024-09-10,n,2024
8895,-14.67908,-68.30573,2024-09-10,n,2024
8896,-14.68204,-68.30035,2024-09-10,n,2024
8897,-14.68584,-68.29989,2024-09-10,l,2024
8898,-14.68878,-68.29439,2024-09-10,l,2024
8899,-14.68254,-68.25752,2024-09-10,l,2024
8900,-14.79319,-68.58427,2024-09-10,n,2024
8901,-14.82844,-68.54494,2024-09-10,n,2024
8902,-14.78016,-68.25999,2024-09-10,n,2024
8903,-14.84875,-68.43806,2024-09-10,n,2024
8904,-14.8607,-68.4637,2024-09-10,n,2024
8905,-14.85781,-68.46095,2024-09-10,l,2024
8906,-14.72149,-68.5108,2024-09-11,n,2024
8907,-14.71886,-68.51884,2024-09-11,n,2024
8908,-14.71676,-68.50799,2024-09-11,n,2024
8909,-14.71506,-68.51778,2024-09-11,n,2024
8910,-14.71593,-68.51275,2024-09-11,n,2024
8911,-14.57975,-68.895,2024-09-11,n,2024
8912,-14.67306,-68.3063,2024-09-11,n,2024
8913,-15.03807,-68.26653,2024-09-11,n,2024
8914,-15.03423,-68.26611,2024-09-11,n,2024
8915,-14.82659,-68.54734,2024-09-11,n,2024
8916,-14.81819,-68.50409,2024-09-11,n,2024
8917,-14.37069,-68.52615,2024-09-11,n,2024
8918,-14.58408,-68.89101,2024-09-11,n,2024
8919,-14.57677,-68.84106,2024-09-11,n,2024
8920,-14.57625,-68.83752,2024-09-11,n,2024
8921,-14.54727,-68.36787,2024-09-11,n,2024
8922,-14.67916,-68.75403,2024-09-11,n,2024
8923,-14.68357,-68.76076,2024-09-11,n,2024
8924,-14.67037,-68.53608,2024-09-11,l,2024
8925,-14.62013,-68.19588,2024-09-11,n,2024
8926,-14.70539,-68.51962,2024-09-11,n,2024
8927,-14.70872,-68.51915,2024-09-11,n,2024
8928,-14.71206,-68.51868,2024-09-11,n,2024
8929,-14.71099,-68.51147,2024-09-11,n,2024
8930,-14.6856,-68.31689,2024-09-11,l,2024
8931,-14.71713,-68.50693,2024-09-11,l,2024
8932,-14.72046,-68.50644,2024-09-11,n,2024
8933,-14.71993,-68.50287,2024-09-11,n,2024
8934,-14.72379,-68.50595,2024-09-11,n,2024
8935,-14.75057,-68.57189,2024-09-11,n,2024
8936,-14.75389,-68.57133,2024-09-11,n,2024
8937,-14.75336,-68.56774,2024-09-11,n,2024
8938,-14.76897,-68.55804,2024-09-11,n,2024
8939,-14.7953,-68.48697,2024-09-11,l,2024
8940,-14.79478,-68.48341,2024-09-11,n,2024
8941,-14.79863,-68.48647,2024-09-11,n,2024
8942,-14.7981,-68.48289,2024-09-11,n,2024
8943,-14.79758,-68.47933,2024-09-11,n,2024
8944,-14.80143,-68.48241,2024-09-11,n,2024
8945,-14.83807,-68.56921,2024-09-11,n,2024
8946,-14.84767,-68.54188,2024-09-11,n,2024
8947,-14.92418,-68.46336,2024-09-11,n,2024
8948,-14.9162,-68.4093,2024-09-11,n,2024
8949,-14.91247,-68.38412,2024-09-11,n,2024
8950,-15.03389,-68.26562,2024-09-11,n,2024
8951,-14.58232,-68.89485,2024-09-12,n,2024
8952,-15.18178,-68.16536,2024-09-12,n,2024
8953,-15.08168,-68.32357,2024-09-12,n,2024
8954,-15.07752,-68.32391,2024-09-12,n,2024
8955,-14.87284,-68.48721,2024-09-12,n,2024
8956,-14.66526,-68.70949,2024-09-12,n,2024
8957,-14.58499,-68.88637,2024-09-12,n,2024
8958,-14.58556,-68.8908,2024-09-12,n,2024
8959,-14.57432,-68.8371,2024-09-12,n,2024
8960,-14.81887,-68.50335,2024-09-13,n,2024
8961,-14.81843,-68.50743,2024-09-13,n,2024
8962,-14.7035,-68.5598,2024-09-13,n,2024
8963,-14.58639,-68.8404,2024-09-13,n,2024
8964,-14.86789,-68.55945,2024-09-13,n,2024
8965,-14.99309,-68.2011,2024-09-14,n,2024
8966,-14.80155,-68.48909,2024-09-14,n,2024
8967,-14.6389,-68.57446,2024-09-14,n,2024
8968,-14.81107,-68.46121,2024-09-14,n,2024
8969,-14.74958,-68.57693,2024-09-15,n,2024
8970,-14.82996,-68.24899,2024-09-17,n,2024
8971,-14.72195,-67.5929,2024-09-17,n,2024
8972,-14.71834,-67.59344,2024-09-17,n,2024
8973,-14.71861,-68.30766,2024-09-17,l,2024
8974,-14.60583,-67.96671,2024-09-18,n,2024
8975,-14.61099,-67.96795,2024-09-18,n,2024
8976,-14.61138,-67.9639,2024-09-18,n,2024
8977,-14.61059,-67.96505,2024-09-18,n,2024
8978,-14.61019,-67.96902,2024-09-18,n,2024
8979,-14.5574,-68.58732,2024-09-18,h,2024
8980,-14.6382,-68.51352,2024-09-18,h,2024
8981,-14.63468,-68.51273,2024-09-18,n,2024
8982,-14.63996,-68.51305,2024-09-18,n,2024
8983,-14.62354,-68.18559,2024-09-18,n,2024
8984,-14.66305,-68.53156,2024-09-18,h,2024
8985,-14.70411,-68.52306,2024-09-18,n,2024
8986,-14.77799,-68.33237,2024-09-18,n,2024
8987,-14.94221,-68.33395,2024-09-18,n,2024
8988,-15.04479,-68.27608,2024-09-18,n,2024
8989,-15.05059,-68.28149,2024-09-18,n,2024
8990,-15.05023,-68.27823,2024-09-18,n,2024
8991,-14.50984,-68.50634,2024-09-18,n,2024
8992,-14.39224,-68.54798,2024-09-18,n,2024
8993,-14.61204,-67.95367,2024-09-19,n,2024
8994,-14.61158,-67.94907,2024-09-19,l,2024
8995,-14.60556,-67.95706,2024-09-19,h,2024
8996,-14.60662,-67.9677,2024-09-19,n,2024
8997,-14.59937,-67.96335,2024-09-19,n,2024
8998,-14.59453,-68.33844,2024-09-19,n,2024
8999,-14.60929,-67.96819,2024-09-20,n,2024
9000,-14.60985,-67.96413,2024-09-20,n,2024
9001,-14.6061,-67.96374,2024-09-20,n,2024
9002,-14.60552,-67.96793,2024-09-20,n,2024
9003,-14.59875,-67.96167,2024-09-20,n,2024
9004,-14.59812,-67.9663,2024-09-20,n,2024
9005,-14.59511,-67.96034,2024-09-20,n,2024
9006,-14.59444,-67.96528,2024-09-20,n,2024
9007,-14.59712,-67.96324,2024-09-20,n,2024
9008,-14.59349,-67.96206,2024-09-20,n,2024
9009,-14.35456,-68.58653,2024-09-20,n,2024
9010,-14.35756,-68.59125,2024-09-20,n,2024
9011,-14.68028,-68.26167,2024-09-20,n,2024
9012,-15.02459,-68.29441,2024-09-20,n,2024
9013,-15.13317,-68.29315,2024-09-20,n,2024
9014,-15.20746,-68.16008,2024-09-20,n,2024
9015,-13.99513,-68.94657,2024-09-20,n,2024
9016,-14.40642,-68.55345,2024-09-20,n,2024
9017,-14.63667,-68.57226,2024-09-20,n,2024
9018,-14.67982,-68.75646,2024-09-20,n,2024
9019,-14.67909,-68.75244,2024-09-20,n,2024
9020,-14.68235,-68.74519,2024-09-20,n,2024
9021,-14.69046,-68.76443,2024-09-20,n,2024
9022,-14.68697,-68.74532,2024-09-20,n,2024
9023,-14.59173,-67.96709,2024-09-20,n,2024
9024,-14.59659,-67.96719,2024-09-20,n,2024
9025,-14.59549,-67.96114,2024-09-20,n,2024
9026,-14.58837,-67.96401,2024-09-20,n,2024
9027,-14.5933,-67.9644,2024-09-20,n,2024
9028,-14.61164,-67.95878,2024-09-20,n,2024
9029,-14.61632,-67.95785,2024-09-20,n,2024
9030,-14.75119,-68.57804,2024-09-20,n,2024
9031,-14.78174,-68.54219,2024-09-20,n,2024
9032,-14.77105,-68.32886,2024-09-20,n,2024
9033,-14.77026,-68.32449,2024-09-20,n,2024
9034,-14.77401,-68.31918,2024-09-20,n,2024
9035,-14.77121,-68.32902,2024-09-20,n,2024
9036,-14.77039,-68.32465,2024-09-20,n,2024
9037,-14.8473,-68.48527,2024-09-20,n,2024
9038,-14.79101,-68.18193,2024-09-20,n,2024
9039,-14.79562,-68.18114,2024-09-20,n,2024
9040,-14.9188,-68.464,2024-09-21,n,2024
9041,-15.20648,-68.15923,2024-09-21,n,2024
9042,-15.13096,-68.3431,2024-09-21,n,2024
9043,-14.68449,-68.55658,2024-09-21,n,2024
9044,-14.50197,-68.50932,2024-09-21,n,2024
9045,-14.46995,-68.53062,2024-09-21,n,2024
9046,-14.46303,-68.53169,2024-09-21,n,2024
9047,-14.40719,-68.5524,2024-09-21,n,2024
9048,-14.58749,-68.22623,2024-09-22,n,2024
9049,-14.5911,-68.2303,2024-09-22,n,2024
9050,-14.59175,-68.22676,2024-09-22,n,2024
9051,-14.7012,-68.534,2024-09-22,n,2024
9052,-14.70618,-68.53104,2024-09-22,n,2024
9053,-14.99341,-68.19452,2024-09-22,n,2024
9054,-14.99406,-68.19096,2024-09-22,n,2024
9055,-15.13137,-68.22154,2024-09-22,n,2024
9056,-14.99776,-68.19304,2024-09-22,n,2024
9057,-14.99432,-68.19373,2024-09-22,n,2024
9058,-14.97567,-68.365,2024-09-22,l,2024
9059,-14.97435,-68.36467,2024-09-22,n,2024
9060,-14.83747,-68.49032,2024-09-22,l,2024
9061,-14.79973,-68.45032,2024-09-22,n,2024
9062,-14.79442,-68.46342,2024-09-22,n,2024
9063,-14.70561,-68.52466,2024-09-22,n,2024
9064,-14.67096,-68.30265,2024-09-22,n,2024
9065,-14.70209,-68.52503,2024-09-22,n,2024
9066,-14.70268,-68.52928,2024-09-22,n,2024
9067,-14.69914,-68.52956,2024-09-22,n,2024
9068,-14.67606,-68.7533,2024-09-22,n,2024
9069,-14.6696,-68.73306,2024-09-22,l,2024
9070,-14.59356,-68.2216,2024-09-22,n,2024
9071,-14.64398,-68.57686,2024-09-22,n,2024
9072,-14.49528,-68.51697,2024-09-22,n,2024
9073,-14.67276,-68.54546,2024-09-22,l,2024
9074,-14.67512,-68.54426,2024-09-22,n,2024
9075,-14.67957,-68.75255,2024-09-22,n,2024
9076,-14.20206,-68.6646,2024-09-22,n,2024
9077,-14.19855,-68.66507,2024-09-22,l,2024
9078,-14.6683,-68.73456,2024-09-23,n,2024
9079,-14.66713,-68.74032,2024-09-23,n,2024
9080,-14.67232,-68.73236,2024-09-23,n,2024
9081,-14.67087,-68.73929,2024-09-23,n,2024
9082,-14.99332,-68.19591,2024-09-23,n,2024
9083,-14.98916,-68.19609,2024-09-23,n,2024
9084,-14.9952,-68.19556,2024-09-23,n,2024
9085,-14.66986,-68.73508,2024-09-23,n,2024
9086,-14.6728,-68.7308,2024-09-23,n,2024
9087,-14.67233,-68.73557,2024-09-23,n,2024
9088,-14.6703,-68.73067,2024-09-23,n,2024
9089,-15.16123,-67.67768,2024-09-23,l,2024
9090,-15.07953,-68.09896,2024-09-23,n,2024
9091,-14.73143,-68.53878,2024-09-23,n,2024
9092,-14.67613,-68.73258,2024-09-23,n,2024
9093,-14.67405,-68.51654,2024-09-23,n,2024
9094,-14.67873,-68.51605,2024-09-23,n,2024
9095,-14.67813,-68.51112,2024-09-23,n,2024
9096,-14.68396,-68.52005,2024-09-23,n,2024
9097,-14.47146,-68.53405,2024-09-23,n,2024
9098,-14.47608,-68.53313,2024-09-23,n,2024
9099,-14.56147,-68.29815,2024-09-24,n,2024
9100,-14.56668,-68.30151,2024-09-24,n,2024
9101,-14.82337,-68.49702,2024-09-24,n,2024
9102,-14.82381,-68.4934,2024-09-24,n,2024
9103,-14.82892,-68.49709,2024-09-24,n,2024
9104,-14.82933,-68.49359,2024-09-24,n,2024
9105,-14.82471,-68.49281,2024-09-24,n,2024
9106,-14.82431,-68.49642,2024-09-24,n,2024
9107,-14.79542,-68.59396,2024-09-24,n,2024
9108,-14.94034,-68.4565,2024-09-24,n,2024
9109,-14.67762,-68.74876,2024-09-24,h,2024
9110,-14.65014,-68.62191,2024-09-24,h,2024
9111,-14.82196,-68.45279,2024-09-24,h,2024
9112,-14.56559,-68.29857,2024-09-24,n,2024
9113,-14.6785,-68.75284,2024-09-24,n,2024
9114,-15.03296,-68.13079,2024-09-25,n,2024
9115,-15.03695,-68.13199,2024-09-25,n,2024
9116,-14.89567,-68.50388,2024-09-25,n,2024
9117,-14.89607,-68.50642,2024-09-25,n,2024
9118,-14.70043,-67.59756,2024-09-25,n,2024
9119,-14.79851,-68.18681,2024-09-25,h,2024
9120,-14.79787,-68.18353,2024-09-25,n,2024
9121,-14.79906,-68.18968,2024-09-25,n,2024
9122,-14.79352,-68.18832,2024-09-25,n,2024
9123,-14.8262,-68.49213,2024-09-25,h,2024
9124,-14.70046,-68.51091,2024-09-25,n,2024
9125,-14.67101,-68.51795,2024-09-25,n,2024
9126,-14.64156,-68.63377,2024-09-25,n,2024
9127,-14.64259,-68.63913,2024-09-25,n,2024
9128,-14.63667,-68.63506,2024-09-25,n,2024
9129,-14.56897,-68.31245,2024-09-25,n,2024
9130,-14.58358,-68.76494,2024-09-25,n,2024
9131,-14.20627,-68.65503,2024-09-25,n,2024
9132,-15.13023,-68.21954,2024-09-25,n,2024
9133,-14.94952,-68.09219,2024-09-25,n,2024
9134,-14.97787,-68.26299,2024-09-25,n,2024
9135,-14.95383,-68.31963,2024-09-28,n,2024
9136,-14.581,-68.46986,2024-09-28,n,2024
9137,-14.57683,-68.47046,2024-09-28,n,2024
9138,-14.49964,-68.50903,2024-09-28,n,2024
9139,-14.38836,-68.54503,2024-09-28,n,2024
9140,-14.37693,-68.48952,2024-09-28,n,2024
9141,-14.37746,-68.49359,2024-09-28,n,2024
9142,-15.03336,-68.31269,2024-09-29,n,2024
9143,-15.01169,-68.27232,2024-09-29,n,2024
9144,-14.87518,-68.25459,2024-09-29,n,2024
9145,-14.87572,-68.25974,2024-09-29,n,2024
9146,-14.87686,-68.24295,2024-09-29,n,2024
9147,-14.87634,-68.2384,2024-09-29,l,2024
9148,-14.73843,-67.61419,2024-09-29,n,2024
9149,-14.37901,-68.53159,2024-09-30,n,2024
9150,-14.37958,-68.52738,2024-09-30,n,2024
9151,-14.37942,-68.52978,2024-09-30,n,2024
9152,-14.38661,-68.54347,2024-09-30,n,2024
9153,-14.50392,-68.50132,2024-09-30,n,2024
9154,-14.87451,-68.25838,2024-09-30,n,2024
9155,-15.09261,-67.67413,2024-09-30,n,2024
9156,-15.10373,-67.66582,2024-09-30,n,2024
9157,-15.0972,-67.66348,2024-09-30,n,2024
9158,-15.09875,-67.67103,2024-09-30,n,2024
9159,-15.09959,-67.6751,2024-09-30,n,2024
9160,-15.09797,-67.66719,2024-09-30,l,2024
9161,-15.0915,-67.66515,2024-09-30,n,2024
9162,-15.09297,-67.67227,2024-09-30,n,2024
9163,-15.09381,-67.67637,2024-09-30,n,2024
9164,-15.09467,-67.68052,2024-09-30,n,2024
9165,-15.0922,-67.66856,2024-09-30,l,2024
9166,-15.08644,-67.66989,2024-09-30,n,2024
9167,-15.0872,-67.67356,2024-09-30,n,2024
9168,-14.91831,-68.26479,2024-09-30,n,2024
9169,-15.10506,-68.28696,2024-10-01,n,2024
9170,-15.10164,-68.28633,2024-10-01,n,2024
9171,-14.87457,-68.26096,2024-10-01,n,2024
9172,-14.46621,-68.51626,2024-10-01,n,2024
9173,-14.43802,-68.51298,2024-10-01,n,2024
9174,-14.43747,-68.51668,2024-10-01,n,2024
9175,-14.37936,-68.53382,2024-10-01,n,2024
9176,-14.37158,-68.53542,2024-10-01,n,2024
9177,-14.37569,-68.53483,2024-10-01,n,2024
9178,-14.37683,-68.49272,2024-10-01,l,2024
9179,-14.43829,-68.51323,2024-10-01,n,2024
9180,-14.4502,-68.53294,2024-10-01,n,2024
9181,-14.45425,-68.53196,2024-10-01,n,2024
9182,-14.45968,-68.5389,2024-10-01,n,2024
9183,-14.51892,-68.61428,2024-10-01,n,2024
9184,-14.51824,-68.61049,2024-10-01,n,2024
9185,-14.57565,-68.76929,2024-10-01,n,2024
9186,-14.57962,-68.76829,2024-10-01,n,2024
9187,-14.54594,-68.4827,2024-10-01,n,2024
9188,-14.54652,-68.48599,2024-10-01,h,2024
9189,-14.60353,-68.49863,2024-10-01,n,2024
9190,-14.60258,-68.49822,2024-10-01,n,2024
9191,-14.6025,-67.96934,2024-10-01,n,2024
9192,-14.70828,-68.52522,2024-10-01,n,2024
9193,-14.71302,-68.52993,2024-10-01,l,2024
9194,-15.08534,-67.67786,2024-10-01,n,2024
9195,-15.09033,-67.68111,2024-10-01,n,2024
9196,-15.0896,-67.677,2024-10-01,n,2024
9197,-14.74877,-68.54215,2024-10-01,n,2024
9198,-14.84202,-68.26515,2024-10-01,n,2024
9199,-14.91018,-68.48463,2024-10-01,n,2024
9200,-14.87512,-68.2596,2024-10-01,n,2024
9201,-14.87926,-68.25893,2024-10-01,n,2024
9202,-14.8768,-68.24487,2024-10-01,n,2024
9203,-14.87616,-68.24121,2024-10-01,n,2024
9204,-14.8809,-68.24391,2024-10-01,n,2024
9205,-14.89437,-68.29687,2024-10-01,n,2024
9206,-14.879,-68.24461,2024-10-01,n,2024
9207,-14.87832,-68.24085,2024-10-01,n,2024
9208,-14.87766,-68.23724,2024-10-01,n,2024
9209,-14.89283,-68.29728,2024-10-01,n,2024
9210,-14.97275,-68.36508,2024-10-01,n,2024
9211,-15.10157,-68.28747,2024-10-01,n,2024
9212,-15.10442,-68.28722,2024-10-01,n,2024
9213,-15.122,-68.22011,2024-10-01,n,2024
9214,-14.24371,-68.60281,2024-10-02,n,2024
9215,-14.3671,-68.567,2024-10-02,n,2024
9216,-14.37597,-68.53622,2024-10-02,l,2024
9217,-14.40309,-68.55744,2024-10-02,n,2024
9218,-14.40253,-68.55385,2024-10-02,h,2024
9219,-14.45762,-68.60369,2024-10-02,n,2024
9220,-14.45706,-68.60007,2024-10-02,n,2024
9221,-14.51686,-68.6129,2024-10-02,n,2024
9222,-14.56793,-68.76879,2024-10-02,n,2024
9223,-14.5721,-68.77484,2024-10-02,n,2024
9224,-14.57154,-68.77125,2024-10-02,n,2024
9225,-14.571,-68.76769,2024-10-02,n,2024
9226,-14.57484,-68.77068,2024-10-02,n,2024
9227,-14.5776,-68.76654,2024-10-02,l,2024
9228,-14.58092,-68.76601,2024-10-02,n,2024
9229,-14.58887,-68.46445,2024-10-02,l,2024
9230,-14.58832,-68.46086,2024-10-02,n,2024
9231,-14.87001,-68.48351,2024-10-02,n,2024
9232,-14.89491,-68.51257,2024-10-02,n,2024
9233,-14.96687,-68.3643,2024-10-02,n,2024
9234,-14.9702,-68.36378,2024-10-02,n,2024
9235,-15.00507,-68.45724,2024-10-02,n,2024
9236,-15.01059,-68.47096,2024-10-02,n,2024
9237,-15.03383,-68.31251,2024-10-02,n,2024
9238,-15.03716,-68.31195,2024-10-02,n,2024
9239,-15.10765,-68.28548,2024-10-02,l,2024
9240,-15.08404,-67.68221,2024-10-02,n,2024
9241,-14.40029,-68.55489,2024-10-03,n,2024
9242,-14.60224,-67.97373,2024-10-05,n,2024
9243,-14.59755,-67.96967,2024-10-05,n,2024
9244,-14.59722,-67.97243,2024-10-05,h,2024
9245,-14.59689,-67.97511,2024-10-05,n,2024
9246,-14.59181,-67.9743,2024-10-05,n,2024
9247,-14.3692,-68.52345,2024-10-05,n,2024
9248,-14.45528,-68.53702,2024-10-05,h,2024
9249,-14.45463,-68.53814,2024-10-05,h,2024
9250,-14.60289,-67.97177,2024-10-05,n,2024
9251,-14.45256,-68.60566,2024-10-06,n,2024
9252,-15.13618,-68.33877,2024-10-06,n,2024
9253,-15.13987,-68.33559,2024-10-06,n,2024
9254,-14.41375,-68.54663,2024-10-06,n,2024
9255,-14.64022,-68.51952,2024-10-06,n,2024
9256,-14.63493,-68.51626,2024-10-06,n,2024
9257,-14.63578,-68.52078,2024-10-06,n,2024
9258,-14.5882,-68.59895,2024-10-06,n,2024
9259,-14.50209,-68.51357,2024-10-06,n,2024
9260,-14.52029,-68.61005,2024-10-06,n,2024
9261,-14.51565,-68.61024,2024-10-06,n,2024
9262,-14.50136,-68.51213,2024-10-06,n,2024
9263,-14.5188,-68.60883,2024-10-06,n,2024
9264,-14.45746,-68.60527,2024-10-06,n,2024
9265,-14.39533,-68.27146,2024-10-07,n,2024
9266,-14.39472,-68.27523,2024-10-07,n,2024
9267,-14.39197,-68.27102,2024-10-07,n,2024
9268,-14.39137,-68.27473,2024-10-07,n,2024
9269,-14.38801,-68.27425,2024-10-07,n,2024
9270,-14.81353,-68.5453,2024-10-07,n,2024
9271,-14.5428,-68.57444,2024-10-07,n,2024
9272,-14.51096,-68.61221,2024-10-07,n,2024
9273,-14.46076,-68.62279,2024-10-07,n,2024
9274,-14.46015,-68.62648,2024-10-07,n,2024
9275,-14.45856,-68.61503,2024-10-07,n,2024
9276,-14.45799,-68.61849,2024-10-07,n,2024
9277,-14.45741,-68.62202,2024-10-07,n,2024
9278,-14.45682,-68.62568,2024-10-07,n,2024
9279,-14.45578,-68.61085,2024-10-07,n,2024
9280,-14.45521,-68.61434,2024-10-07,n,2024
9281,-14.45464,-68.61782,2024-10-07,n,2024
9282,-14.45406,-68.62132,2024-10-07,n,2024
9283,-14.45347,-68.62496,2024-10-07,n,2024
9284,-14.45357,-68.60323,2024-10-07,n,2024
9285,-14.45241,-68.61028,2024-10-07,n,2024
9286,-14.45126,-68.61729,2024-10-07,n,2024
9287,-14.45183,-68.61379,2024-10-07,n,2024
9288,-14.45018,-68.60275,2024-10-07,n,2024
9289,-15.20286,-68.16481,2024-10-07,n,2024
9290,-14.59168,-67.97426,2024-10-07,n,2024
9291,-14.8171,-68.5762,2024-10-07,n,2024
9292,-14.98661,-68.20086,2024-10-08,n,2024
9293,-14.81807,-68.54388,2024-10-08,n,2024
9294,-14.45725,-68.62138,2024-10-08,n,2024
9295,-14.453,-68.62025,2024-10-08,n,2024
9296,-14.45163,-68.62775,2024-10-08,n,2024
9297,-14.45232,-68.62399,2024-10-08,n,2024
9298,-14.45178,-68.6026,2024-10-08,n,2024
9299,-14.4505,-68.60957,2024-10-08,n,2024
9300,-14.44987,-68.61304,2024-10-08,n,2024
9301,-14.44924,-68.61648,2024-10-08,n,2024
9302,-14.44861,-68.61991,2024-10-08,n,2024
9303,-14.44805,-68.59861,2024-10-08,n,2024
9304,-14.45743,-68.52254,2024-10-08,n,2024
9305,-14.45664,-68.5269,2024-10-08,n,2024
9306,-14.38922,-68.27472,2024-10-08,n,2024
9307,-14.38846,-68.27893,2024-10-08,n,2024
9308,-14.38425,-68.27813,2024-10-08,n,2024
9309,-14.38495,-68.27425,2024-10-08,n,2024
9310,-14.38068,-68.27373,2024-10-08,n,2024
9311,-14.85629,-68.27573,2024-10-09,n,2024
9312,-14.45446,-68.621,2024-10-10,n,2024
9313,-14.46028,-68.61531,2024-10-10,n,2024
9314,-14.46321,-68.61699,2024-10-10,n,2024
9315,-14.46064,-68.61868,2024-10-10,n,2024
9316,-14.94524,-68.33923,2024-10-10,n,2024
9317,-14.94246,-68.339,2024-10-10,n,2024
9318,-14.94184,-68.33276,2024-10-10,n,2024
9319,-15.00838,-68.18044,2024-10-10,n,2024
9320,-14.61578,-67.95509,2024-10-11,n,2024
9321,-15.04177,-68.14997,2024-10-11,n,2024
9322,-15.06211,-68.15434,2024-10-11,n,2024
9323,-14.38271,-68.27827,2024-10-11,n,2024
9324,-14.38675,-68.27883,2024-10-11,n,2024
9325,-14.45395,-68.51908,2024-10-11,n,2024
9326,-14.45727,-68.52453,2024-10-11,n,2024
9327,-14.46103,-68.4967,2024-10-11,n,2024
9328,-14.45101,-68.63058,2024-10-11,n,2024
9329,-14.45026,-68.63613,2024-10-11,n,2024
9330,-15.02884,-68.1631,2024-10-11,h,2024
9331,-14.99133,-68.18862,2024-10-11,n,2024
9332,-14.99204,-68.19223,2024-10-11,n,2024
9333,-14.95364,-68.33477,2024-10-11,n,2024
9334,-14.95416,-68.33749,2024-10-11,n,2024
9335,-14.94918,-68.33892,2024-10-11,n,2024
9336,-14.93496,-68.34689,2024-10-11,n,2024
9337,-14.93546,-68.34945,2024-10-11,n,2024
9338,-14.90967,-68.29818,2024-10-11,n,2024
9339,-14.91872,-68.47819,2024-10-11,n,2024
9340,-14.68834,-67.58587,2024-10-11,n,2024
9341,-14.8477,-68.43011,2024-10-11,h,2024
9342,-14.80568,-68.29498,2024-10-11,n,2024
9343,-14.80619,-68.29759,2024-10-11,n,2024
9344,-14.7809,-68.33026,2024-10-11,n,2024
9345,-14.7815,-68.33328,2024-10-11,n,2024
9346,-14.77585,-68.33139,2024-10-11,n,2024
9347,-14.77643,-68.33434,2024-10-11,n,2024
9348,-13.95911,-68.96893,2024-10-11,n,2024
9349,-14.79242,-68.54376,2024-10-11,h,2024
9350,-14.77882,-68.33443,2024-10-11,n,2024
9351,-14.77825,-68.33143,2024-10-11,h,2024
9352,-14.70582,-67.61114,2024-10-12,n,2024
9353,-14.84677,-68.42271,2024-10-12,n,2024
9354,-14.70974,-67.61042,2024-10-12,n,2024
9355,-14.82847,-68.29009,2024-10-12,n,2024
9356,-14.8474,-68.41977,2024-10-12,n,2024
9357,-14.82826,-68.28735,2024-10-12,n,2024
9358,-14.70886,-67.60825,2024-10-12,n,2024
9359,-14.73995,-67.62383,2024-10-12,n,2024
9360,-14.97219,-68.33427,2024-10-12,n,2024
9361,-14.97593,-68.33356,2024-10-12,n,2024
9362,-15.0936,-68.29482,2024-10-12,n,2024
9363,-15.1962,-68.16867,2024-10-12,n,2024
9364,-14.56165,-68.78182,2024-10-12,n,2024
9365,-14.55805,-68.76019,2024-10-12,n,2024
9366,-14.56611,-68.7859,2024-10-12,n,2024
9367,-14.56529,-68.78094,2024-10-12,n,2024
9368,-14.58334,-68.60443,2024-10-12,n,2024
9369,-14.58245,-68.59924,2024-10-12,n,2024
9370,-15.21451,-67.6974,2024-10-13,n,2024
9371,-15.21543,-67.69462,2024-10-13,n,2024
9372,-15.211,-67.69852,2024-10-13,n,2024
9373,-15.21173,-67.69425,2024-10-13,n,2024
9374,-14.97362,-68.33367,2024-10-13,n,2024
9375,-14.7892,-68.58334,2024-10-13,n,2024
9376,-14.78834,-68.5882,2024-10-13,n,2024
9377,-14.78073,-68.47435,2024-10-13,n,2024
9378,-14.59462,-68.77042,2024-10-13,n,2024
9379,-14.59145,-68.76553,2024-10-13,n,2024
9380,-14.59526,-68.76833,2024-10-13,n,2024
9381,-14.5912,-68.76848,2024-10-13,n,2024
9382,-14.5611,-68.77851,2024-10-13,n,2024
9383,-14.56032,-68.78294,2024-10-13,n,2024
9384,-14.55954,-68.78728,2024-10-13,n,2024
9385,-14.54709,-68.49568,2024-10-13,n,2024
9386,-14.62484,-67.95,2024-10-13,n,2024
9387,-14.62726,-67.95306,2024-10-13,n,2024
9388,-14.628,-67.94873,2024-10-13,n,2024
9389,-14.62358,-67.95196,2024-10-13,n,2024
9390,-14.62434,-67.94761,2024-10-13,n,2024
9391,-14.61538,-67.95486,2024-10-13,n,2024
9392,-14.61162,-67.95433,2024-10-13,n,2024
9393,-14.46398,-68.62102,2024-10-13,n,2024
9394,-14.46476,-68.61662,2024-10-13,n,2024
9395,-14.46092,-68.61565,2024-10-13,n,2024
9396,-14.45784,-68.61036,2024-10-13,n,2024
9397,-14.45086,-68.62701,2024-10-13,n,2024
9398,-14.44921,-68.63628,2024-10-13,n,2024
9399,-14.44827,-68.64161,2024-10-13,n,2024
9400,-14.44697,-68.62629,2024-10-13,n,2024
9401,-14.28296,-68.73054,2024-10-13,n,2024
9402,-14.28383,-68.7257,2024-10-13,n,2024
9403,-14.27987,-68.72519,2024-10-13,n,2024
9404,-14.28395,-68.72905,2024-10-13,n,2024
9405,-14.28084,-68.72367,2024-10-13,n,2024
9406,-14.27997,-68.72868,2024-10-13,n,2024
9407,-14.72122,-67.59766,2024-10-13,n,2024
9408,-14.73494,-67.62099,2024-10-13,n,2024
9409,-14.28312,-68.7272,2024-10-14,n,2024
9410,-14.28252,-68.73026,2024-10-14,n,2024
9411,-14.28193,-68.73328,2024-10-14,n,2024
9412,-14.27765,-68.72675,2024-10-14,n,2024
9413,-14.27646,-68.73283,2024-10-14,n,2024
9414,-15.21125,-67.7002,2024-10-14,n,2024
9415,-15.19234,-67.67989,2024-10-14,n,2024
9416,-15.19691,-67.68382,2024-10-14,n,2024
9417,-15.1963,-67.67924,2024-10-14,n,2024
9418,-15.01432,-68.28168,2024-10-14,n,2024
9419,-14.61213,-67.95026,2024-10-14,n,2024
9420,-14.60289,-67.97403,2024-10-14,n,2024
9421,-14.60146,-67.97413,2024-10-14,n,2024
9422,-14.2896,-68.73193,2024-10-14,n,2024
9423,-14.29001,-68.73518,2024-10-14,n,2024
9424,-14.28458,-68.72607,2024-10-14,n,2024
9425,-14.90273,-68.28297,2024-10-15,n,2024
9426,-14.28054,-68.72857,2024-10-15,n,2024
9427,-14.28587,-68.72382,2024-10-15,n,2024
9428,-14.78285,-68.47202,2024-10-15,n,2024
9429,-14.81047,-68.45987,2024-10-15,n,2024
9430,-14.81,-68.45564,2024-10-15,h,2024
9431,-15.06007,-67.73613,2024-10-15,n,2024
9432,-14.99262,-68.29076,2024-10-15,n,2024
9433,-14.60164,-67.97742,2024-10-16,n,2024
9434,-14.5971,-67.97635,2024-10-16,n,2024
9435,-14.19745,-68.35461,2024-10-16,l,2024
9436,-14.19827,-68.35873,2024-10-16,n,2024
9437,-14.35482,-68.59192,2024-10-17,n,2024
9438,-14.18134,-68.35893,2024-10-17,n,2024
9439,-14.1807,-68.35526,2024-10-17,n,2024
9440,-14.18559,-68.3586,2024-10-17,l,2024
9441,-14.18764,-68.37036,2024-10-17,n,2024
9442,-14.18697,-68.3665,2024-10-17,n,2024
9443,-14.18629,-68.36262,2024-10-17,n,2024
9444,-14.1849,-68.35468,2024-10-17,n,2024
9445,-14.19319,-68.37752,2024-10-17,n,2024
9446,-14.19187,-68.36996,2024-10-17,n,2024
9447,-14.19052,-68.36221,2024-10-17,l,2024
9448,-14.1898,-68.35806,2024-10-17,n,2024
9449,-14.1891,-68.35403,2024-10-17,n,2024
9450,-14.19254,-68.37379,2024-10-17,h,2024
9451,-14.19794,-68.3801,2024-10-17,n,2024
9452,-14.19731,-68.37646,2024-10-17,n,2024
9453,-14.19669,-68.37289,2024-10-17,n,2024
9454,-14.19399,-68.35735,2024-10-17,l,2024
9455,-14.19023,-68.37854,2024-10-17,n,2024
9456,-14.18879,-68.37065,2024-10-17,n,2024
9457,-14.1881,-68.36681,2024-10-17,n,2024
9458,-14.18739,-68.36295,2024-10-17,n,2024
9459,-14.18593,-68.35491,2024-10-17,n,2024
9460,-14.18666,-68.35889,2024-10-17,h,2024
9461,-14.19436,-68.37761,2024-10-17,n,2024
9462,-14.1937,-68.37395,2024-10-17,n,2024
9463,-14.19302,-68.37021,2024-10-17,n,2024
9464,-14.19162,-68.36246,2024-10-17,n,2024
9465,-14.19086,-68.35829,2024-10-17,n,2024
9466,-14.19012,-68.35425,2024-10-17,n,2024
9467,-14.19911,-68.3801,2024-10-17,n,2024
9468,-14.19845,-68.37643,2024-10-17,n,2024
9469,-14.19781,-68.37287,2024-10-17,n,2024
9470,-14.19503,-68.35751,2024-10-17,n,2024
9471,-14.38058,-68.54788,2024-10-17,n,2024
9472,-14.3869,-68.53564,2024-10-17,n,2024
9473,-14.59778,-68.45072,2024-10-17,n,2024
9474,-14.37847,-68.5507,2024-10-18,n,2024
9475,-14.27409,-68.54649,2024-10-18,n,2024
9476,-14.19495,-68.34832,2024-10-18,n,2024
9477,-14.18936,-68.38144,2024-10-18,n,2024
9478,-14.19569,-68.34387,2024-10-18,n,2024
9479,-14.19143,-68.34761,2024-10-18,n,2024
9480,-14.18721,-68.37263,2024-10-18,n,2024
9481,-14.18582,-68.38081,2024-10-18,n,2024
9482,-14.19219,-68.34309,2024-10-18,n,2024
9483,-14.18653,-68.37665,2024-10-18,n,2024
9484,-14.18867,-68.34237,2024-10-18,n,2024
9485,-14.18791,-68.34688,2024-10-18,n,2024
9486,-14.18433,-68.36807,2024-10-18,n,2024
9487,-14.18363,-68.37225,2024-10-18,n,2024
9488,-14.18295,-68.37629,2024-10-18,n,2024
9489,-14.18225,-68.3804,2024-10-18,n,2024
9490,-14.18516,-68.34161,2024-10-18,n,2024
9491,-14.1844,-68.34608,2024-10-18,n,2024
9492,-14.18365,-68.35053,2024-10-18,n,2024
9493,-14.18291,-68.35494,2024-10-18,n,2024
9494,-14.17937,-68.37591,2024-10-18,n,2024
9495,-14.17867,-68.37999,2024-10-18,n,2024
9496,-14.18014,-68.34978,2024-10-18,n,2024
9497,-14.18164,-68.34087,2024-10-18,n,2024
9498,-14.1809,-68.34526,2024-10-18,n,2024
9499,-14.17938,-68.35431,2024-10-18,n,2024
9500,-14.17737,-68.34461,2024-10-18,n,2024
9501,-14.17661,-68.34913,2024-10-18,n,2024
9502,-14.17584,-68.35367,2024-10-18,n,2024
9503,-15.0554,-67.69853,2024-10-18,n,2024
9504,-15.05598,-67.7022,2024-10-18,n,2024
9505,-15.04361,-67.72005,2024-10-18,n,2024
9506,-14.66878,-68.322,2024-10-18,n,2024
9507,-14.59646,-68.42309,2024-10-18,n,2024
9508,-14.59702,-68.42666,2024-10-18,l,2024
9509,-14.59315,-68.42372,2024-10-18,n,2024
9510,-14.55876,-68.46616,2024-10-18,n,2024
9511,-14.55931,-68.46972,2024-10-18,n,2024
9512,-14.18741,-68.37196,2024-10-18,n,2024
9513,-14.18348,-68.3688,2024-10-18,n,2024
9514,-14.1852,-68.37975,2024-10-18,l,2024
9515,-14.18012,-68.36925,2024-10-18,n,2024
9516,-14.1807,-68.3729,2024-10-18,n,2024
9517,-14.18127,-68.37657,2024-10-18,n,2024
9518,-14.18185,-68.38022,2024-10-18,n,2024
9519,-13.99758,-68.94086,2024-10-18,n,2024
9520,-14.46605,-68.5252,2024-10-18,n,2024
9521,-14.45496,-68.51971,2024-10-18,n,2024
9522,-14.45163,-68.52026,2024-10-18,n,2024
9523,-14.38639,-68.53503,2024-10-18,n,2024
9524,-14.38694,-68.5386,2024-10-18,l,2024
9525,-14.2815,-68.5373,2024-10-18,n,2024
9526,-14.29156,-68.73515,2024-10-18,n,2024
9527,-14.28767,-68.73197,2024-10-18,n,2024
9528,-14.24041,-68.53664,2024-10-18,n,2024
9529,-14.23764,-68.54082,2024-10-18,n,2024
9530,-14.19964,-68.34061,2024-10-18,n,2024
9531,-14.19739,-68.34816,2024-10-18,n,2024
9532,-14.18684,-68.36834,2024-10-18,n,2024
9533,-14.18313,-68.39159,2024-10-19,n,2024
9534,-14.17935,-68.38563,2024-10-19,n,2024
9535,-14.17255,-68.34369,2024-10-19,n,2024
9536,-14.2725,-68.54738,2024-10-19,n,2024
9537,-14.18413,-68.38621,2024-10-19,n,2024
9538,-14.18472,-68.38821,2024-10-19,n,2024
9539,-14.66596,-68.51618,2024-10-20,n,2024
9540,-14.65318,-68.72682,2024-10-20,n,2024
9541,-14.61897,-68.5624,2024-10-20,n,2024
9542,-14.61692,-68.56251,2024-10-20,n,2024
9543,-14.55257,-68.68653,2024-10-20,n,2024
9544,-14.41018,-68.55408,2024-10-20,n,2024
9545,-14.4051,-68.55527,2024-10-20,n,2024
9546,-14.40542,-68.55807,2024-10-20,n,2024
9547,-14.40806,-68.55617,2024-10-20,h,2024
9548,-14.38877,-68.52577,2024-10-20,n,2024
9549,-14.38917,-68.52911,2024-10-20,n,2024
9550,-14.33871,-68.54311,2024-10-20,n,2024
9551,-14.33321,-68.5406,2024-10-20,h,2024
9552,-14.33361,-68.54404,2024-10-20,h,2024
9553,-14.32889,-68.54829,2024-10-20,h,2024
9554,-14.31764,-68.4958,2024-10-20,h,2024
9555,-14.32065,-68.522,2024-10-20,h,2024
9556,-14.318,-68.49893,2024-10-20,n,2024
9557,-14.31994,-68.51576,2024-10-20,n,2024
9558,-14.31522,-68.51995,2024-10-20,n,2024
9559,-14.31557,-68.52301,2024-10-20,n,2024
9560,-14.30822,-68.5042,2024-10-20,n,2024
9561,-14.30426,-68.51511,2024-10-20,h,2024
9562,-14.30609,-68.53113,2024-10-20,h,2024
9563,-14.30463,-68.51834,2024-10-20,n,2024
9564,-14.30684,-68.53773,2024-10-20,n,2024
9565,-14.30723,-68.54118,2024-10-20,n,2024
9566,-14.29909,-68.51531,2024-10-20,h,2024
9567,-14.29946,-68.51853,2024-10-20,n,2024
9568,-14.30173,-68.53857,2024-10-20,n,2024
9569,-14.29618,-68.53552,2024-10-20,n,2024
9570,-14.2966,-68.53923,2024-10-20,n,2024
9571,-14.30191,-68.51645,2024-10-20,h,2024
9572,-14.30388,-68.53265,2024-10-20,h,2024
9573,-14.3047,-68.53943,2024-10-20,h,2024
9574,-14.30231,-68.51969,2024-10-20,n,2024
9575,-14.29915,-68.53656,2024-10-20,n,2024
9576,-14.27194,-68.52671,2024-10-20,h,2024
9577,-15.19193,-67.68202,2024-10-21,h,2024
9578,-15.19396,-67.6797,2024-10-21,n,2024
9579,-15.19435,-67.68354,2024-10-21,n,2024
9580,-14.60377,-68.76731,2024-10-21,h,2024
9581,-14.60426,-68.77238,2024-10-21,n,2024
9582,-14.4584,-68.6343,2024-10-21,h,2024
9583,-14.45933,-68.64409,2024-10-21,n,2024
9584,-14.45016,-68.62164,2024-10-21,h,2024
9585,-14.45986,-68.64205,2024-10-21,n,2024
9586,-14.45066,-68.62084,2024-10-21,h,2024
9587,-14.31699,-68.47144,2024-10-21,n,2024
9588,-14.31785,-68.48042,2024-10-21,n,2024
9589,-14.31703,-68.47279,2024-10-21,n,2024
9590,-14.31792,-68.48154,2024-10-21,n,2024
9591,-14.29238,-68.50475,2024-10-21,n,2024
9592,-14.33566,-68.54414,2024-10-21,n,2024
9593,-14.17853,-68.36906,2024-10-21,n,2024
9594,-14.27656,-68.52998,2024-10-21,n,2024
9595,-14.29609,-68.50893,2024-10-21,h,2024
9596,-14.6096,-68.45834,2024-10-21,n,2024
9597,-14.58251,-68.42167,2024-10-21,n,2024
9598,-14.62358,-68.67655,2024-10-21,h,2024
9599,-14.62442,-68.68057,2024-10-21,n,2024
9600,-14.62308,-68.67464,2024-10-21,h,2024
9601,-14.6239,-68.67863,2024-10-21,n,2024
9602,-14.48554,-68.50521,2024-10-21,h,2024
9603,-14.48627,-68.50867,2024-10-21,n,2024
9604,-14.48706,-68.51242,2024-10-21,n,2024
9605,-14.48722,-68.50558,2024-10-21,h,2024
9606,-14.48878,-68.51324,2024-10-21,n,2024
9607,-14.46163,-68.63071,2024-10-21,h,2024
9608,-14.46294,-68.63705,2024-10-21,n,2024
9609,-14.4562,-68.63535,2024-10-21,h,2024
9610,-14.45705,-68.63944,2024-10-21,n,2024
9611,-14.33473,-68.53967,2024-10-21,n,2024
9612,-14.31614,-68.48117,2024-10-21,h,2024
9613,-15.2725,-67.95749,2024-10-21,h,2024
9614,-15.0418,-68.22411,2024-10-21,h,2024
9615,-15.04262,-68.22794,2024-10-21,n,2024
9616,-15.03855,-68.22827,2024-10-21,n,2024
9617,-15.02814,-68.24045,2024-10-21,h,2024
9618,-15.02898,-68.24446,2024-10-21,n,2024
9619,-14.45994,-68.64053,2024-10-22,n,2024
9620,-14.46053,-68.63644,2024-10-22,n,2024
9621,-14.46361,-68.64071,2024-10-22,n,2024
9622,-14.46421,-68.63654,2024-10-22,n,2024
9623,-14.46491,-68.6318,2024-10-22,n,2024
9624,-14.4673,-68.64077,2024-10-22,n,2024
9625,-14.58575,-68.75891,2024-10-22,n,2024
9626,-14.58635,-68.75466,2024-10-22,n,2024
9627,-14.59223,-68.76509,2024-10-22,n,2024
9628,-14.59803,-68.77605,2024-10-22,n,2024
9629,-14.59868,-68.77148,2024-10-22,n,2024
9630,-14.60157,-68.77703,2024-10-22,n,2024
9631,-14.60222,-68.7724,2024-10-22,n,2024
9632,-14.99726,-68.11203,2024-10-23,n,2024
9633,-15.01284,-68.44917,2024-10-23,n,2024
9634,-15.01348,-68.45307,2024-10-23,l,2024
9635,-15.00938,-68.44979,2024-10-23,n,2024
9636,-15.01001,-68.45364,2024-10-23,n,2024
9637,-15.01062,-68.4574,2024-10-23,n,2024
9638,-14.39726,-68.54316,2024-10-23,n,2024
9639,-14.31803,-68.5481,2024-10-23,n,2024
9640,-14.31867,-68.55206,2024-10-23,n,2024
9641,-14.31391,-68.54476,2024-10-23,n,2024
9642,-14.31519,-68.55264,2024-10-23,n,2024
9643,-15.01171,-68.4533,2024-10-23,h,2024
9644,-15.01109,-68.44941,2024-10-23,n,2024
9645,-15.00824,-68.45385,2024-10-23,n,2024
9646,-14.96964,-68.23586,2024-10-23,n,2024
9647,-14.92448,-68.46426,2024-10-23,n,2024
9648,-14.88188,-68.49923,2024-10-23,n,2024
9649,-14.59028,-68.75665,2024-10-23,n,2024
9650,-14.55314,-68.67976,2024-10-23,n,2024
9651,-14.5537,-68.6832,2024-10-23,n,2024
9652,-14.55611,-68.6982,2024-10-23,n,2024
9653,-14.6034,-68.77383,2024-10-24,n,2024
9654,-14.60272,-68.77747,2024-10-24,n,2024
9655,-14.60409,-68.77008,2024-10-24,n,2024
9656,-14.60717,-68.77758,2024-10-24,n,2024
9657,-15.08399,-68.33707,2024-10-24,l,2024
9658,-14.90322,-68.45139,2024-10-24,n,2024
9659,-14.90214,-68.45481,2024-10-24,n,2024
9660,-14.87274,-68.39834,2024-10-24,l,2024
9661,-14.75119,-67.62682,2024-10-24,l,2024
9662,-14.4586,-68.52946,2024-10-24,n,2024
9663,-14.45568,-68.53391,2024-10-24,n,2024
9664,-14.46254,-68.63226,2024-10-24,l,2024
9665,-14.44407,-68.52729,2024-10-24,n,2024
9666,-14.44464,-68.53127,2024-10-24,l,2024
9667,-14.44058,-68.52775,2024-10-24,n,2024
9668,-14.45084,-68.62515,2024-10-24,l,2024
9669,-14.39652,-68.54302,2024-10-24,n,2024
9670,-14.35883,-68.58794,2024-10-24,n,2024
9671,-14.30885,-68.51133,2024-10-24,l,2024
9672,-14.29832,-68.53734,2024-10-24,l,2024
9673,-14.24201,-68.5532,2024-10-24,n,2024
9674,-14.243,-68.58501,2024-10-24,n,2024
9675,-14.23952,-68.58559,2024-10-24,n,2024
9676,-14.23772,-68.59792,2024-10-24,n,2024
9677,-15.17841,-68.16663,2024-10-25,n,2024
9678,-15.11609,-68.34258,2024-10-25,n,2024
9679,-15.11635,-68.34135,2024-10-25,n,2024
9680,-14.92431,-68.33383,2024-10-25,n,2024
9681,-14.71997,-67.60672,2024-10-25,n,2024
9682,-14.69063,-68.43965,2024-10-25,n,2024
9683,-14.62099,-68.55998,2024-10-25,n,2024
9684,-14.60415,-68.45818,2024-10-25,n,2024
9685,-14.61762,-68.56319,2024-10-25,n,2024
9686,-14.45502,-68.53155,2024-10-25,n,2024
9687,-14.45675,-68.54561,2024-10-25,n,2024
9688,-14.38398,-68.55904,2024-10-25,n,2024
9689,-14.1522,-68.83707,2024-10-25,n,2024
9690,-14.21165,-68.33156,2024-10-28,n,2024
9691,-14.20794,-68.33276,2024-10-28,n,2024
9692,-14.20762,-68.33412,2024-10-29,n,2024
9693,-14.2105,-68.34028,2024-10-29,n,2024
9694,-14.21139,-68.33518,2024-10-29,n,2024
9695,-14.21424,-68.34155,2024-10-29,n,2024
9696,-14.21514,-68.33636,2024-10-29,n,2024
9697,-15.05227,-68.26755,2024-10-30,n,2024
9698,-15.05275,-68.27131,2024-10-30,n,2024
9699,-15.01943,-68.30556,2024-10-30,n,2024
9700,-15.02396,-68.29662,2024-10-31,n,2024
9701,-14.2147,-68.3371,2024-11-01,n,2024
9702,-14.39935,-68.54542,2024-11-01,n,2024
9703,-14.39866,-68.54195,2024-11-01,h,2024
9704,-14.39702,-68.54636,2024-11-01,n,2024
9705,-14.39631,-68.54287,2024-11-01,h,2024
9706,-14.6023,-68.46175,2024-11-01,n,2024
9707,-14.97267,-68.22334,2024-11-01,n,2024
9708,-14.97459,-68.22163,2024-11-01,n,2024
9709,-15.1114,-68.21722,2024-11-01,n,2024
9710,-15.09465,-67.69546,2024-11-01,n,2024
9711,-15.09375,-67.69695,2024-11-01,n,2024
9712,-14.44782,-68.50635,2024-11-02,n,2024
9713,-14.38801,-68.56507,2024-11-02,n,2024
9714,-14.38724,-68.56075,2024-11-02,n,2024
9715,-14.39211,-68.56427,2024-11-02,l,2024
9716,-14.39295,-68.56898,2024-11-02,n,2024
9717,-14.39136,-68.55999,2024-11-02,n,2024
9718,-14.39621,-68.56342,2024-11-02,n,2024
9719,-14.39548,-68.55923,2024-11-02,n,2024
9720,-14.39341,-68.47478,2024-11-02,n,2024
9721,-14.48669,-68.48495,2024-11-02,n,2024
9722,-14.61318,-68.68075,2024-11-02,n,2024
9723,-14.58426,-68.44576,2024-11-02,n,2024
9724,-14.5883,-68.44452,2024-11-02,n,2024
9725,-14.58895,-68.44815,2024-11-02,h,2024
9726,-14.59055,-68.43308,2024-11-02,n,2024
9727,-14.59463,-68.43202,2024-11-02,n,2024
9728,-14.65417,-68.72304,2024-11-02,n,2024
9729,-14.97235,-68.23165,2024-11-02,n,2024
9730,-15.14065,-68.32883,2024-11-03,n,2024
9731,-14.7536,-67.62386,2024-11-03,n,2024
9732,-14.78965,-68.47323,2024-11-03,n,2024
9733,-15.0855,-68.3574,2024-11-04,n,2024
9734,-15.01075,-68.25533,2024-11-04,l,2024
9735,-14.96254,-68.24657,2024-11-04,n,2024
9736,-14.75385,-67.62498,2024-11-04,n,2024
9737,-14.56722,-68.48476,2024-11-04,n,2024
9738,-14.23396,-68.61267,2024-11-04,n,2024
9739,-14.24337,-68.59713,2024-11-04,l,2024
9740,-14.24952,-68.53007,2024-11-04,l,2024
9741,-14.25524,-68.54388,2024-11-04,n,2024
9742,-14.39229,-68.55939,2024-11-04,l,2024
9743,-14.39286,-68.5611,2024-11-04,l,2024
9744,-14.44161,-68.52436,2024-11-04,n,2024
9745,-14.46658,-68.51087,2024-11-04,l,2024
9746,-14.61352,-67.5304,2024-11-05,n,2024
9747,-14.61257,-67.53487,2024-11-05,n,2024
9748,-14.61131,-67.53252,2024-11-05,h,2024
9749,-15.09637,-68.28743,2024-11-05,n,2024
9750,-14.66767,-68.71831,2024-11-11,n,2024
9751,-14.84746,-68.47986,2024-11-11,n,2024
9752,-15.05516,-67.70119,2024-11-14,n,2024
9753,-14.78243,-68.55542,2024-11-16,h,2024
9754,-15.02581,-68.29157,2024-11-25,n,2024
9755,-15.04484,-67.72944,2024-11-26,n,2024
9756,-14.6822,-67.58232,2024-11-26,n,2024
9757,-14.35372,-68.5955,2024-11-27,n,2024
9758,-14.38052,-68.48675,2024-11-27,n,2024
9759,-14.38381,-68.48473,2024-11-27,n,2024
9760,-15.06861,-67.72411,2024-11-28,n,2024
9761,-14.63049,-68.55898,2024-11-28,n,2024
9762,-14.62556,-68.56033,2024-11-28,n,2024
9763,-14.62502,-68.55753,2024-11-28,l,2024
9764,-14.55712,-68.49777,2024-11-28,n,2024
9765,-14.49708,-68.48481,2024-11-28,n,2024
9766,-14.49753,-68.48714,2024-11-28,n,2024
9767,-14.49295,-68.49051,2024-11-28,n,2024
9768,-14.49339,-68.49274,2024-11-28,n,2024
9769,-14.23523,-68.06509,2024-11-28,n,2024
9770,-14.69528,-68.76054,2024-11-28,n,2024
9771,-14.62305,-68.41339,2024-11-28,n,2024
9772,-14.6299,-68.55592,2024-11-28,h,2024
9773,-14.77346,-68.396,2024-11-29,n,2024
9774,-14.19098,-68.36533,2024-11-29,l,2024
9775,-14.19016,-68.36057,2024-11-29,l,2024
9776,-14.19395,-68.35999,2024-11-29,l,2024
9777,-14.51872,-68.49282,2024-11-29,n,2024
9778,-14.51959,-68.49001,2024-11-29,n,2024
9779,-14.53508,-68.49082,2024-11-29,n,2024
9780,-14.53878,-68.49004,2024-11-29,n,2024
9781,-14.55531,-68.49691,2024-11-29,n,2024
9782,-14.58204,-68.45068,2024-11-29,n,2024
9783,-14.6134,-68.40832,2024-11-29,n,2024
9784,-14.61068,-68.40994,2024-11-29,n,2024
9785,-14.7816,-68.39024,2024-11-29,n,2024
9786,-14.78082,-68.38563,2024-11-29,n,2024
9787,-14.77453,-68.38953,2024-11-30,n,2024
9788,-15.12969,-68.22754,2024-11-30,n,2024
9789,-15.12636,-68.22805,2024-11-30,n,2024
9790,-15.12799,-68.23903,2024-11-30,n,2024
9791,-14.70253,-68.50172,2024-11-30,n,2024
9792,-14.57562,-68.49258,2024-11-30,n,2024
9793,-13.98202,-68.97269,2024-11-30,n,2024
9794,-14.45763,-68.48659,2024-12-01,n,2024
9795,-15.0942,-67.69746,2024-12-10,n,2024
9796,-14.5478,-68.61969,2024-12-10,l,2024
9797,-15.04512,-67.72701,2024-12-13,n,2024
9798,-14.91287,-68.12583,2024-12-18,n,2024
9799,-14.7769,-68.56023,2024-12-19,n,2024
9800,-14.77784,-68.56113,2024-12-19,n,2024
9801,-14.23668,-68.05903,2024-12-20,n,2024
9802,-13.99247,-68.95248,2024-12-20,n,2024
9803,-14.21405,-68.07904,2024-12-21,n,2024
9804,-15.21824,-67.69384,2024-12-28,h,2024
9805,-15.21871,-67.69766,2024-12-28,n,2024
9806,-13.99098,-68.93789,2024-12-30,n,2024
9807,-13.98995,-68.93244,2024-12-30,n,2024
9808,-14.85195,-68.415,2024-12-30,h,2024
9809,-15.2184,-67.69499,2025-01-01,n,
9810,-14.4075,-68.55162,2025-01-28,n,
9811,-14.79139,-68.38058,2025-03-23,n,
9812,-14.79189,-68.38444,2025-03-23,n,
9813,-15.01667,-68.17419,2025-04-07,n,
9814,-14.62414,-68.60886,2025-04-15,n,
9815,-14.65626,-67.73077,2025-04-29,n,
9816,-14.55325,-68.42976,2025-05-01,n,
9817,-14.55344,-68.43243,2025-05-01,n,
9818,-14.56463,-68.54536,2025-05-05,n,
9819,-14.55688,-68.4096,2025-05-13,n,
9820,-14.57004,-68.39246,2025-05-16,l,
9821,-14.57213,-68.39269,2025-05-16,n,
9822,-14.79918,-68.28317,2025-06-04,n,
9823,-14.79225,-68.28455,2025-06-04,n,
9824,-14.79572,-68.28391,2025-06-04,n,
9825,-14.78673,-68.45753,2025-06-06,n,
9826,-14.70747,-68.45389,2025-06-06,n,
9827,-14.82948,-68.33094,2025-06-20,n,
9828,-14.83295,-68.33029,2025-06-20,n,
9829,-14.78833,-68.37785,2025-06-21,n,
9830,-14.7889,-68.38177,2025-06-21,n,
9831,-14.78543,-68.38229,2025-06-21,n,
9832,-14.79874,-68.3763,2025-06-21,n,
9833,-14.83387,-68.33482,2025-06-21,n,
9834,-14.681,-68.26494,2025-07-05,n,
9835,-14.67821,-68.26366,2025-07-05,n,
9836,-14.67908,-68.26839,2025-07-05,n,
9837,-14.89295,-68.35575,2025-07-07,n,
9838,-14.89005,-68.3602,2025-07-07,n,
9839,-14.74579,-67.61742,2025-07-14,n,
9840,-14.74617,-67.62083,2025-07-14,n,
9841,-14.59008,-68.35807,2025-07-16,n,
9842,-14.8006,-68.22629,2025-07-16,n,
9843,-14.68166,-68.28773,2025-07-21,n,
9844,-14.677,-68.28854,2025-07-21,n,
9845,-14.69155,-68.27722,2025-07-22,n,
9846,-14.79713,-68.196,2025-07-23,n,
9847,-14.63256,-68.45474,2025-07-24,n,
9848,-14.71484,-68.28849,2025-07-26,n,
9849,-15.09872,-68.34697,2025-08-14,n,
9850,-15.10002,-68.34663,2025-08-14,n,
9851,-14.97037,-68.33916,2025-08-14,n,
9852,-14.93521,-68.45576,2025-08-14,n,
9853,-14.65822,-68.30769,2025-08-16,n,
9854,-14.65629,-68.30749,2025-08-16,n,
9855,-15.00944,-68.17192,2025-08-19,n,
9856,-15.00791,-68.24524,2025-08-19,n,
9857,-15.00414,-68.24531,2025-08-19,n,
9858,-15.0058,-68.2438,2025-08-19,n,
9859,-14.79653,-68.27789,2025-08-19,n,
9860,-14.79716,-68.28261,2025-08-19,n,
9861,-14.79283,-68.27847,2025-08-19,n,
9862,-14.79862,-68.28078,2025-08-19,n,
9863,-14.7949,-68.2812,2025-08-19,n,
9864,-14.5315,-68.31702,2025-08-20,h,
9865,-14.53184,-68.31989,2025-08-20,n,
9866,-14.52616,-68.3152,2025-08-20,n,
9867,-14.52649,-68.31791,2025-08-20,n,
9868,-14.54946,-68.32687,2025-08-22,n,
9869,-14.91884,-68.36721,2025-08-23,n,
9870,-14.53156,-68.34397,2025-08-23,n,
9871,-14.98225,-68.26353,2025-08-28,n,
9872,-14.54031,-68.40451,2025-08-28,l,
9873,-14.31124,-68.54184,2025-08-28,n,
9874,-14.87394,-68.3433,2025-08-29,l,
9875,-14.51061,-68.56732,2025-08-29,n,
9876,-14.69267,-68.35818,2025-08-30,n,
9877,-14.69351,-68.35405,2025-08-30,n,
9878,-15.19766,-68.16541,2025-08-30,n,
9879,-15.19713,-68.16118,2025-08-30,n,
9880,-14.9887,-68.18095,2025-08-30,n,
9881,-14.98818,-68.17688,2025-08-30,n,
9882,-14.62234,-68.56451,2025-08-31,n,
9883,-14.62279,-68.56844,2025-08-31,h,
9884,-14.62459,-68.56593,2025-08-31,h,
9885,-14.76939,-68.39408,2025-08-31,n,
9886,-14.77504,-68.39338,2025-08-31,n,
9887,-14.77461,-68.38948,2025-08-31,n,
9888,-14.58934,-68.43549,2025-09-02,n,
9889,-14.96387,-68.39595,2025-09-02,n,
9890,-13.99912,-68.94366,2025-09-03,l,
9891,-14.65331,-68.3714,2025-09-04,n,
9892,-14.59696,-68.33417,2025-09-04,n,
9893,-14.59323,-68.33463,2025-09-04,n,
9894,-14.58893,-68.33089,2025-09-04,n,
9895,-14.32579,-68.54431,2025-09-04,n,
9896,-14.3252,-68.54702,2025-09-04,n,
9897,-14.73541,-68.29884,2025-09-08,n,
9898,-14.73868,-68.31888,2025-09-08,n,
9899,-14.64287,-68.29041,2025-09-09,n,
9900,-13.9887,-68.94149,2025-09-12,n,
9901,-13.98975,-68.94691,2025-09-12,n,
9902,-13.98739,-68.96125,2025-09-12,n,
9903,-13.99345,-68.94164,2025-09-12,n,
9904,-13.9888,-68.94427,2025-09-12,n,
9905,-13.98643,-68.95903,2025-09-12,n,
9906,-13.98727,-68.96352,2025-09-12,n,
9907,-15.20706,-67.69434,2025-09-13,n,
9908,-14.30941,-68.52964,2025-09-13,n,
9909,-14.59408,-68.37441,2025-09-13,n,
9910,-14.21721,-68.07682,2025-09-14,n,
9911,-14.79518,-68.58739,2025-09-14,n,
9912,-14.87212,-68.49017,2025-09-14,n,
9913,-14.88157,-68.48496,2025-09-14,n,
9914,-14.93364,-68.3772,2025-09-14,n,
9915,-14.62185,-68.64797,2025-09-15,n,
9916,-14.78499,-68.41149,2025-09-15,n,
9917,-14.78448,-68.40757,2025-09-15,n,
9918,-14.88919,-68.44965,2025-09-15,n,
9919,-14.95676,-68.40221,2025-09-15,n,
9920,-14.94895,-68.34064,2025-09-15,n,
9921,-15.04778,-68.27125,2025-09-15,n,
9922,-15.04728,-68.26723,2025-09-15,n,
9923,-14.2122,-68.56171,2025-09-16,n,
9924,-15.06196,-68.32233,2025-09-16,n,
9925,-14.71645,-68.37519,2025-09-17,n,
9926,-14.87791,-68.4078,2025-09-18,n,
9927,-14.87648,-68.40764,2025-09-18,n,
9928,-15.04595,-68.1504,2025-09-18,n,
9929,-15.04718,-68.14988,2025-09-18,n,
9930,-14.88689,-68.53368,2025-09-19,n,
9931,-14.91966,-68.46171,2025-09-19,n,
9932,-14.92799,-68.49342,2025-09-19,n,
9933,-14.78956,-68.606,2025-09-20,n,
9934,-14.7452,-68.56385,2025-09-20,n,
9935,-14.58885,-68.46068,2025-09-20,n,
9936,-14.58877,-68.46361,2025-09-20,n,
9937,-15.06474,-67.73323,2025-09-20,n,
9938,-15.06415,-67.72893,2025-09-20,n,
9939,-14.97001,-68.40199,2025-09-20,n,
9940,-14.89617,-68.54021,2025-09-20,n,
9941,-14.77188,-68.3641,2025-09-20,l,
9942,-14.73934,-68.50921,2025-09-21,n,
9943,-14.73603,-68.50888,2025-09-21,n,
9944,-14.83154,-68.5185,2025-09-21,n,
9945,-14.87035,-68.47799,2025-09-21,n,
9946,-14.87549,-68.47708,2025-09-21,n,
9947,-14.75233,-67.62263,2025-09-22,n,
9948,-14.93802,-68.44424,2025-09-22,n,
9949,-15.02932,-68.16328,2025-09-22,n,
9950,-15.00799,-68.45362,2025-09-22,n,
9951,-14.89261,-68.44868,2025-09-22,n,
9952,-14.57467,-68.84125,2025-09-22,n,
9953,-14.57494,-68.84975,2025-09-22,n,
9954,-14.56393,-68.88759,2025-09-22,n,
9955,-14.2646,-68.53415,2025-09-24,n,
9956,-14.264,-68.53037,2025-09-24,n,
9957,-14.64734,-68.54119,2025-09-24,n,
9958,-14.73865,-67.61732,2025-09-24,n,
9959,-14.92133,-68.3085,2025-09-24,n,
9960,-14.96712,-68.17253,2025-09-24,n,
9961,-14.99831,-68.17997,2025-09-24,n,
9962,-15.03365,-68.24269,2025-09-24,n,
9963,-15.04188,-67.72218,2025-09-24,n,
9964,-14.85603,-68.35432,2025-09-25,n,
9965,-14.85529,-68.35842,2025-09-25,n,
9966,-14.85104,-68.35784,2025-09-25,n,
9967,-14.25819,-68.53114,2025-09-25,n,
9968,-14.25733,-68.53587,2025-09-25,n,
9969,-14.25989,-68.53316,2025-09-25,n,
9970,-14.35223,-68.59652,2025-09-25,n,
9971,-14.35166,-68.5925,2025-09-25,n,
9972,-14.35515,-68.59193,2025-09-25,l,
9973,-14.3592,-68.59532,2025-09-25,n,
9974,-14.35863,-68.59125,2025-09-25,n,
9975,-14.68553,-67.59714,2025-09-26,n,
9976,-14.68605,-67.59453,2025-09-26,n,
9977,-14.82402,-68.27385,2025-09-26,n,
9978,-14.89691,-68.53795,2025-09-26,n,
9979,-14.99673,-68.19968,2025-09-26,n,
9980,-14.35547,-68.59052,2025-09-26,l,
9981,-14.87283,-68.52267,2025-09-27,h,
9982,-14.87721,-68.52416,2025-09-27,h,
9983,-14.16181,-68.84437,2025-09-27,n,
9984,-14.1625,-68.8513,2025-09-27,n,
9985,-14.16061,-68.84558,2025-09-27,n,
9986,-14.16132,-68.8522,2025-09-27,n,
9987,-14.5636,-68.49371,2025-09-28,n,
9988,-15.05923,-67.73531,2025-09-29,n,
9989,-15.05537,-67.73598,2025-09-29,n,
9990,-14.31034,-68.54061,2025-09-29,n,
9991,-14.85062,-68.26498,2025-10-05,n,
9992,-14.80347,-68.33216,2025-10-05,n,
9993,-14.39989,-68.55359,2025-10-05,n,
9994,-14.82836,-68.18916,2025-10-06,n,
9995,-14.24254,-68.57779,2025-10-06,l,
9996,-14.6326,-68.69379,2025-10-06,n,
9997,-14.64913,-68.64354,2025-10-06,n,
9998,-14.64808,-68.6461,2025-10-06,n,
9999,-14.83905,-68.5395,2025-10-06,n,
10000,-14.86819,-68.562,2025-10-06,n,
10001,-15.13097,-68.27908,2025-10-06,l,
10002,-14.56563,-68.34037,2025-10-10,n,
10003,-14.56909,-68.33979,2025-10-10,n,
10004,-14.61117,-68.44694,2025-10-10,n,
10005,-14.60992,-68.44651,2025-10-10,n,
10006,-14.86211,-67.40323,2025-10-10,n,
10007,-15.00936,-68.16515,2025-10-10,n,
10008,-15.05266,-68.1461,2025-10-10,n,
10009,-14.46199,-68.48206,2025-10-10,n,
10010,-14.82064,-68.31172,2025-10-11,l,
10011,-14.82005,-68.30763,2025-10-11,n,
10012,-14.79587,-67.60892,2025-10-11,l,
10013,-14.96227,-68.33691,2025-10-11,l,
10014,-15.05713,-68.14066,2025-10-11,n,
10015,-15.0606,-68.14017,2025-10-11,n,
10016,-14.6071,-68.45676,2025-10-11,n,
10017,-14.57106,-68.71089,2025-10-11,n,
10018,-14.53249,-68.69174,2025-10-11,l,
10019,-14.48961,-68.5165,2025-10-11,l,
10020,-14.40154,-68.55807,2025-10-11,l,
10021,-14.32274,-68.53236,2025-10-11,n,
10022,-14.24367,-68.56077,2025-10-11,n,
10023,-15.08684,-67.70063,2025-10-12,n,
10024,-15.0889,-67.70309,2025-10-12,n,
10025,-15.05549,-67.72612,2025-10-12,n,
10026,-14.70853,-67.59931,2025-10-12,n,
10027,-14.61566,-68.46413,2025-10-12,n,
10028,-14.31574,-68.48369,2025-10-12,n,
10029,-14.06892,-68.84018,2025-10-12,n,
10030,-14.0681,-68.84185,2025-10-12,n,
10031,-14.5321,-68.69681,2025-10-13,n,
10032,-14.75074,-68.34011,2025-10-13,n,
10033,-14.83154,-68.55501,2025-10-13,n,
10034,-14.7543,-68.34392,2025-10-13,n,
10035,-14.82871,-68.55463,2025-10-13,n,
10036,-14.56938,-68.70918,2025-10-15,n,
10037,-14.57009,-68.71346,2025-10-15,n,
10038,-14.52057,-68.48518,2025-10-15,n,
10039,-14.40502,-68.55727,2025-10-15,n,
10040,-14.40054,-68.55321,2025-10-15,n,
10041,-14.32793,-68.54835,2025-10-16,n,
10042,-14.75778,-68.34946,2025-10-17,n,
10043,-15.10934,-68.34187,2025-10-17,n,
10044,-14.46783,-68.53487,2025-10-17,n,
10045,-14.49466,-68.51097,2025-10-17,n,
10046,-14.49409,-68.50658,2025-10-17,n,
10047,-14.53379,-68.54601,2025-10-17,n,
10048,-14.53922,-68.48784,2025-10-17,n,
10049,-14.56122,-68.49271,2025-10-17,n,
10050,-14.57331,-68.48701,2025-10-17,n,
10051,-14.57236,-68.47971,2025-10-17,n,
10052,-14.63484,-68.52823,2025-10-17,n,
10053,-14.30501,-68.52045,2025-10-18,n,
10054,-14.51698,-68.51465,2025-10-18,l,
10055,-14.51663,-68.51141,2025-10-18,n,
10056,-14.83865,-68.26057,2025-10-21,n,
10057,-14.84197,-68.25999,2025-10-21,n,
10058,-14.75141,-67.42432,2025-10-21,n,
10059,-14.7548,-67.42376,2025-10-21,n,
10060,-14.88408,-68.19644,2025-10-22,l,
10061,-14.20904,-68.64482,2025-10-22,l,
10062,-14.84841,-68.27244,2025-10-22,n,
10063,-15.0871,-68.3294,2025-10-22,l,
10064,-15.12441,-68.31995,2025-10-22,l,
10065,-15.14791,-68.32243,2025-10-22,n,
10066,-15.14515,-68.21747,2025-10-23,h,
10067,-15.1398,-68.21622,2025-10-23,l,
10068,-15.12848,-68.34345,2025-10-23,h,
10069,-15.12883,-68.3465,2025-10-23,n,
10070,-15.09696,-68.34307,2025-10-23,h,
10071,-15.03369,-68.22207,2025-10-23,n,
10072,-15.01406,-68.45969,2025-10-23,n,
10073,-15.01451,-68.4636,2025-10-23,n,
10074,-14.93764,-68.44496,2025-10-23,n,
10075,-14.43106,-68.54209,2025-10-24,n,
10076,-14.43085,-68.54281,2025-10-24,n,
10077,-14.42986,-68.53819,2025-10-24,n,
10078,-14.6557,-68.58417,2025-10-24,n,
10079,-14.65636,-68.58518,2025-10-24,n,
10080,-14.80248,-68.3122,2025-10-24,n,
10081,-14.92869,-68.49068,2025-10-24,n,
10082,-15.01385,-68.17489,2025-10-24,n,
10083,-14.70283,-68.3792,2025-10-25,n,
10084,-14.6105,-68.44234,2025-10-25,n,
10085,-14.61135,-68.4469,2025-10-25,n,
10086,-14.59619,-68.44104,2025-10-25,n,
10087,-14.59249,-68.4463,2025-10-25,n,
10088,-14.58722,-68.44319,2025-10-25,n,
10089,-14.58802,-68.44749,2025-10-25,n,
10090,-14.57595,-68.48294,2025-10-25,n,
10091,-14.57478,-68.48167,2025-10-25,n,
10092,-14.48601,-68.50774,2025-10-25,n,
10093,-14.43062,-68.5434,2025-10-25,n,
10094,-14.42605,-68.54392,2025-10-25,n,
10095,-14.30324,-68.51739,2025-10-25,n,
10096,-14.28764,-68.53442,2025-10-25,n,
10097,-14.37467,-68.51413,2025-11-02,n,
10098,-14.97144,-68.43269,2025-11-05,n,
10099,-14.60008,-68.46531,2025-11-05,n,
10100,-14.60188,-68.46675,2025-11-05,n,
10101,-14.57349,-68.47389,2025-11-05,n,
10102,-14.57415,-68.47765,2025-11-05,n,
10103,-14.55151,-68.49334,2025-11-05,l,
10104,-14.52115,-68.4893,2025-11-05,n,
10105,-14.52175,-68.49269,2025-11-05,l,
10106,-14.51569,-68.48253,2025-11-05,n,
10107,-14.57438,-68.81026,2025-11-05,n,
10108,-14.51284,-68.49024,2025-11-05,n,
10109,-14.49004,-68.4813,2025-11-05,n,
10110,-14.4914,-68.48094,2025-11-05,n,
10111,-14.48775,-68.50849,2025-11-05,n,
10112,-14.48369,-68.5095,2025-11-05,n,
10113,-14.42524,-68.538,2025-11-05,n,
10114,-14.41354,-68.54359,2025-11-05,n,
10115,-14.39548,-68.46684,2025-11-05,n,
10116,-14.4075,-68.58042,2025-11-05,n,
10117,-14.4035,-68.58159,2025-11-05,n,
10118,-14.40464,-68.58175,2025-11-05,n,
10119,-14.37488,-68.53225,2025-11-05,n,
10120,-14.33441,-68.54295,2025-11-05,n,
10121,-14.33029,-68.54361,2025-11-05,n,
10122,-14.23996,-68.5522,2025-11-05,n,
10123,-14.36848,-68.56486,2025-11-06,n,
10124,-14.50805,-68.49162,2025-11-06,n,
10125,-14.51159,-68.4923,2025-11-06,n,
10126,-14.73712,-68.49198,2025-11-06,n,
10127,-14.6865,-68.36416,2025-11-06,n,
10128,-14.68264,-68.36125,2025-11-06,n,
10129,-14.634,-68.54965,2025-11-06,n,
10130,-14.65827,-68.72855,2025-11-06,n,
10131,-14.55474,-68.49639,2025-11-06,n,
10132,-14.51429,-68.4775,2025-11-06,n,
10133,-14.50706,-68.49686,2025-11-06,n,
10134,-14.40268,-68.45876,2025-11-06,n,
10135,-14.39159,-68.47526,2025-11-06,n,
10136,-14.38826,-68.47576,2025-11-06,n,
10137,-14.38881,-68.47935,2025-11-06,l,
10138,-14.37552,-68.50356,2025-11-06,n,
10139,-14.37219,-68.5041,2025-11-06,n,
10140,-14.31641,-68.53578,2025-11-06,n,
10141,-14.30307,-68.51586,2025-11-06,n,
10142,-14.29974,-68.51643,2025-11-06,n,
10143,-14.26674,-68.53297,2025-11-07,l,
10144,-14.17283,-68.69568,2025-11-07,n,
10145,-14.75312,-67.42311,2025-11-11,n,
10146,-14.40539,-68.45219,2025-11-13,n,
10147,-15.10578,-68.22721,2025-11-16,n,
10148,-14.54018,-68.34956,2025-11-16,n,
10149,-15.20941,-68.1535,2025-11-20,n,
10150,-15.0949,-68.22049,2025-11-20,n,
10151,-15.1183,-68.33601,2025-11-20,n,
10152,-14.48218,-68.48986,2025-11-20,h,
10153,-14.21706,-68.55299,2025-11-20,l,
10154,-15.05511,-67.72984,2025-11-21,n,
10155,-15.05081,-67.73064,2025-11-21,n,
10156,-15.04869,-68.27071,2025-11-21,n,
10157,-15.04944,-68.27489,2025-11-21,n,
10158,-14.99671,-68.29127,2025-11-21,n,
10159,-14.99925,-68.2912,2025-11-21,n,
10160,-14.91871,-68.27244,2025-11-21,n,
10161,-14.87672,-68.45371,2025-11-21,n,
10162,-14.80861,-68.46761,2025-11-21,n,
10163,-14.74752,-68.36299,2025-11-21,n,
10164,-14.59338,-68.50919,2025-11-29,n,
10165,-14.7218,-68.23619,2025-12-12,n,
10166,-14.72448,-68.25014,2025-12-12,n,
10167,-14.72396,-68.23515,2025-12-12,n,
10168,-14.72652,-68.24908,2025-12-12,n,
10169,-14.70322,-68.38195,2025-12-12,n,
10170,-14.56961,-68.47191,2025-12-13,n,
10171,-14.38482,-68.54466,2025-12-14,l,
10172,-14.58239,-68.74831,2025-12-14,l,
10173,-15.06766,-67.72042,2025-12-15,n,
10174,-14.70936,-68.46989,2025-12-16,n,
10175,-14.71009,-68.47376,2025-12-16,n,
10176,-14.71049,-68.47044,2025-12-16,n,
10177,-14.70899,-68.47318,2025-12-16,n,
10178,-14.78429,-68.20361,2025-12-17,n,
10179,-14.78524,-68.20246,2025-12-17,n,
10180,-14.75116,-68.48374,2025-12-18,n,
10181,-15.07605,-68.11139,2025-12-18,n,
10182,-14.69206,-67.58912,2025-12-19,n,
10183,-14.69123,-68.45896,2025-12-23,n,
10184,-14.8718,-68.38911,2019-01-09,n,
10185,-14.87583,-68.3857,2019-01-09,n,
10186,-14.59026,-68.51794,2019-01-17,n,
10187,-14.49495,-68.49854,2019-01-17,n,
10188,-14.89669,-68.43898,2019-01-26,n,
10189,-14.8137,-68.45625,2019-01-27,l,
10190,-14.81434,-68.46088,2019-01-27,l,
10191,-14.97386,-68.23367,2019-02-23,n,
10192,-14.87982,-68.43155,2019-02-23,n,
10193,-14.88031,-68.43543,2019-02-23,n,
10194,-14.72094,-68.36285,2019-03-14,n,
10195,-14.71679,-68.36364,2019-03-14,n,
10196,-14.54325,-68.43654,2019-03-14,n,
10197,-14.88862,-68.38557,2019-03-29,n,
10198,-14.99555,-68.24867,2019-04-08,l,
10199,-14.99596,-68.25273,2019-04-08,n,
10200,-14.98965,-68.25335,2019-04-08,n,
10201,-14.99227,-68.2513,2019-04-08,n,
10202,-14.99272,-68.25547,2019-04-08,n,
10203,-15.00679,-68.24541,2019-04-09,n,
10204,-15.00624,-68.2494,2019-04-09,n,
10205,-15.0051,-68.24844,2019-04-09,n,
10206,-15.00565,-68.24422,2019-04-09,n,
10207,-14.68186,-68.26442,2019-04-09,n,
10208,-14.68242,-68.26733,2019-04-09,l,
10209,-15.01055,-68.31841,2019-04-10,n,
10210,-14.64007,-68.32325,2019-04-10,n,
10211,-14.45714,-68.68405,2019-04-10,n,
10212,-15.01866,-68.17317,2019-04-12,n,
10213,-14.97203,-68.23619,2019-04-12,n,
10214,-14.57647,-68.39439,2019-04-12,n,
10215,-14.69153,-68.35244,2019-04-20,n,
10216,-14.64333,-68.49766,2019-04-20,n,
10217,-14.3034,-68.54729,2019-05-07,n,
10218,-14.83629,-68.37879,2019-05-18,n,
10219,-14.83573,-68.37516,2019-05-18,n,
10220,-13.97192,-68.97159,2019-05-18,n,
10221,-14.66902,-68.62875,2019-05-18,n,
10222,-14.66957,-68.6323,2019-05-18,n,
10223,-14.67392,-68.29127,2019-06-05,l,
10224,-14.54526,-68.49906,2019-06-07,n,
10225,-14.63216,-68.36959,2019-06-08,n,
10226,-14.63494,-68.3737,2019-06-08,n,
10227,-14.63552,-68.37009,2019-06-08,n,
10228,-14.90487,-68.47896,2019-06-11,n,
10229,-14.99999,-68.1805,2019-06-11,n,
10230,-14.9919,-68.17638,2019-06-11,n,
10231,-14.99312,-68.18189,2019-06-11,l,
10232,-14.99445,-68.1848,2019-06-11,n,
10233,-14.99332,-68.17955,2019-06-11,l,
10234,-14.56852,-68.37207,2019-06-12,h,
10235,-14.56796,-68.36926,2019-06-12,n,
10236,-14.56353,-68.37379,2019-06-12,h,
10237,-14.56409,-68.3766,2019-06-12,n,
10238,-14.56685,-68.37302,2019-06-12,h,
10239,-14.56631,-68.37019,2019-06-12,n,
10240,-14.56185,-68.37473,2019-06-12,n,
10241,-14.56239,-68.37754,2019-06-12,n,
10242,-14.92159,-68.42504,2019-06-13,n,
10243,-14.93555,-68.36886,2019-06-22,n,
10244,-14.93574,-68.36977,2019-06-22,n,
10245,-14.88342,-68.19324,2019-06-23,n,
10246,-14.74808,-68.47343,2019-06-23,n,
10247,-14.9316,-68.46076,2019-06-24,n,
10248,-14.89905,-68.45858,2019-06-24,l,
10249,-14.84761,-68.51578,2019-06-24,n,
10250,-14.84631,-68.51584,2019-06-24,n,
10251,-14.83998,-68.52093,2019-06-24,n,
10252,-14.8365,-68.52151,2019-06-24,n,
10253,-14.65438,-68.71325,2019-06-24,l,
10254,-14.55534,-68.3876,2019-06-24,n,
10255,-14.82262,-68.41302,2019-06-25,n,
10256,-14.53701,-68.50052,2019-06-25,n,
10257,-14.96216,-68.28725,2019-06-29,n,
10258,-14.95834,-68.28773,2019-06-29,n,
10259,-14.90679,-68.35051,2019-06-29,n,
10260,-14.55099,-68.43952,2019-06-29,n,
10261,-14.54728,-68.44057,2019-06-29,n,
10262,-14.93473,-68.39508,2019-06-30,n,
10263,-14.872,-68.27213,2019-06-30,n,
10264,-15.20163,-68.1715,2019-07-01,n,
10265,-15.19752,-68.1721,2019-07-01,n,
10266,-14.80987,-68.52143,2019-07-01,n,
10267,-14.90158,-68.33952,2019-07-02,n,
10268,-14.9563,-68.36964,2019-07-08,n,
10269,-14.95182,-68.36866,2019-07-08,n,
10270,-14.95291,-68.37392,2019-07-08,n,
10271,-14.8589,-68.44341,2019-07-09,n,
10272,-14.82611,-68.44563,2019-07-09,n,
10273,-14.94296,-68.3832,2019-07-10,n,
10274,-14.93614,-68.42895,2019-07-10,n,
10275,-14.92617,-68.39024,2019-07-10,n,
10276,-14.9288,-68.38951,2019-07-10,n,
10277,-14.93513,-68.42886,2019-07-10,n,
10278,-14.92531,-68.39008,2019-07-10,n,
10279,-14.86381,-68.27695,2019-07-10,n,
10280,-14.6939,-68.31956,2019-07-10,n,
10281,-14.69455,-68.32362,2019-07-10,n,
10282,-14.69038,-68.32012,2019-07-10,l,
10283,-14.69104,-68.32417,2019-07-10,n,
10284,-14.52892,-68.43427,2019-07-10,n,
10285,-14.52611,-68.43901,2019-07-10,n,
10286,-14.52263,-68.43973,2019-07-10,n,
10287,-14.51848,-68.43633,2019-07-10,n,
10288,-14.90985,-68.36234,2019-07-11,l,
10289,-14.8546,-68.50405,2019-07-11,n,
10290,-14.67216,-68.33128,2019-07-11,l,
10291,-14.70964,-68.54354,2019-07-12,n,
10292,-14.91468,-68.37916,2019-07-20,n,
10293,-14.91374,-68.37988,2019-07-20,n,
10294,-14.75567,-68.39011,2019-07-20,n,
10295,-14.7077,-68.31435,2019-07-20,n,
10296,-14.80044,-68.34294,2019-07-21,n,
10297,-14.65229,-68.51113,2019-07-29,n,
10298,-14.60271,-68.65591,2019-07-29,n,
10299,-14.60727,-68.65726,2019-07-29,n,
10300,-14.9681,-68.31628,2019-07-29,n,
10301,-14.96781,-68.31832,2019-07-29,n,
10302,-14.50157,-69.09404,2019-07-30,n,
10303,-14.50244,-69.08785,2019-07-30,n,
10304,-14.51866,-69.09292,2019-07-30,n,
10305,-14.79056,-68.55878,2019-07-30,n,
10306,-14.72472,-68.30259,2019-07-30,h,
10307,-14.56428,-68.85144,2019-07-30,n,
10308,-15.06499,-68.25136,2019-07-31,n,
10309,-14.92107,-68.40873,2019-07-31,n,
10310,-14.96489,-68.27816,2019-08-01,n,
10311,-14.96209,-68.28232,2019-08-01,n,
10312,-14.9474,-68.3215,2019-08-01,n,
10313,-14.94386,-68.44775,2019-08-01,n,
10314,-14.82195,-68.47077,2019-08-01,n,
10315,-14.83378,-68.55054,2019-08-01,n,
10316,-14.7141,-68.33297,2019-08-01,n,
10317,-14.73662,-68.50686,2019-08-01,n,
10318,-14.73274,-68.50375,2019-08-01,l,
10319,-14.65154,-68.48681,2019-08-01,n,
10320,-14.64819,-68.48733,2019-08-01,n,
10321,-14.65883,-68.55936,2019-08-01,n,
10322,-14.65685,-68.56017,2019-08-01,n,
10323,-14.65324,-68.60502,2019-08-01,n,
10324,-14.64991,-68.60561,2019-08-01,n,
10325,-14.64324,-68.60679,2019-08-01,n,
10326,-15.09527,-68.32195,2019-08-05,n,
10327,-14.99459,-68.28708,2019-08-05,n,
10328,-14.95486,-68.31133,2019-08-05,n,
10329,-14.57915,-68.30978,2019-08-06,n,
10330,-14.77961,-68.25665,2019-08-06,n,
10331,-15.12705,-68.35239,2019-08-06,n,
10332,-15.12369,-68.35287,2019-08-06,n,
10333,-14.99348,-68.16997,2019-08-06,n,
10334,-14.99014,-68.17058,2019-08-06,n,
10335,-14.88854,-68.18916,2019-08-06,n,
10336,-14.80224,-68.39603,2019-08-06,n,
10337,-14.77466,-68.26372,2019-08-06,n,
10338,-14.63029,-68.30682,2019-08-06,n,
10339,-14.63085,-68.31043,2019-08-06,n,
10340,-14.62415,-68.31152,2019-08-06,n,
10341,-14.63041,-68.37369,2019-08-06,n,
10342,-14.5795,-68.31159,2019-08-06,n,
10343,-14.4437,-68.69673,2019-08-06,n,
10344,-14.71921,-68.46334,2019-08-07,n,
10345,-14.72376,-68.46513,2019-08-07,n,
10346,-15.13396,-68.33788,2019-08-07,n,
10347,-15.05659,-68.13976,2019-08-07,n,
10348,-14.92427,-68.40559,2019-08-07,n,
10349,-14.83714,-68.2464,2019-08-07,n,
10350,-14.75491,-68.29028,2019-08-07,n,
10351,-14.6323,-68.29336,2019-08-07,n,
10352,-14.62235,-68.30411,2019-08-07,l,
10353,-14.62361,-68.31332,2019-08-07,n,
10354,-14.61862,-68.3047,2019-08-07,n,
10355,-14.54282,-68.56499,2019-08-07,n,
10356,-14.95216,-68.34029,2019-08-08,n,
10357,-14.95113,-68.33775,2019-08-08,n,
10358,-14.94329,-68.33965,2019-08-08,n,
10359,-14.94364,-68.34271,2019-08-08,n,
10360,-14.93806,-68.33929,2019-08-08,n,
10361,-14.93841,-68.34238,2019-08-08,n,
10362,-14.93878,-68.34558,2019-08-08,n,
10363,-14.91458,-68.31529,2019-08-08,l,
10364,-14.90884,-68.31046,2019-08-08,n,
10365,-14.91231,-68.31424,2019-08-08,l,
10366,-14.90656,-68.30947,2019-08-08,n,
10367,-14.9069,-68.31236,2019-08-08,n,
10368,-14.87159,-68.45454,2019-08-08,n,
10369,-14.81338,-68.35582,2019-08-08,n,
10370,-14.7229,-67.61125,2019-08-08,n,
10371,-14.72485,-67.61189,2019-08-08,n,
10372,-14.7855,-68.36251,2019-08-08,n,
10373,-14.78587,-68.3656,2019-08-08,n,
10374,-14.71711,-68.30923,2019-08-08,n,
10375,-14.66352,-68.53651,2019-08-08,n,
10376,-14.66388,-68.53957,2019-08-08,n,
10377,-14.55942,-68.88274,2019-08-08,n,
10378,-14.95783,-68.33398,2019-08-09,n,
10379,-14.95749,-68.33673,2019-08-09,n,
10380,-14.84661,-68.55434,2019-08-09,n,
10381,-14.84716,-68.55988,2019-08-09,n,
10382,-14.59494,-68.47363,2019-08-09,n,
10383,-13.95902,-68.94918,2019-08-09,n,
10384,-15.12691,-68.35021,2019-08-09,n,
10385,-14.66717,-68.72845,2019-08-10,n,
10386,-14.59537,-68.47195,2019-08-10,n,
10387,-14.59694,-68.47596,2019-08-10,n,
10388,-14.73068,-68.44312,2019-08-11,n,
10389,-14.73136,-68.44724,2019-08-11,n,
10390,-14.73273,-68.49911,2019-08-11,n,
10391,-14.73203,-68.49937,2019-08-11,n,
10392,-14.58783,-68.67569,2019-08-11,l,
10393,-14.61017,-68.45186,2019-08-12,n,
10394,-14.60668,-68.45232,2019-08-12,n,
10395,-14.46619,-68.52189,2019-08-12,n,
10396,-14.25054,-68.0526,2019-08-12,n,
10397,-14.96441,-68.27721,2019-08-15,l,
10398,-14.85871,-68.26254,2019-08-15,n,
10399,-14.80869,-68.3615,2019-08-15,n,
10400,-14.7486,-68.29946,2019-08-15,n,
10401,-14.74754,-68.30051,2019-08-15,n,
10402,-14.65167,-68.50305,2019-08-15,n,
10403,-14.64701,-68.50619,2019-08-15,n,
10404,-14.64803,-68.5006,2019-08-16,n,
10405,-15.00303,-68.27672,2019-08-16,n,
10406,-14.95666,-68.32423,2019-08-16,n,
10407,-14.88818,-68.19083,2019-08-16,n,
10408,-14.88438,-68.19151,2019-08-16,n,
10409,-14.85966,-68.23024,2019-08-16,l,
10410,-14.69866,-68.46482,2019-08-16,n,
10411,-14.57377,-68.36847,2019-08-16,n,
10412,-14.53029,-68.34248,2019-08-16,n,
10413,-14.54421,-68.49102,2019-08-16,l,
10414,-14.62654,-68.55141,2019-08-17,n,
10415,-14.63036,-68.55246,2019-08-17,n,
10416,-14.69406,-68.46809,2019-08-17,n,
10417,-14.69704,-68.4737,2019-08-17,n,
10418,-14.70547,-68.47097,2019-08-17,n,
10419,-14.70454,-68.47626,2019-08-17,n,
10420,-14.70925,-68.47213,2019-08-17,n,
10421,-15.13688,-68.32424,2019-08-17,n,
10422,-15.13193,-68.31396,2019-08-17,n,
10423,-15.08744,-68.32854,2019-08-17,n,
10424,-15.08798,-68.33215,2019-08-17,n,
10425,-14.98455,-68.29272,2019-08-17,n,
10426,-14.9851,-68.29636,2019-08-17,n,
10427,-14.97787,-68.29373,2019-08-17,n,
10428,-14.97398,-68.2906,2019-08-17,n,
10429,-14.95773,-68.31905,2019-08-17,n,
10430,-14.92887,-68.30875,2019-08-17,n,
10431,-14.92552,-68.30925,2019-08-17,n,
10432,-14.62328,-68.54967,2019-08-17,l,
10433,-14.7717,-68.47466,2019-08-17,n,
10434,-14.70989,-68.47299,2019-08-17,n,
10435,-14.71043,-68.47665,2019-08-17,l,
10436,-14.69717,-68.47149,2019-08-17,n,
10437,-14.68944,-68.46542,2019-08-17,n,
10438,-14.68996,-68.46898,2019-08-17,n,
10439,-14.61813,-68.19384,2019-08-17,l,
10440,-14.57323,-68.47759,2019-08-17,n,
10441,-14.57376,-68.48119,2019-08-17,n,
10442,-14.54042,-68.34952,2019-08-17,n,
10443,-14.53655,-68.34646,2019-08-17,n,
10444,-14.53709,-68.35003,2019-08-17,n,
10445,-14.53375,-68.35056,2019-08-17,n,
10446,-14.53429,-68.35413,2019-08-17,n,
10447,-14.57174,-68.88533,2019-08-17,n,
10448,-14.56451,-68.88299,2019-08-17,n,
10449,-14.56505,-68.88663,2019-08-17,n,
10450,-14.5617,-68.88731,2019-08-17,n,
10451,-14.1022,-68.87414,2019-08-17,n,
10452,-14.96426,-68.32287,2019-08-18,n,
10453,-14.96674,-68.32179,2019-08-18,n,
10454,-14.92518,-68.42393,2019-08-18,n,
10455,-14.92567,-68.4277,2019-08-18,n,
10456,-14.74049,-67.61642,2019-08-18,n,
10457,-14.79485,-68.24649,2019-08-18,h,
10458,-14.79442,-68.24313,2019-08-18,n,
10459,-14.72518,-68.30732,2019-08-18,n,
10460,-14.72566,-68.31093,2019-08-18,l,
10461,-14.12875,-68.85892,2019-08-18,n,
10462,-14.70379,-68.30444,2019-08-19,n,
10463,-14.85448,-68.48466,2019-08-19,n,
10464,-15.1314,-68.21223,2019-08-21,n,
10465,-14.78147,-68.31344,2019-08-21,n,
10466,-14.63461,-68.61153,2019-08-21,n,
10467,-14.46788,-68.51985,2019-08-21,n,
10468,-14.36945,-68.52862,2019-08-21,n,
10469,-14.69671,-68.34759,2019-08-22,n,
10470,-14.62026,-68.18787,2019-08-22,n,
10471,-14.61471,-68.1964,2019-08-22,n,
10472,-14.65054,-68.44743,2019-08-22,n,
10473,-14.6568,-68.53161,2019-08-22,l,
10474,-14.65346,-68.53214,2019-08-22,n,
10475,-14.63612,-68.60935,2019-08-22,n,
10476,-15.0309,-68.15872,2019-08-23,n,
10477,-15.02491,-68.3139,2019-08-23,n,
10478,-15.02538,-68.31709,2019-08-23,n,
10479,-14.77508,-68.22897,2019-08-23,n,
10480,-14.76003,-68.23006,2019-08-23,n,
10481,-14.79629,-68.49541,2019-08-23,n,
10482,-14.79254,-68.49619,2019-08-23,n,
10483,-14.76173,-68.4678,2019-08-23,n,
10484,-14.61904,-68.18247,2019-08-23,n,
10485,-14.57226,-68.48795,2019-08-23,n,
10486,-14.50724,-68.63202,2019-08-23,n,
10487,-15.04686,-68.31875,2019-08-24,n,
10488,-14.94001,-68.36031,2019-08-24,n,
10489,-14.92973,-68.36147,2019-08-24,n,
10490,-14.94333,-68.35856,2019-08-24,n,
10491,-14.92827,-68.36332,2019-08-24,n,
10492,-14.92137,-68.3491,2019-08-24,n,
10493,-14.92521,-68.38132,2019-08-24,n,
10494,-14.92012,-68.38242,2019-08-24,n,
10495,-14.78095,-68.32658,2019-08-24,n,
10496,-14.72129,-68.45383,2019-08-24,n,
10497,-14.63377,-68.65865,2019-08-24,n,
10498,-14.62841,-68.65803,2019-08-24,n,
10499,-14.64715,-68.34797,2019-08-25,n,
10500,-14.79981,-68.21812,2019-08-26,n,
10501,-14.7945,-68.21547,2019-08-26,n,
10502,-14.83396,-68.57402,2019-08-26,n,
10503,-14.83377,-68.5764,2019-08-26,n,
10504,-14.77898,-68.50873,2019-08-26,n,
10505,-14.97087,-68.2718,2019-08-27,n,
10506,-15.1117,-68.34152,2019-08-28,l,
10507,-15.08462,-68.22543,2019-08-28,n,
10508,-15.08115,-68.226,2019-08-28,n,
10509,-14.93275,-68.39833,2019-08-28,n,
10510,-14.93718,-68.45451,2019-08-28,n,
10511,-14.93368,-68.45506,2019-08-28,n,
10512,-14.93019,-68.45562,2019-08-28,n,
10513,-14.81901,-68.33025,2019-08-28,n,
10514,-14.81957,-68.33416,2019-08-28,l,
10515,-14.81552,-68.3307,2019-08-28,n,
10516,-14.69308,-68.27991,2019-08-28,n,
10517,-14.56969,-68.46873,2019-08-28,n,
10518,-14.48187,-68.56089,2019-08-28,n,
10519,-15.09286,-68.29564,2019-08-29,n,
10520,-15.00195,-68.31687,2019-08-29,n,
10521,-15.00331,-68.31985,2019-08-29,n,
10522,-14.89081,-68.50265,2019-08-29,n,
10523,-14.87973,-68.48947,2019-08-29,n,
10524,-14.63204,-68.55797,2019-08-29,n,
10525,-14.90069,-68.50792,2019-08-30,n,
10526,-14.50137,-68.51882,2019-08-30,h,
10527,-15.04212,-68.28334,2019-08-30,h,
10528,-15.03543,-68.28531,2019-08-30,h,
10529,-14.98838,-68.20216,2019-08-30,n,
10530,-14.98771,-68.19688,2019-08-30,n,
10531,-14.69994,-68.32838,2019-08-31,n,
10532,-15.13081,-68.3442,2019-08-31,h,
10533,-14.88954,-68.29927,2019-08-31,h,
10534,-14.90495,-68.4317,2019-08-31,n,
10535,-14.83822,-68.50915,2019-08-31,h,
10536,-14.70571,-68.33071,2019-08-31,n,
10537,-14.70058,-68.33166,2019-08-31,n,
10538,-14.69052,-68.30732,2019-08-31,n,
10539,-14.66507,-68.73271,2019-08-31,n,
10540,-14.66608,-68.73792,2019-08-31,n,
10541,-14.53127,-68.60029,2019-08-31,n,
10542,-14.50844,-68.50947,2019-08-31,n,
10543,-14.51882,-68.61711,2019-08-31,h,
10544,-14.51827,-68.6143,2019-08-31,n,
10545,-14.51311,-68.61469,2019-08-31,n,
10546,-14.4864,-68.55858,2019-08-31,n,
10547,-14.47211,-68.56617,2019-08-31,n,
10548,-14.47475,-68.56548,2019-08-31,n,
10549,-14.69136,-68.30476,2019-09-01,n,
10550,-14.69801,-68.30585,2019-09-01,n,
10551,-14.70133,-68.32841,2019-09-01,n,
10552,-14.84055,-68.25166,2019-09-01,n,
10553,-14.77223,-68.25581,2019-09-01,n,
10554,-14.80718,-68.48517,2019-09-01,n,
10555,-14.70312,-68.30811,2019-09-01,l,
10556,-14.69936,-68.30895,2019-09-01,n,
10557,-14.74104,-68.54904,2019-09-01,n,
10558,-14.69978,-68.30721,2019-09-01,l,
10559,-14.7408,-68.55232,2019-09-01,n,
10560,-14.69059,-68.29893,2019-09-01,n,
10561,-14.68677,-68.29944,2019-09-01,n,
10562,-14.68762,-68.3045,2019-09-01,n,
10563,-14.64896,-68.62227,2019-09-01,n,
10564,-14.64816,-68.62132,2019-09-01,n,
10565,-14.45659,-68.53904,2019-09-01,n,
10566,-14.69028,-68.29244,2019-09-02,n,
10567,-14.97217,-68.43614,2019-09-02,n,
10568,-14.74363,-68.30649,2019-09-02,n,
10569,-14.70096,-68.29487,2019-09-02,n,
10570,-14.55892,-68.3399,2019-09-02,n,
10571,-14.57362,-68.48557,2019-09-02,n,
10572,-14.57197,-68.48919,2019-09-02,n,
10573,-14.57803,-68.87752,2019-09-02,n,
10574,-14.45437,-68.5381,2019-09-02,n,
10575,-14.60618,-68.32335,2019-09-06,n,
10576,-14.60693,-68.32756,2019-09-06,n,
10577,-14.55753,-68.89303,2019-09-06,n,
10578,-14.55697,-68.89039,2019-09-06,n,
10579,-14.80364,-68.30322,2019-09-07,n,
10580,-14.8042,-68.30679,2019-09-07,n,
10581,-14.78526,-68.27335,2019-09-07,n,
10582,-14.5892,-68.67964,2019-09-07,n,
10583,-14.50184,-68.51314,2019-09-07,n,
10584,-14.47296,-68.51764,2019-09-07,n,
10585,-14.78978,-68.26535,2019-09-08,n,
10586,-14.79067,-68.26077,2019-09-08,n,
10587,-14.55529,-68.60963,2019-09-08,n,
10588,-14.55999,-68.61102,2019-09-08,n,
10589,-14.78773,-68.26323,2019-09-08,n,
10590,-14.73541,-67.62175,2019-09-09,n,
10591,-14.71661,-68.29786,2019-09-10,n,
10592,-14.62359,-68.68204,2019-09-12,n,
10593,-14.57004,-68.48576,2019-09-13,n,
10594,-14.56656,-68.48636,2019-09-13,n,
10595,-15.10723,-68.23828,2019-09-14,n,
10596,-15.10256,-68.23826,2019-09-14,n,
10597,-14.57741,-68.49059,2019-09-14,n,
10598,-14.57279,-68.49133,2019-09-14,n,
10599,-14.48908,-68.51635,2019-09-14,n,
10600,-14.45789,-68.53095,2019-09-14,n,
10601,-14.45323,-68.53145,2019-09-14,n,
10602,-14.45384,-68.53642,2019-09-14,n,
10603,-14.88982,-68.43382,2019-09-15,l,
10604,-14.77398,-68.45672,2019-09-15,n,
10605,-14.89357,-68.43612,2019-09-15,n,
10606,-14.77861,-68.45879,2019-09-15,n,
10607,-14.77181,-68.45506,2019-09-15,n,
10608,-14.77235,-68.46014,2019-09-15,l,
10609,-14.825,-68.27047,2019-09-15,n,
10610,-14.57367,-68.48717,2019-09-15,n,
10611,-14.57149,-68.4863,2019-09-15,n,
10612,-14.62315,-68.68269,2019-09-15,n,
10613,-14.6242,-68.68752,2019-09-15,n,
10614,-14.61591,-68.68156,2019-09-15,n,
10615,-14.61698,-68.68651,2019-09-15,n,
10616,-14.59323,-68.67398,2019-09-15,n,
10617,-14.59409,-68.67789,2019-09-15,n,
10618,-14.55784,-68.60873,2019-09-15,n,
10619,-14.55903,-68.61412,2019-09-15,n,
10620,-14.59181,-68.67657,2019-09-15,n,
10621,-14.55704,-68.6121,2019-09-15,n,
10622,-14.61595,-68.68719,2019-09-16,n,
10623,-14.61989,-68.68804,2019-09-16,n,
10624,-14.62444,-68.68437,2019-09-16,n,
10625,-14.73657,-68.43122,2019-09-16,n,
10626,-14.74004,-68.43592,2019-09-16,n,
10627,-14.82787,-67.40974,2019-09-16,n,
10628,-14.86558,-68.47679,2019-09-16,n,
10629,-14.74498,-68.43798,2019-09-16,n,
10630,-14.74554,-68.44089,2019-09-16,n,
10631,-14.73907,-68.51599,2019-09-16,h,
10632,-14.71315,-68.43695,2019-09-16,n,
10633,-14.71088,-68.45226,2019-09-16,l,
10634,-14.7116,-68.45593,2019-09-16,n,
10635,-14.70583,-68.45341,2019-09-16,n,
10636,-14.70604,-68.50801,2019-09-16,n,
10637,-14.70662,-68.51097,2019-09-16,n,
10638,-14.70111,-68.50964,2019-09-16,n,
10639,-14.70171,-68.51271,2019-09-16,n,
10640,-14.70297,-68.50995,2019-09-16,h,
10641,-14.70354,-68.51297,2019-09-16,n,
10642,-14.6859,-68.55793,2019-09-16,h,
10643,-14.68433,-68.54968,2019-09-16,n,
10644,-14.62233,-68.68749,2019-09-16,n,
10645,-14.61714,-68.68754,2019-09-16,n,
10646,-14.62396,-68.69017,2019-09-16,n,
10647,-14.6188,-68.69029,2019-09-16,n,
10648,-14.61374,-68.69098,2019-09-16,l,
10649,-14.59944,-68.67041,2019-09-16,n,
10650,-14.5999,-68.67286,2019-09-16,n,
10651,-14.60055,-68.67625,2019-09-16,n,
10652,-14.59433,-68.67091,2019-09-16,l,
10653,-14.5948,-68.67336,2019-09-16,l,
10654,-14.59543,-68.67667,2019-09-16,n,
10655,-14.55984,-68.59968,2019-09-16,h,
10656,-14.56031,-68.60213,2019-09-16,h,
10657,-14.55735,-68.61392,2019-09-16,n,
10658,-14.5108,-68.50906,2019-09-16,h,
10659,-14.45287,-68.52541,2019-09-16,n,
10660,-14.37594,-68.53636,2019-09-16,h,
10661,-14.3708,-68.53704,2019-09-16,h,
10662,-14.37344,-68.53657,2019-09-16,h,
10663,-14.62169,-68.69151,2019-09-17,n,
10664,-14.62445,-68.69563,2019-09-17,n,
10665,-14.63222,-68.68961,2019-09-17,n,
10666,-14.69779,-68.51045,2019-09-17,n,
10667,-15.19108,-68.15493,2019-09-17,n,
10668,-15.13532,-68.19394,2019-09-17,n,
10669,-15.13247,-68.19284,2019-09-17,n,
10670,-15.13327,-68.19764,2019-09-17,n,
10671,-15.09311,-68.32769,2019-09-17,n,
10672,-15.08934,-68.32829,2019-09-17,n,
10673,-15.02969,-68.31818,2019-09-17,n,
10674,-15.0269,-68.46191,2019-09-17,n,
10675,-15.02316,-68.46255,2019-09-17,n,
10676,-14.98299,-68.31728,2019-09-17,n,
10677,-14.97627,-68.32339,2019-09-17,n,
10678,-14.97707,-68.32804,2019-09-17,l,
10679,-14.90315,-68.52708,2019-09-17,n,
10680,-14.83618,-68.52206,2019-09-17,n,
10681,-14.65848,-68.33905,2019-09-17,n,
10682,-14.62079,-68.68794,2019-09-17,n,
10683,-14.61254,-68.68435,2019-09-17,n,
10684,-14.6133,-68.68882,2019-09-17,n,
10685,-14.60297,-68.67297,2019-09-17,n,
10686,-14.60366,-68.67704,2019-09-17,l,
10687,-14.59617,-68.67798,2019-09-17,n,
10688,-14.54907,-68.49255,2019-09-17,n,
10689,-14.54611,-68.49781,2019-09-17,n,
10690,-14.53189,-68.505,2019-09-17,n,
10691,-14.53175,-68.50385,2019-09-17,n,
10692,-14.5111,-68.58781,2019-09-17,n,
10693,-14.55713,-68.88487,2019-09-17,n,
10694,-14.50359,-68.58887,2019-09-17,n,
10695,-14.55337,-68.88503,2019-09-17,n,
10696,-14.62025,-68.69067,2019-09-18,n,
10697,-14.62421,-68.69111,2019-09-18,n,
10698,-14.62013,-68.68806,2019-09-18,n,
10699,-14.62307,-68.69415,2019-09-18,n,
10700,-14.54561,-68.4981,2019-09-18,n,
10701,-15.2027,-68.14736,2019-09-18,n,
10702,-15.1742,-68.17481,2019-09-18,n,
10703,-15.05719,-68.23029,2019-09-18,n,
10704,-15.02201,-68.15486,2019-09-18,n,
10705,-15.02255,-68.15845,2019-09-18,n,
10706,-15.03106,-68.23833,2019-09-18,n,
10707,-15.02438,-68.23942,2019-09-18,n,
10708,-14.87068,-68.2748,2019-09-18,n,
10709,-14.86836,-68.27496,2019-09-18,l,
10710,-14.85289,-68.26277,2019-09-18,n,
10711,-14.86521,-68.46014,2019-09-18,n,
10712,-14.82779,-68.27768,2019-09-18,n,
10713,-14.85171,-68.48451,2019-09-18,n,
10714,-14.82868,-68.51405,2019-09-18,n,
10715,-14.82533,-68.51456,2019-09-18,l,
10716,-14.70282,-68.4379,2019-09-18,n,
10717,-14.69225,-68.56554,2019-09-18,n,
10718,-14.68891,-68.5661,2019-09-18,n,
10719,-14.68286,-68.54847,2019-09-18,n,
10720,-14.68341,-68.55215,2019-09-18,n,
10721,-14.62521,-68.69189,2019-09-18,n,
10722,-14.62132,-68.68879,2019-09-18,n,
10723,-14.62186,-68.69247,2019-09-18,n,
10724,-14.60174,-68.6813,2019-09-18,n,
10725,-14.59839,-68.68186,2019-09-18,l,
10726,-14.55539,-68.46207,2019-09-18,n,
10727,-14.55254,-68.48877,2019-09-18,n,
10728,-14.54919,-68.48927,2019-09-18,l,
10729,-14.54585,-68.48978,2019-09-18,n,
10730,-14.54693,-68.49705,2019-09-18,l,
10731,-14.54745,-68.50058,2019-09-18,l,
10732,-14.54234,-68.51225,2019-09-18,l,
10733,-14.54978,-68.56242,2019-09-18,n,
10734,-14.58759,-68.8648,2019-09-18,n,
10735,-14.54511,-68.6002,2019-09-18,n,
10736,-14.58143,-68.86974,2019-09-18,l,
10737,-14.57809,-68.8704,2019-09-18,n,
10738,-14.57474,-68.87102,2019-09-18,n,
10739,-14.52342,-68.59242,2019-09-18,n,
10740,-14.50949,-68.59083,2019-09-18,n,
10741,-14.50281,-68.59194,2019-09-18,n,
10742,-14.41201,-68.54775,2019-09-18,n,
10743,-14.40479,-68.5452,2019-09-18,n,
10744,-14.37547,-68.50899,2019-09-18,n,
10745,-14.37601,-68.51262,2019-09-18,n,
10746,-14.37213,-68.50953,2019-09-18,n,
10747,-14.37267,-68.51316,2019-09-18,n,
10748,-14.07501,-68.86475,2019-09-18,n,
10749,-15.00599,-68.26812,2019-09-19,n,
10750,-14.87248,-68.5569,2019-09-19,n,
10751,-14.86781,-68.55376,2019-09-19,n,
10752,-14.54698,-68.49046,2019-09-19,n,
10753,-14.53108,-68.43137,2019-09-19,n,
10754,-14.52981,-68.43165,2019-09-19,n,
10755,-14.45766,-68.52773,2019-09-19,n,
10756,-14.45347,-68.52818,2019-09-19,n,
10757,-14.53567,-68.44395,2019-09-20,n,
10758,-14.53631,-68.43803,2019-09-20,n,
10759,-15.13704,-68.29747,2019-09-20,h,
10760,-15.13524,-68.29939,2019-09-20,n,
10761,-14.90515,-68.49427,2019-09-20,n,
10762,-14.74154,-68.55492,2019-09-20,n,
10763,-14.74106,-68.55072,2019-09-20,l,
10764,-14.69965,-68.49386,2019-09-20,h,
10765,-14.69385,-68.49406,2019-09-20,h,
10766,-14.69338,-68.48985,2019-09-20,n,
10767,-14.69429,-68.49802,2019-09-20,n,
10768,-14.68766,-68.49071,2019-09-20,n,
10769,-14.68813,-68.49495,2019-09-20,n,
10770,-14.32144,-68.56675,2019-09-20,n,
10771,-14.32187,-68.57067,2019-09-20,n,
10772,-14.32616,-68.56799,2019-09-20,l,
10773,-14.32043,-68.56879,2019-09-20,n,
10774,-14.32087,-68.57258,2019-09-20,n,
10775,-14.59412,-68.5956,2019-09-20,n,
10776,-14.58786,-68.59188,2019-09-20,h,
10777,-14.58823,-68.59525,2019-09-20,h,
10778,-14.58859,-68.59847,2019-09-20,n,
10779,-14.56292,-68.47184,2019-09-20,n,
10780,-14.55882,-68.48733,2019-09-20,h,
10781,-14.55919,-68.49067,2019-09-20,n,
10782,-14.54852,-68.44632,2019-09-20,n,
10783,-14.53688,-68.44568,2019-09-20,h,
10784,-14.53648,-68.44204,2019-09-20,n,
10785,-14.53748,-68.45121,2019-09-20,n,
10786,-14.50271,-68.51789,2019-09-20,n,
10787,-14.49049,-68.51263,2019-09-20,h,
10788,-14.48466,-68.51257,2019-09-20,n,
10789,-14.32391,-68.57273,2019-09-21,n,
10790,-14.77713,-68.33046,2019-09-22,n,
10791,-14.773,-68.33131,2019-09-22,n,
10792,-14.74799,-68.55988,2019-09-22,n,
10793,-14.68704,-68.49615,2019-09-23,n,
10794,-14.68314,-68.4931,2019-09-23,n,
10795,-14.6837,-68.49668,2019-09-23,n,
10796,-14.60241,-68.45081,2019-09-23,n,
10797,-14.60297,-68.45447,2019-09-23,l,
10798,-15.13573,-68.31271,2019-09-23,n,
10799,-15.04778,-68.14527,2019-09-23,n,
10800,-15.01925,-68.15029,2019-09-23,n,
10801,-15.00147,-68.19054,2019-09-23,n,
10802,-14.99811,-68.19104,2019-09-23,n,
10803,-14.98248,-68.20097,2019-09-23,n,
10804,-14.96572,-68.43492,2019-09-23,n,
10805,-14.81362,-68.2857,2019-09-23,n,
10806,-14.74927,-68.54474,2019-09-23,n,
10807,-15.01179,-68.29685,2019-09-24,n,
10808,-14.99411,-68.19548,2019-09-24,n,
10809,-14.9734,-68.32507,2019-09-24,n,
10810,-14.91413,-68.31108,2019-09-24,l,
10811,-14.93038,-68.45802,2019-09-24,n,
10812,-14.89752,-68.53017,2019-09-24,n,
10813,-14.84671,-68.54927,2019-09-24,n,
10814,-14.82896,-68.56149,2019-09-24,n,
10815,-14.59552,-68.59647,2019-09-24,n,
10816,-14.59615,-68.60123,2019-09-24,n,
10817,-14.52661,-68.50882,2019-09-24,n,
10818,-14.50457,-68.51687,2019-09-24,l,
10819,-15.12543,-68.22398,2019-09-25,n,
10820,-15.13421,-68.29815,2019-09-25,n,
10821,-15.13457,-68.30117,2019-09-25,n,
10822,-15.02265,-68.16358,2019-09-25,n,
10823,-14.97652,-68.21061,2019-09-25,h,
10824,-14.97134,-68.21059,2019-09-25,h,
10825,-14.96793,-68.22589,2019-09-25,h,
10826,-14.96824,-68.22851,2019-09-25,n,
10827,-14.67639,-68.50856,2019-09-25,n,
10828,-14.58281,-68.61446,2019-09-25,h,
10829,-14.58312,-68.61717,2019-09-25,n,
10830,-14.57745,-68.61387,2019-09-25,n,
10831,-14.45515,-68.52211,2019-09-25,h,
10832,-14.45593,-68.52888,2019-09-25,n,
10833,-14.45555,-68.52554,2019-09-25,l,
10834,-14.40463,-68.45821,2019-09-25,h,
10835,-14.39892,-68.45411,2019-09-25,n,
10836,-14.39941,-68.45822,2019-09-25,n,
10837,-14.89948,-68.40994,2019-09-28,l,
10838,-14.70001,-68.35468,2019-09-28,n,
10839,-14.68506,-68.32927,2019-09-28,n,
10840,-14.68439,-68.32913,2019-09-28,n,
10841,-14.58184,-68.47474,2019-09-28,n,
10842,-14.56216,-68.48585,2019-09-28,n,
10843,-14.46603,-68.51789,2019-09-28,n,
10844,-15.08685,-68.23154,2019-09-29,n,
10845,-15.08339,-68.23215,2019-09-29,n,
10846,-15.03321,-68.27959,2019-09-29,n,
10847,-15.02973,-68.2802,2019-09-29,n,
10848,-14.8876,-68.39645,2019-09-29,l,
10849,-14.88353,-68.39291,2019-09-29,l,
10850,-14.58876,-68.49185,2019-09-29,l,
10851,-14.57033,-68.48775,2019-09-29,n,
10852,-14.3709,-68.52596,2019-09-29,n,
10853,-14.37146,-68.52991,2019-09-29,n,
10854,-15.11867,-68.21674,2019-09-30,n,
10855,-15.09643,-68.22539,2019-09-30,n,
10856,-15.02519,-68.25361,2019-09-30,n,
10857,-15.0258,-68.25603,2019-09-30,n,
10858,-15.02116,-68.25622,2019-09-30,n,
10859,-14.93956,-68.39462,2019-09-30,n,
10860,-14.9316,-68.36697,2019-09-30,n,
10861,-14.93213,-68.37138,2019-09-30,n,
10862,-14.9417,-68.39702,2019-09-30,n,
10863,-14.93355,-68.36938,2019-09-30,n,
10864,-14.93715,-68.39823,2019-09-30,n,
10865,-14.872,-68.48257,2019-09-30,n,
10866,-14.53741,-68.5026,2019-09-30,n,
10867,-14.51893,-68.50558,2019-09-30,n,
10868,-14.51953,-68.51036,2019-09-30,n,
10869,-14.51492,-68.51119,2019-09-30,n,
10870,-14.58039,-68.40868,2019-09-30,n,
10871,-14.56172,-68.48666,2019-09-30,n,
10872,-14.5397,-68.49946,2019-09-30,n,
10873,-14.53506,-68.50002,2019-09-30,n,
10874,-14.52177,-68.50721,2019-09-30,n,
10875,-14.74369,-68.55825,2019-09-30,n,
10876,-14.06549,-68.86826,2019-09-30,n,
10877,-14.74589,-68.56017,2019-09-30,n,
10878,-14.80893,-68.30393,2019-09-30,n,
10879,-15.03383,-68.24566,2019-10-09,n,
10880,-14.9615,-68.23164,2019-10-09,n,
10881,-14.93836,-68.39204,2019-10-09,n,
10882,-14.72805,-67.61086,2019-10-09,n,
10883,-14.82368,-68.30733,2019-10-09,n,
10884,-14.77543,-68.38268,2019-10-09,n,
10885,-14.63256,-68.66862,2019-10-09,n,
10886,-14.62924,-68.66924,2019-10-09,n,
10887,-14.43583,-68.17519,2019-10-09,n,
10888,-14.40705,-68.54305,2019-10-09,n,
10889,-15.11094,-68.22033,2019-10-10,l,
10890,-15.08363,-68.33169,2019-10-10,n,
10891,-15.08323,-68.32992,2019-10-10,n,
10892,-15.03418,-68.30801,2019-10-10,n,
10893,-14.85069,-68.259,2019-10-10,n,
10894,-14.85496,-68.3736,2019-10-10,l,
10895,-14.834,-68.56075,2019-10-10,n,
10896,-14.80548,-68.46285,2019-10-10,n,
10897,-14.66081,-68.7241,2019-10-10,n,
10898,-14.5626,-68.84827,2019-10-10,n,
10899,-14.4068,-68.57681,2019-10-10,n,
10900,-14.33607,-68.56194,2019-10-10,l,
10901,-14.84347,-68.37481,2019-10-11,n,
10902,-14.85106,-68.37006,2019-10-11,n,
10903,-14.84485,-68.37525,2019-10-11,n,
10904,-14.84599,-68.37002,2019-10-11,n,
10905,-15.1185,-68.33523,2019-10-11,h,
10906,-15.10662,-68.23185,2019-10-11,n,
10907,-15.11886,-68.33846,2019-10-11,n,
10908,-15.11927,-68.34202,2019-10-11,l,
10909,-15.10004,-68.2196,2019-10-11,h,
10910,-15.10037,-68.22249,2019-10-11,n,
10911,-15.11338,-68.33609,2019-10-11,n,
10912,-15.10442,-68.34907,2019-10-11,h,
10913,-15.10481,-68.35249,2019-10-11,h,
10914,-15.10522,-68.35609,2019-10-11,n,
10915,-15.08143,-68.23808,2019-10-11,n,
10916,-15.08056,-68.33567,2019-10-11,n,
10917,-15.02261,-68.15304,2019-10-11,h,
10918,-15.03694,-68.27485,2019-10-11,h,
10919,-15.0319,-68.27618,2019-10-11,n,
10920,-15.01321,-68.16067,2019-10-11,n,
10921,-14.95929,-68.42969,2019-10-11,n,
10922,-14.94387,-68.43222,2019-10-11,n,
10923,-14.80043,-68.55942,2019-10-11,n,
10924,-14.79565,-68.56381,2019-10-11,n,
10925,-14.6742,-68.75185,2019-10-11,n,
10926,-14.67459,-68.75525,2019-10-11,n,
10927,-14.57707,-68.87897,2019-10-11,n,
10928,-14.39621,-68.55443,2019-10-11,n,
10929,-14.39029,-68.54855,2019-10-11,n,
10930,-14.24954,-68.53825,2019-10-11,n,
10931,-14.08458,-68.85062,2019-10-11,n,
10932,-14.07954,-68.85321,2019-10-11,n,
10933,-14.08016,-68.85254,2019-10-11,n,
10934,-14.08053,-68.85555,2019-10-11,n,
10935,-14.52677,-68.50482,2019-10-12,n,
10936,-14.83869,-68.55866,2019-10-12,n,
10937,-14.59004,-68.51143,2019-10-12,n,
10938,-14.55362,-68.49802,2019-10-12,n,
10939,-14.59082,-68.51263,2019-10-12,n,
10940,-14.51861,-68.49323,2019-10-12,n,
10941,-14.51987,-68.5062,2019-10-12,n,
10942,-14.49391,-68.51179,2019-10-12,n,
10943,-14.39189,-68.53922,2019-10-12,n,
10944,-14.31275,-68.52078,2019-10-12,n,
10945,-14.3134,-68.5274,2019-10-12,n,
10946,-14.30651,-68.52869,2019-10-12,h,
10947,-14.30583,-68.52182,2019-10-12,n,
10948,-14.30084,-68.52711,2019-10-12,n,
10949,-15.18731,-68.15864,2019-10-12,n,
10950,-15.19092,-68.15771,2019-10-12,n,
10951,-15.08063,-68.23767,2019-10-12,n,
10952,-14.37341,-68.50104,2019-10-12,h,
10953,-14.37249,-68.4967,2019-10-12,n,
10954,-14.37582,-68.49992,2019-10-12,h,
10955,-14.37488,-68.49541,2019-10-12,n,
10956,-14.37422,-68.49754,2019-10-13,n,
10957,-14.85672,-68.34277,2019-10-13,n,
10958,-14.8604,-68.34348,2019-10-13,n,
10959,-15.12785,-68.33721,2019-10-13,n,
10960,-15.03614,-68.14687,2019-10-13,n,
10961,-14.83106,-67.4099,2019-10-13,n,
10962,-14.83054,-67.41351,2019-10-13,n,
10963,-14.73442,-67.61274,2019-10-13,n,
10964,-14.73437,-68.37041,2019-10-13,n,
10965,-14.72976,-68.37122,2019-10-13,n,
10966,-14.61872,-68.55968,2019-10-13,n,
10967,-14.61892,-68.55866,2019-10-13,n,
10968,-14.74165,-67.61727,2019-10-14,n,
10969,-14.73732,-67.61362,2019-10-14,n,
10970,-14.7337,-67.61427,2019-10-14,n,
10971,-14.55912,-68.4867,2019-10-14,n,
10972,-14.55564,-68.4873,2019-10-14,n,
10973,-14.55697,-68.49554,2019-10-14,l,
10974,-14.54996,-68.49651,2019-10-14,n,
10975,-14.49062,-68.50966,2019-10-14,n,
10976,-14.43654,-68.4634,2019-10-14,n,
10977,-14.30118,-68.54074,2019-10-14,n,
10978,-13.98982,-68.94009,2019-10-15,n,
10979,-14.3085,-68.52448,2019-10-16,n,
10980,-14.31001,-68.5271,2019-10-16,n,
10981,-14.32506,-68.51707,2019-10-17,n,
10982,-15.14396,-68.32755,2019-10-24,n,
10983,-15.05609,-68.24767,2019-10-24,n,
10984,-15.01667,-68.17117,2019-10-24,n,
10985,-14.82953,-67.40958,2019-10-24,n,
10986,-14.74201,-67.61916,2019-10-24,n,
10987,-14.77334,-68.38141,2019-10-24,n,
10988,-14.77213,-68.38184,2019-10-24,n,
10989,-14.37218,-68.54026,2019-10-25,n,
10990,-14.37274,-68.54386,2019-10-25,n,
10991,-14.3694,-68.54443,2019-10-25,n,
10992,-14.30994,-68.52518,2019-10-25,n,
10993,-14.30212,-68.54115,2019-10-25,n,
10994,-14.29877,-68.54169,2019-10-25,n,
10995,-15.1142,-67.66295,2019-10-25,n,
10996,-15.10286,-68.2359,2019-10-25,n,
10997,-14.80697,-67.40099,2019-10-25,n,
10998,-14.69568,-67.59875,2019-10-25,n,
10999,-14.6516,-67.56358,2019-10-25,n,
11000,-14.6522,-67.56736,2019-10-25,n,
11001,-14.79846,-68.4995,2019-10-25,n,
11002,-14.79902,-68.50307,2019-10-25,n,
11003,-14.64819,-67.56416,2019-10-25,n,
11004,-14.64879,-67.56794,2019-10-25,n,
11005,-14.56913,-68.70276,2019-10-25,n,
11006,-14.56968,-68.70634,2019-10-25,n,
11007,-14.56635,-68.70689,2019-10-25,n,
11008,-14.5669,-68.71047,2019-10-25,n,
11009,-14.27647,-68.53058,2019-10-25,n,
11010,-14.93119,-68.46745,2019-10-26,n,
11011,-14.7253,-67.62062,2019-10-26,l,
11012,-14.80117,-68.32224,2019-10-26,l,
11013,-14.79743,-68.32288,2019-10-26,l,
11014,-14.80886,-68.46781,2019-10-26,n,
11015,-14.80034,-68.3207,2019-10-26,l,
11016,-14.80094,-68.3251,2019-10-26,n,
11017,-14.7966,-68.3213,2019-10-26,n,
11018,-14.80889,-68.46591,2019-10-26,n,
11019,-14.80953,-68.47057,2019-10-26,n,
11020,-14.79022,-68.55547,2019-10-26,n,
11021,-14.64529,-68.53362,2019-10-26,l,
11022,-14.6459,-68.53822,2019-10-26,l,
11023,-14.57343,-68.68609,2019-10-26,n,
11024,-13.98739,-68.92007,2019-10-26,n,
11025,-15.12978,-68.31733,2019-10-26,l,
11026,-14.73454,-67.6108,2019-10-27,n,
11027,-14.72966,-67.61138,2019-10-27,n,
11028,-14.72273,-68.50851,2019-10-27,n,
11029,-14.72306,-68.51134,2019-10-27,n,
11030,-14.63027,-68.53823,2019-10-27,n,
11031,-14.63065,-68.54152,2019-10-27,n,
11032,-14.32014,-68.51682,2019-10-27,n,
11033,-14.57376,-68.48557,2019-10-28,n,
11034,-14.57536,-68.48629,2019-10-28,n,
11035,-14.72945,-68.50466,2019-10-28,n,
11036,-14.74777,-68.52149,2019-10-28,n,
11037,-14.72462,-68.50283,2019-10-28,h,
11038,-14.66114,-68.71758,2019-10-28,n,
11039,-14.7283,-68.49925,2019-10-28,n,
11040,-14.74664,-68.5249,2019-10-28,n,
11041,-15.08997,-68.30978,2019-10-28,n,
11042,-14.75659,-68.41955,2019-10-28,n,
11043,-15.08861,-68.35067,2019-10-29,n,
11044,-15.08953,-68.35558,2019-10-29,n,
11045,-14.80728,-68.28502,2019-10-29,n,
11046,-14.80934,-68.28681,2019-10-29,n,
11047,-14.80483,-68.28833,2019-10-29,n,
11048,-14.49335,-68.48805,2019-10-29,n,
11049,-14.49404,-68.49184,2019-10-29,n,
11050,-14.44829,-68.52689,2019-10-29,n,
11051,-14.44915,-68.53152,2019-10-29,n,
11052,-15.14378,-67.67436,2019-10-31,n,
11053,-14.75343,-68.31448,2019-11-02,n,
11054,-14.59251,-68.48231,2019-11-04,n,
11055,-14.55186,-68.3951,2019-11-05,n,
11056,-14.59085,-68.4818,2019-11-05,n,
11057,-14.63659,-68.4672,2019-11-05,l,
11058,-13.98084,-68.96619,2019-11-10,n,
11059,-14.99408,-68.30267,2019-11-17,n,
11060,-14.88505,-68.40693,2019-11-18,n,
11061,-15.13381,-68.02853,2019-11-19,n,
11062,-15.12984,-68.03573,2019-11-19,n,
11063,-15.13502,-68.33244,2019-11-19,n,
11064,-15.13727,-68.33052,2019-11-19,n,
11065,-14.72797,-67.61319,2019-11-19,n,
11066,-14.86138,-68.40349,2019-11-19,n,
11067,-14.76231,-68.22975,2019-11-19,n,
11068,-14.76282,-68.23236,2019-11-19,n,
11069,-14.75504,-68.21983,2019-11-19,h,
11070,-14.75558,-68.2226,2019-11-19,h,
11071,-14.75769,-68.23354,2019-11-19,h,
11072,-14.75613,-68.22545,2019-11-19,n,
11073,-14.75667,-68.22826,2019-11-19,n,
11074,-14.7572,-68.23096,2019-11-19,n,
11075,-14.80267,-68.52163,2019-11-19,n,
11076,-14.58981,-68.4314,2019-11-19,n,
11077,-14.50507,-68.47231,2019-11-19,n,
11078,-14.48628,-68.48465,2019-11-19,h,
11079,-14.48673,-68.48697,2019-11-19,n,
11080,-14.45597,-68.46462,2019-11-19,n,
11081,-15.26124,-68.09426,2019-11-20,l,
11082,-15.15977,-67.67336,2019-11-20,n,
11083,-15.15971,-67.67098,2019-11-20,n,
11084,-15.09194,-67.69872,2019-11-20,n,
11085,-14.8346,-68.49624,2019-11-20,n,
11086,-14.83534,-68.50066,2019-11-20,l,
11087,-14.63893,-68.5295,2019-11-20,n,
11088,-14.0114,-68.93285,2019-11-20,n,
11089,-14.02309,-68.88885,2019-11-20,n,
11090,-15.11762,-68.07342,2019-11-20,l,
11091,-15.11941,-68.07157,2019-11-20,n,
11092,-15.1156,-68.07228,2019-11-20,n,
11093,-15.02287,-68.46461,2019-11-20,n,
11094,-14.93673,-68.38881,2019-11-20,n,
11095,-14.74158,-67.62228,2019-11-20,n,
11096,-14.92615,-68.45467,2019-11-21,n,
11097,-14.83157,-68.56994,2019-11-21,n,
11098,-14.82126,-68.52322,2019-11-21,n,
11099,-14.82822,-68.57047,2019-11-21,n,
11100,-14.55523,-68.49609,2019-11-21,n,
11101,-14.9445,-68.43249,2019-11-22,n,
11102,-14.60965,-68.43713,2019-11-26,n,
11103,-14.55248,-68.49822,2019-11-27,n,
11104,-14.55363,-68.50082,2019-11-27,l,
11105,-14.65346,-68.40125,2019-12-17,n,
11106,-14.83551,-68.31024,2020-01-09,n,
11107,-14.8836,-68.33117,2020-01-10,n,
11108,-14.46876,-68.57676,2020-01-18,n,
11109,-14.81061,-68.44643,2020-03-15,n,
11110,-14.7997,-68.31493,2020-04-06,n,
11111,-14.80183,-68.31788,2020-04-06,n,
11112,-14.59836,-68.34184,2020-04-12,n,
11113,-15.11304,-68.21561,2020-04-14,n,
11114,-15.01684,-68.16874,2020-04-14,n,
11115,-14.97683,-68.20174,2020-04-18,n,
11116,-14.85643,-68.38663,2020-04-18,n,
11117,-14.85699,-68.39024,2020-04-18,n,
11118,-14.67074,-68.49587,2020-04-18,n,
11119,-14.84119,-67.60936,2020-04-19,n,
11120,-14.84179,-67.61374,2020-04-19,n,
11121,-14.6212,-68.18884,2020-04-20,n,
11122,-14.57437,-68.38235,2020-04-20,n,
11123,-14.57471,-68.38527,2020-04-20,n,
11124,-15.00586,-68.27312,2020-04-22,n,
11125,-15.00682,-68.27821,2020-04-22,n,
11126,-14.67812,-68.53019,2020-04-22,n,
11127,-14.87197,-68.44234,2020-04-24,n,
11128,-14.86847,-68.44284,2020-04-24,n,
11129,-14.80601,-68.2772,2020-04-24,n,
11130,-14.80252,-68.27759,2020-04-24,n,
11131,-14.80309,-68.28168,2020-04-24,n,
11132,-14.81737,-68.40932,2020-04-24,n,
11133,-14.81622,-68.40922,2020-04-24,n,
11134,-15.03512,-68.12617,2020-04-25,n,
11135,-15.03563,-68.1305,2020-04-25,n,
11136,-15.0362,-68.13524,2020-04-25,n,
11137,-15.03993,-68.12793,2020-04-25,n,
11138,-15.03544,-68.12896,2020-04-25,n,
11139,-15.03602,-68.13353,2020-04-25,n,
11140,-15.03669,-68.13883,2020-04-25,n,
11141,-14.91357,-67.43842,2020-05-07,n,
11142,-14.81571,-68.34495,2020-05-09,n,
11143,-14.60354,-68.50349,2020-05-09,n,
11144,-14.60419,-68.50748,2020-05-09,n,
11145,-14.6007,-68.50794,2020-05-09,n,
11146,-15.04901,-68.13084,2020-05-16,n,
11147,-14.97834,-68.29971,2020-05-16,n,
11148,-14.83969,-68.23545,2020-05-16,n,
11149,-14.85614,-68.30976,2020-05-17,n,
11150,-14.66531,-68.53327,2020-05-17,h,
11151,-14.61196,-68.19604,2020-05-17,n,
11152,-14.66428,-68.53109,2020-05-17,h,
11153,-14.66477,-68.53535,2020-05-17,n,
11154,-14.62542,-68.29168,2020-05-17,n,
11155,-14.95175,-68.27248,2020-05-18,n,
11156,-14.74617,-68.55148,2020-05-18,n,
11157,-14.7426,-68.55299,2020-05-18,n,
11158,-14.75112,-68.46209,2020-05-18,n,
11159,-14.95249,-68.27614,2020-05-18,n,
11160,-14.87221,-68.33763,2020-05-22,n,
11161,-14.65108,-68.43809,2020-05-25,l,
11162,-14.5554,-68.41439,2020-05-26,l,
11163,-14.53948,-68.41095,2020-05-27,n,
11164,-14.53624,-68.40924,2020-05-27,n,
11165,-14.78317,-68.31063,2020-05-29,n,
11166,-14.78367,-68.31316,2020-05-29,n,
11167,-14.64613,-68.33551,2020-05-29,h,
11168,-14.64676,-68.3388,2020-05-29,n,
11169,-14.82186,-68.47672,2020-05-30,n,
11170,-14.82263,-68.48135,2020-05-30,n,
11171,-14.49062,-68.57478,2020-05-30,n,
11172,-14.80411,-68.40765,2020-05-31,n,
11173,-14.80465,-68.41125,2020-05-31,n,
11174,-14.89372,-68.30511,2020-06-09,n,
11175,-14.85058,-68.31742,2020-06-10,n,
11176,-14.63678,-68.54915,2020-06-11,n,
11177,-14.83486,-68.37461,2020-06-11,n,
11178,-14.83082,-68.37131,2020-06-11,n,
11179,-15.0833,-67.7074,2020-06-12,n,
11180,-14.83078,-68.33924,2020-06-13,n,
11181,-14.82943,-68.33865,2020-06-13,n,
11182,-14.75489,-68.21557,2020-06-19,n,
11183,-14.74939,-68.21747,2020-06-19,n,
11184,-14.75252,-68.21485,2020-06-19,n,
11185,-14.75315,-68.21801,2020-06-19,n,
11186,-14.81343,-68.24259,2020-06-26,n,
11187,-14.56687,-68.33488,2020-07-01,n,
11188,-14.72941,-68.4585,2020-07-05,n,
11189,-14.73392,-68.45869,2020-07-05,n,
11190,-14.72741,-68.45712,2020-07-05,n,
11191,-14.73191,-68.45734,2020-07-05,n,
11192,-14.78922,-68.33403,2020-07-05,n,
11193,-14.94477,-68.44579,2020-07-11,n,
11194,-14.90233,-68.46989,2020-07-11,n,
11195,-14.90145,-68.46844,2020-07-11,n,
11196,-14.69844,-68.27807,2020-07-12,n,
11197,-14.69824,-68.27813,2020-07-12,n,
11198,-14.87186,-68.48001,2020-07-13,n,
11199,-15.02132,-68.45735,2020-07-17,n,
11200,-15.02205,-68.46164,2020-07-17,n,
11201,-15.13053,-68.3399,2020-07-18,n,
11202,-14.96092,-68.40759,2020-07-18,n,
11203,-14.94727,-68.44339,2020-07-18,n,
11204,-14.92913,-68.39046,2020-07-18,n,
11205,-14.72901,-68.25136,2020-07-18,n,
11206,-14.72353,-68.2374,2020-07-18,n,
11207,-14.72514,-68.24827,2020-07-18,n,
11208,-14.7202,-68.23792,2020-07-18,n,
11209,-14.72073,-68.24154,2020-07-18,n,
11210,-14.72127,-68.24517,2020-07-18,n,
11211,-14.7218,-68.24878,2020-07-18,n,
11212,-14.72234,-68.25239,2020-07-18,n,
11213,-14.72287,-68.25601,2020-07-18,n,
11214,-14.72014,-68.25314,2020-07-18,n,
11215,-14.71735,-68.25729,2020-07-18,n,
11216,-14.71401,-68.25784,2020-07-18,n,
11217,-14.71122,-68.26199,2020-07-18,n,
11218,-14.71176,-68.2656,2020-07-18,n,
11219,-14.72283,-68.50083,2020-07-18,l,
11220,-14.71947,-68.50133,2020-07-18,n,
11221,-14.89502,-68.30267,2020-07-19,n,
11222,-14.79067,-68.32011,2020-07-19,n,
11223,-14.86378,-68.41372,2020-07-20,h,
11224,-14.86213,-68.41335,2020-07-20,n,
11225,-14.86257,-68.41721,2020-07-20,n,
11226,-14.81965,-68.34538,2020-07-20,l,
11227,-14.81393,-68.34601,2020-07-20,n,
11228,-14.93958,-68.42966,2020-07-21,n,
11229,-14.94035,-68.43347,2020-07-21,n,
11230,-14.88825,-68.53706,2020-07-21,n,
11231,-14.61578,-68.58136,2020-07-22,n,
11232,-14.5189,-68.46497,2020-07-26,n,
11233,-14.5117,-68.4632,2020-07-26,n,
11234,-14.52,-68.46998,2020-07-26,n,
11235,-14.51277,-68.46809,2020-07-26,n,
11236,-14.67428,-68.31291,2020-07-26,h,
11237,-14.67549,-68.31863,2020-07-26,n,
11238,-14.66919,-68.31953,2020-07-26,n,
11239,-14.51395,-68.45137,2020-07-26,n,
11240,-14.52843,-68.45571,2020-07-27,n,
11241,-15.10421,-68.23701,2020-07-27,l,
11242,-15.10106,-68.24081,2020-07-27,n,
11243,-15.14572,-68.31639,2020-07-28,n,
11244,-14.94446,-68.43285,2020-07-28,n,
11245,-14.33639,-68.55416,2020-07-28,n,
11246,-15.00432,-68.3175,2020-08-02,n,
11247,-14.99762,-68.32362,2020-08-02,n,
11248,-14.79128,-68.47343,2020-08-02,n,
11249,-14.79094,-68.47594,2020-08-02,l,
11250,-14.72649,-68.32227,2020-08-02,l,
11251,-14.72271,-68.32288,2020-08-02,n,
11252,-14.65784,-68.53275,2020-08-02,n,
11253,-14.6586,-68.53725,2020-08-02,n,
11254,-14.61845,-68.36797,2020-08-02,n,
11255,-14.48813,-69.11246,2020-08-03,n,
11256,-14.48874,-69.10904,2020-08-03,n,
11257,-14.49282,-69.10948,2020-08-03,n,
11258,-14.49862,-69.10019,2020-08-03,n,
11259,-14.95937,-68.33981,2020-08-04,n,
11260,-14.95982,-68.34335,2020-08-04,n,
11261,-14.93665,-68.46485,2020-08-04,n,
11262,-14.8476,-68.475,2020-08-04,n,
11263,-14.83224,-68.55393,2020-08-04,n,
11264,-14.75931,-68.51889,2020-08-04,n,
11265,-14.75937,-68.51883,2020-08-04,n,
11266,-14.66206,-68.59403,2020-08-04,n,
11267,-14.65746,-68.59154,2020-08-04,n,
11268,-14.65795,-68.59547,2020-08-04,n,
11269,-14.66195,-68.59373,2020-08-04,n,
11270,-14.65786,-68.59516,2020-08-04,h,
11271,-14.65734,-68.59126,2020-08-04,n,
11272,-14.06075,-68.88168,2020-08-04,n,
11273,-15.05952,-68.2318,2020-08-05,n,
11274,-15.0582,-68.23151,2020-08-05,n,
11275,-15.00213,-68.45889,2020-08-05,n,
11276,-14.84813,-68.54926,2020-08-05,n,
11277,-14.84857,-68.55317,2020-08-05,n,
11278,-14.86397,-68.27853,2020-08-06,n,
11279,-14.88356,-68.34122,2020-08-06,n,
11280,-14.9765,-68.30214,2020-08-06,n,
11281,-14.83205,-68.55746,2020-08-06,n,
11282,-14.83284,-68.56136,2020-08-06,n,
11283,-14.83118,-68.58163,2020-08-06,n,
11284,-14.51472,-69.10437,2020-08-07,n,
11285,-14.86392,-68.35497,2020-08-07,n,
11286,-15.09152,-68.33758,2020-08-07,n,
11287,-15.09343,-68.33743,2020-08-07,n,
11288,-14.9809,-68.32781,2020-08-07,n,
11289,-14.86054,-68.36639,2020-08-07,l,
11290,-14.85639,-68.36703,2020-08-07,n,
11291,-14.74617,-68.52245,2020-08-07,n,
11292,-14.74477,-68.53837,2020-08-07,n,
11293,-14.58678,-68.49832,2020-08-07,n,
11294,-14.58748,-68.50215,2020-08-07,n,
11295,-14.58517,-68.49941,2020-08-07,n,
11296,-14.86488,-68.37602,2020-08-08,n,
11297,-14.86561,-68.37175,2020-08-08,n,
11298,-14.86914,-68.37244,2020-08-08,n,
11299,-15.01046,-68.31905,2020-08-08,n,
11300,-15.00576,-68.45737,2020-08-08,n,
11301,-14.83659,-68.56992,2020-08-08,n,
11302,-14.75032,-68.29306,2020-08-08,n,
11303,-14.74697,-68.29361,2020-08-08,n,
11304,-14.74531,-68.30499,2020-08-08,n,
11305,-14.74209,-68.54903,2020-08-08,n,
11306,-14.74274,-68.29122,2020-08-09,n,
11307,-15.12381,-68.35171,2020-08-09,n,
11308,-15.0872,-68.10282,2020-08-09,n,
11309,-15.12442,-68.34975,2020-08-09,n,
11310,-15.12511,-68.35467,2020-08-09,n,
11311,-15.08628,-68.1016,2020-08-09,n,
11312,-15.09212,-68.33923,2020-08-09,n,
11313,-14.89599,-68.53493,2020-08-09,n,
11314,-14.74388,-68.32123,2020-08-09,l,
11315,-14.74463,-68.32674,2020-08-09,n,
11316,-14.74013,-68.32177,2020-08-09,n,
11317,-14.74087,-68.32726,2020-08-09,n,
11318,-14.73407,-68.53597,2020-08-09,n,
11319,-14.73468,-68.54054,2020-08-09,n,
11320,-14.6043,-68.45258,2020-08-09,n,
11321,-14.60429,-68.45081,2020-08-09,n,
11322,-14.53372,-68.38492,2020-08-09,n,
11323,-14.52994,-68.3853,2020-08-09,n,
11324,-14.822,-68.51582,2020-08-10,h,
11325,-14.77621,-68.39269,2020-08-10,n,
11326,-14.77657,-68.39577,2020-08-10,n,
11327,-14.7707,-68.39027,2020-08-10,n,
11328,-14.77106,-68.39337,2020-08-10,n,
11329,-14.77141,-68.39646,2020-08-10,l,
11330,-14.76554,-68.39083,2020-08-10,n,
11331,-14.7659,-68.39397,2020-08-10,n,
11332,-14.76074,-68.39462,2020-08-10,n,
11333,-14.53295,-68.48878,2020-08-10,h,
11334,-14.53253,-68.485,2020-08-10,n,
11335,-14.53113,-68.48649,2020-08-10,h,
11336,-14.53157,-68.4901,2020-08-10,n,
11337,-14.77409,-68.39371,2020-08-11,n,
11338,-14.84254,-68.26073,2020-08-12,n,
11339,-14.67966,-68.25612,2020-08-13,n,
11340,-14.67165,-68.71381,2020-08-13,n,
11341,-14.54475,-68.4937,2020-08-13,n,
11342,-14.06948,-68.88093,2020-08-13,n,
11343,-14.84587,-68.43661,2020-08-13,n,
11344,-14.81764,-68.35191,2020-08-13,n,
11345,-14.81829,-68.35585,2020-08-13,n,
11346,-14.81415,-68.3525,2020-08-13,n,
11347,-14.8148,-68.35644,2020-08-13,n,
11348,-14.73634,-68.27421,2020-08-13,n,
11349,-14.75996,-68.46304,2020-08-13,l,
11350,-14.67324,-68.70618,2020-08-13,n,
11351,-14.67385,-68.70995,2020-08-13,n,
11352,-14.66978,-68.70671,2020-08-13,n,
11353,-14.67036,-68.71033,2020-08-13,n,
11354,-14.67098,-68.71413,2020-08-13,n,
11355,-14.66942,-68.72631,2020-08-13,l,
11356,-14.78838,-68.44753,2020-08-14,n,
11357,-14.78913,-68.44354,2020-08-14,n,
11358,-15.10716,-68.2243,2020-08-14,n,
11359,-14.90531,-68.29583,2020-08-14,n,
11360,-14.83333,-68.5467,2020-08-14,n,
11361,-14.79568,-68.4575,2020-08-14,n,
11362,-14.76736,-68.5637,2020-08-14,n,
11363,-14.72161,-68.57034,2020-08-14,n,
11364,-14.64645,-68.72248,2020-08-14,n,
11365,-14.61767,-68.64605,2020-08-14,n,
11366,-14.5513,-68.86472,2020-08-14,n,
11367,-14.55185,-68.86862,2020-08-14,n,
11368,-14.83019,-68.3253,2020-08-15,n,
11369,-14.83073,-68.32979,2020-08-15,n,
11370,-14.61439,-68.63585,2020-08-15,n,
11371,-14.61495,-68.64032,2020-08-15,n,
11372,-14.61033,-68.6416,2020-08-15,n,
11373,-14.81154,-68.25229,2020-08-17,h,
11374,-14.81049,-68.24703,2020-08-17,n,
11375,-14.80916,-68.25017,2020-08-17,h,
11376,-14.75836,-68.34395,2020-08-17,n,
11377,-14.75893,-68.34686,2020-08-17,n,
11378,-14.69553,-68.38508,2020-08-17,h,
11379,-14.69612,-68.38809,2020-08-17,n,
11380,-14.69104,-68.38917,2020-08-17,n,
11381,-14.61457,-68.3621,2020-08-17,n,
11382,-14.51968,-68.62177,2020-08-17,n,
11383,-14.52012,-68.6241,2020-08-17,n,
11384,-14.41287,-68.49222,2020-08-17,h,
11385,-14.40708,-68.48949,2020-08-17,n,
11386,-14.40756,-68.49203,2020-08-17,n,
11387,-14.40803,-68.49448,2020-08-17,n,
11388,-14.40851,-68.49696,2020-08-17,n,
11389,-14.40899,-68.49947,2020-08-17,n,
11390,-14.5522,-68.87349,2020-08-18,n,
11391,-14.81703,-68.25098,2020-08-18,n,
11392,-14.8522,-68.47759,2020-08-18,n,
11393,-14.62174,-68.33078,2020-08-18,n,
11394,-14.62254,-68.33542,2020-08-18,n,
11395,-14.61876,-68.33607,2020-08-18,n,
11396,-14.64958,-68.7049,2020-08-18,n,
11397,-14.80783,-68.19366,2020-08-19,n,
11398,-14.80875,-68.18833,2020-08-19,n,
11399,-14.81154,-68.19491,2020-08-19,n,
11400,-14.89398,-68.48001,2020-08-19,n,
11401,-14.89546,-68.47813,2020-08-19,n,
11402,-15.03687,-68.24915,2020-08-19,n,
11403,-14.95469,-68.30645,2020-08-19,n,
11404,-14.95405,-68.32512,2020-08-19,n,
11405,-14.91955,-68.4157,2020-08-19,n,
11406,-14.55115,-68.87307,2020-08-19,n,
11407,-14.54779,-68.87373,2020-08-19,n,
11408,-14.7007,-68.39394,2020-08-23,n,
11409,-14.69933,-68.39375,2020-08-23,n,
11410,-15.15686,-67.67896,2020-08-24,n,
11411,-15.15346,-67.6795,2020-08-24,n,
11412,-15.05219,-68.14656,2020-08-24,n,
11413,-15.04884,-68.14711,2020-08-24,n,
11414,-15.02209,-68.17385,2020-08-24,n,
11415,-15.0126,-68.17909,2020-08-24,n,
11416,-15.00694,-68.16499,2020-08-24,n,
11417,-15.00924,-68.17961,2020-08-24,n,
11418,-14.84161,-68.27164,2020-08-24,n,
11419,-14.80361,-68.18226,2020-08-24,n,
11420,-14.80419,-68.18592,2020-08-24,n,
11421,-14.80028,-68.18289,2020-08-24,n,
11422,-14.80086,-68.18655,2020-08-24,n,
11423,-14.53708,-68.55247,2020-08-24,n,
11424,-14.53374,-68.55297,2020-08-24,n,
11425,-15.13845,-68.21099,2020-08-25,n,
11426,-15.02733,-68.14253,2020-08-25,n,
11427,-14.95799,-68.25409,2020-08-25,n,
11428,-14.93339,-68.29921,2020-08-25,n,
11429,-14.73896,-67.44028,2020-08-25,n,
11430,-14.83955,-68.28815,2020-08-25,n,
11431,-14.80209,-68.18363,2020-08-25,n,
11432,-14.79832,-68.18387,2020-08-25,n,
11433,-15.13376,-68.33292,2020-08-26,n,
11434,-14.99795,-68.17142,2020-08-26,h,
11435,-14.97247,-68.40347,2020-08-26,h,
11436,-14.97278,-68.40622,2020-08-26,n,
11437,-14.96733,-68.40444,2020-08-26,n,
11438,-14.96765,-68.4073,2020-08-26,n,
11439,-14.97138,-68.40243,2020-08-26,n,
11440,-14.9717,-68.4052,2020-08-26,n,
11441,-14.66639,-68.46158,2020-08-26,n,
11442,-14.66673,-68.46456,2020-08-26,n,
11443,-14.66126,-68.46259,2020-08-26,n,
11444,-14.6616,-68.46564,2020-08-26,n,
11445,-14.66519,-68.46309,2020-08-26,h,
11446,-14.66555,-68.46604,2020-08-26,n,
11447,-15.11366,-68.20512,2020-08-26,n,
11448,-15.11406,-68.20848,2020-08-26,n,
11449,-15.09711,-68.33251,2020-08-26,n,
11450,-15.09124,-68.32687,2020-08-26,n,
11451,-15.08609,-68.32759,2020-08-26,n,
11452,-15.08443,-68.35913,2020-08-26,n,
11453,-14.98804,-68.32843,2020-08-27,n,
11454,-14.98258,-68.32774,2020-08-27,n,
11455,-14.76633,-68.24813,2020-08-27,n,
11456,-14.74347,-68.51711,2020-08-27,n,
11457,-14.74484,-68.51846,2020-08-27,n,
11458,-14.80644,-68.18681,2020-08-27,n,
11459,-14.80051,-68.18964,2020-08-27,n,
11460,-14.81183,-68.33344,2020-08-27,n,
11461,-14.80332,-68.1866,2020-08-27,n,
11462,-14.80417,-68.19067,2020-08-27,n,
11463,-14.80868,-68.33768,2020-08-27,n,
11464,-14.80976,-68.43582,2020-08-27,n,
11465,-14.68152,-68.25886,2020-08-27,h,
11466,-14.68066,-68.25485,2020-08-27,n,
11467,-14.67444,-68.25627,2020-08-27,n,
11468,-14.67526,-68.26011,2020-08-27,n,
11469,-14.67877,-68.25899,2020-08-27,h,
11470,-14.67795,-68.25504,2020-08-27,n,
11471,-14.61463,-68.32532,2020-08-27,h,
11472,-14.61572,-68.33047,2020-08-27,n,
11473,-14.61694,-68.32303,2020-08-27,n,
11474,-14.618,-68.32819,2020-08-27,n,
11475,-14.70243,-68.48642,2020-08-28,n,
11476,-14.70613,-68.48673,2020-08-28,n,
11477,-14.70982,-68.48707,2020-08-28,n,
11478,-14.76664,-68.27491,2020-08-28,n,
11479,-14.77038,-68.27526,2020-08-28,n,
11480,-14.76832,-68.2734,2020-08-28,n,
11481,-14.80626,-68.19122,2020-08-28,n,
11482,-14.80685,-68.18694,2020-08-28,n,
11483,-14.86345,-68.27058,2020-08-28,n,
11484,-14.99967,-68.17979,2020-08-28,n,
11485,-14.99605,-68.1813,2020-08-28,n,
11486,-14.99981,-68.18176,2020-08-28,n,
11487,-15.00044,-68.17715,2020-08-28,n,
11488,-15.07324,-68.23672,2020-08-28,n,
11489,-15.084,-68.31813,2020-08-28,n,
11490,-15.07857,-68.31454,2020-08-28,n,
11491,-15.07947,-68.31924,2020-08-28,n,
11492,-14.72266,-68.19253,2020-08-28,n,
11493,-14.71125,-68.28631,2020-08-28,n,
11494,-14.70638,-68.33709,2020-08-28,n,
11495,-14.70261,-68.34242,2020-08-28,n,
11496,-14.69426,-68.39945,2020-08-28,n,
11497,-14.71068,-68.48698,2020-08-28,n,
11498,-14.59874,-68.46973,2020-08-28,n,
11499,-14.59399,-68.46964,2020-08-28,n,
11500,-14.58929,-68.46986,2020-08-28,n,
11501,-14.53558,-68.33675,2020-08-28,n,
11502,-15.07405,-68.23482,2020-08-28,n,
11503,-15.07966,-68.31754,2020-08-28,n,
11504,-15.01745,-68.31453,2020-08-28,n,
11505,-14.98827,-68.23526,2020-08-28,n,
11506,-14.96592,-68.44028,2020-08-28,n,
11507,-14.96679,-68.44502,2020-08-28,n,
11508,-14.95079,-68.3839,2020-08-28,n,
11509,-14.93512,-68.40134,2020-08-28,n,
11510,-14.93601,-68.40613,2020-08-28,n,
11511,-14.86391,-68.22481,2020-08-28,n,
11512,-14.86014,-68.23016,2020-08-28,n,
11513,-14.8628,-68.26941,2020-08-28,n,
11514,-14.89579,-68.4433,2020-08-28,n,
11515,-14.86369,-68.26765,2020-08-28,n,
11516,-14.86455,-68.27236,2020-08-28,n,
11517,-14.89538,-68.44179,2020-08-28,n,
11518,-14.83852,-68.28645,2020-08-28,n,
11519,-14.7882,-68.22143,2020-08-28,n,
11520,-14.82836,-68.56238,2020-08-28,n,
11521,-14.76987,-68.2766,2020-08-28,n,
11522,-14.76983,-68.37706,2020-08-28,n,
11523,-14.77032,-68.37453,2020-08-28,n,
11524,-14.77119,-68.37932,2020-08-28,n,
11525,-14.7666,-68.38013,2020-08-28,n,
11526,-15.14541,-68.31715,2020-08-28,n,
11527,-15.13127,-68.34279,2020-08-28,n,
11528,-14.70738,-68.48117,2020-08-29,n,
11529,-15.24513,-67.91907,2020-08-29,n,
11530,-15.24584,-67.92339,2020-08-29,n,
11531,-15.09244,-68.24359,2020-08-29,l,
11532,-15.10853,-68.34307,2020-08-29,n,
11533,-15.09398,-68.34161,2020-08-29,n,
11534,-15.09463,-68.34563,2020-08-29,l,
11535,-15.02203,-68.16525,2020-08-29,n,
11536,-15.03446,-68.24081,2020-08-29,n,
11537,-15.03093,-68.24126,2020-08-29,n,
11538,-15.03156,-68.24506,2020-08-29,n,
11539,-15.01433,-68.16235,2020-08-29,n,
11540,-14.97556,-68.23565,2020-08-29,n,
11541,-14.95334,-68.34171,2020-08-29,n,
11542,-14.94987,-68.34241,2020-08-29,n,
11543,-14.92404,-68.29427,2020-08-29,l,
11544,-14.91923,-68.2869,2020-08-29,n,
11545,-14.9199,-68.29093,2020-08-29,n,
11546,-14.91641,-68.29153,2020-08-29,n,
11547,-14.93242,-68.41055,2020-08-29,n,
11548,-14.91761,-68.41248,2020-08-29,n,
11549,-14.90524,-68.35788,2020-08-29,l,
11550,-14.91951,-68.46875,2020-08-29,n,
11551,-14.90057,-68.43978,2020-08-29,n,
11552,-14.90121,-68.44376,2020-08-29,n,
11553,-14.89709,-68.44032,2020-08-29,n,
11554,-14.87976,-68.48753,2020-08-29,n,
11555,-14.79852,-68.54607,2020-08-29,n,
11556,-14.75182,-68.52164,2020-08-29,l,
11557,-14.68855,-68.33512,2020-08-29,n,
11558,-14.68506,-68.33575,2020-08-29,n,
11559,-14.68158,-68.33645,2020-08-29,n,
11560,-14.6858,-68.56159,2020-08-29,n,
11561,-14.52598,-68.33419,2020-08-29,h,
11562,-14.51432,-68.26293,2020-08-29,n,
11563,-14.5266,-68.338,2020-08-29,n,
11564,-14.52311,-68.33861,2020-08-29,n,
11565,-14.52374,-68.34251,2020-08-29,n,
11566,-14.5025,-68.50227,2020-08-29,n,
11567,-14.46606,-68.52023,2020-08-29,n,
11568,-14.3701,-68.53136,2020-08-29,n,
11569,-14.80118,-68.17895,2020-08-30,n,
11570,-15.04213,-67.72191,2020-08-30,n,
11571,-14.69299,-67.57095,2020-08-30,n,
11572,-14.61869,-68.19431,2020-08-30,n,
11573,-14.36841,-68.53712,2020-08-30,l,
11574,-15.00053,-68.28673,2020-09-03,n,
11575,-15.00152,-68.28904,2020-09-03,n,
11576,-14.99778,-68.28987,2020-09-03,n,
11577,-14.7418,-67.44214,2020-09-03,n,
11578,-14.83387,-68.42007,2020-09-03,n,
11579,-15.03309,-68.31808,2020-09-03,n,
11580,-15.02936,-68.31894,2020-09-03,n,
11581,-14.52121,-68.40181,2020-09-03,n,
11582,-14.63459,-68.54442,2020-09-04,n,
11583,-15.13457,-68.30495,2020-09-04,n,
11584,-15.13511,-68.30859,2020-09-04,n,
11585,-15.12372,-68.34721,2020-09-04,n,
11586,-15.09708,-68.32907,2020-09-04,n,
11587,-15.09762,-68.3327,2020-09-04,n,
11588,-15.04115,-68.14939,2020-09-04,n,
11589,-15.02944,-68.16237,2020-09-04,n,
11590,-15.03143,-68.31332,2020-09-04,n,
11591,-15.03197,-68.31697,2020-09-04,n,
11592,-14.99663,-68.26315,2020-09-04,n,
11593,-14.97605,-68.26258,2020-09-04,n,
11594,-14.97272,-68.2631,2020-09-04,n,
11595,-14.92683,-68.22292,2020-09-04,n,
11596,-14.94571,-68.4417,2020-09-04,n,
11597,-14.93781,-68.45774,2020-09-04,n,
11598,-14.91138,-68.30261,2020-09-04,n,
11599,-14.91298,-68.31337,2020-09-04,n,
11600,-14.74094,-67.44291,2020-09-04,n,
11601,-14.88967,-68.53627,2020-09-04,n,
11602,-14.69294,-68.37838,2020-09-04,n,
11603,-14.66935,-68.50809,2020-09-04,n,
11604,-14.65991,-68.72211,2020-09-04,n,
11605,-14.33996,-68.54289,2020-09-04,n,
11606,-13.9925,-68.91574,2020-09-04,n,
11607,-14.92692,-68.22205,2020-09-05,n,
11608,-15.10779,-68.34909,2020-09-05,n,
11609,-15.08612,-68.31192,2020-09-05,n,
11610,-15.08664,-68.31602,2020-09-05,n,
11611,-15.08451,-68.33263,2020-09-05,n,
11612,-15.05603,-68.14131,2020-09-05,n,
11613,-15.04834,-68.14668,2020-09-05,n,
11614,-15.04369,-68.14293,2020-09-05,n,
11615,-15.03651,-68.15232,2020-09-05,n,
11616,-15.03243,-68.15317,2020-09-05,n,
11617,-15.03433,-68.15303,2020-09-05,n,
11618,-15.03176,-68.29283,2020-09-05,n,
11619,-14.9728,-68.32704,2020-09-05,n,
11620,-14.92977,-68.46484,2020-09-05,n,
11621,-14.88152,-68.2877,2020-09-05,n,
11622,-14.86557,-68.26165,2020-09-05,n,
11623,-14.87517,-68.40352,2020-09-05,h,
11624,-14.87465,-68.39945,2020-09-05,n,
11625,-14.87569,-68.40765,2020-09-05,n,
11626,-14.85718,-68.42915,2020-09-05,n,
11627,-14.85771,-68.43341,2020-09-05,n,
11628,-14.85251,-68.42576,2020-09-05,n,
11629,-14.853,-68.42971,2020-09-05,n,
11630,-14.85647,-68.42922,2020-09-05,n,
11631,-14.85703,-68.43347,2020-09-05,n,
11632,-14.85178,-68.42587,2020-09-05,n,
11633,-14.8523,-68.42982,2020-09-05,n,
11634,-14.84603,-68.5118,2020-09-05,n,
11635,-14.84186,-68.51251,2020-09-05,n,
11636,-14.82797,-68.57043,2020-09-05,n,
11637,-14.79796,-68.46964,2020-09-05,n,
11638,-14.79878,-68.50942,2020-09-05,n,
11639,-14.71821,-68.26223,2020-09-05,n,
11640,-14.73184,-68.49424,2020-09-05,n,
11641,-14.67442,-68.41113,2020-09-05,n,
11642,-14.6749,-68.41492,2020-09-05,n,
11643,-14.68338,-68.51473,2020-09-05,n,
11644,-14.5682,-68.48388,2020-09-05,n,
11645,-14.56404,-68.4846,2020-09-05,n,
11646,-14.50084,-68.46597,2020-09-05,n,
11647,-14.5015,-68.47098,2020-09-05,n,
11648,-14.25105,-68.53535,2020-09-06,n,
11649,-14.25148,-68.53159,2020-09-06,n,
11650,-14.25244,-68.53295,2020-09-06,n,
11651,-14.99082,-68.18193,2020-09-06,n,
11652,-14.99127,-68.17775,2020-09-06,n,
11653,-15.11314,-67.66624,2020-09-06,n,
11654,-15.09394,-67.69407,2020-09-06,n,
11655,-15.09425,-67.69479,2020-09-06,n,
11656,-15.00913,-68.2824,2020-09-06,n,
11657,-14.93296,-68.38969,2020-09-06,n,
11658,-14.81769,-68.51994,2020-09-06,n,
11659,-14.81394,-68.5391,2020-09-06,n,
11660,-14.59529,-68.47603,2020-09-06,h,
11661,-14.59496,-68.47303,2020-09-06,n,
11662,-14.58961,-68.47725,2020-09-06,h,
11663,-14.58929,-68.47436,2020-09-06,n,
11664,-14.57232,-68.47865,2020-09-06,n,
11665,-14.57273,-68.48238,2020-09-06,n,
11666,-15.06442,-68.13609,2020-09-09,n,
11667,-15.06635,-68.1376,2020-09-09,l,
11668,-15.09586,-68.34826,2020-09-09,l,
11669,-15.08913,-68.32706,2020-09-09,n,
11670,-15.08579,-68.32761,2020-09-09,h,
11671,-15.08523,-68.32401,2020-09-09,n,
11672,-15.08189,-68.32458,2020-09-09,n,
11673,-15.03326,-68.15761,2020-09-09,n,
11674,-15.02711,-68.16225,2020-09-09,l,
11675,-15.01819,-68.17114,2020-09-09,n,
11676,-15.01149,-68.17226,2020-09-09,n,
11677,-15.00814,-68.17279,2020-09-09,n,
11678,-15.02906,-68.30713,2020-09-09,l,
11679,-15.00592,-68.18062,2020-09-09,n,
11680,-14.9964,-68.16361,2020-09-09,n,
11681,-14.99503,-68.26479,2020-09-09,n,
11682,-14.9917,-68.2654,2020-09-09,l,
11683,-14.99226,-68.26899,2020-09-09,n,
11684,-14.8062,-67.39938,2020-09-09,n,
11685,-14.90622,-68.4319,2020-09-09,n,
11686,-14.874,-68.48191,2020-09-09,n,
11687,-14.83654,-68.26197,2020-09-09,n,
11688,-14.83265,-68.25903,2020-09-09,h,
11689,-13.98186,-68.97125,2020-09-09,n,
11690,-15.12149,-68.3426,2020-09-10,l,
11691,-15.11771,-68.34316,2020-09-10,n,
11692,-15.1095,-68.33936,2020-09-10,n,
11693,-15.08455,-68.23864,2020-09-10,n,
11694,-15.02219,-68.15058,2020-09-10,n,
11695,-15.01845,-68.15108,2020-09-10,n,
11696,-15.01665,-68.16579,2020-09-10,n,
11697,-15.02416,-68.30549,2020-09-10,n,
11698,-14.86385,-67.40454,2020-09-10,n,
11699,-14.93984,-68.33307,2020-09-10,n,
11700,-14.9001,-68.20972,2020-09-10,n,
11701,-14.82918,-68.56895,2020-09-10,n,
11702,-14.82981,-68.57368,2020-09-10,n,
11703,-14.81833,-68.57497,2020-09-10,n,
11704,-14.58995,-68.47346,2020-09-10,n,
11705,-14.566,-68.46717,2020-09-10,l,
11706,-14.56651,-68.46522,2020-09-10,n,
11707,-15.12759,-68.22452,2020-09-11,n,
11708,-15.12804,-68.22842,2020-09-11,l,
11709,-15.09697,-68.32224,2020-09-11,h,
11710,-15.09563,-68.3206,2020-09-11,h,
11711,-15.09599,-68.32368,2020-09-11,n,
11712,-15.07707,-68.252,2020-09-11,l,
11713,-15.01647,-68.3131,2020-09-11,n,
11714,-14.98642,-68.23112,2020-09-11,n,
11715,-14.98892,-68.23142,2020-09-11,n,
11716,-14.9837,-68.23112,2020-09-11,n,
11717,-14.97823,-68.22868,2020-09-11,h,
11718,-15.00618,-68.46352,2020-09-11,h,
11719,-14.97855,-68.23144,2020-09-11,n,
11720,-15.00575,-68.45994,2020-09-11,n,
11721,-14.97352,-68.23271,2020-09-11,h,
11722,-14.97321,-68.23009,2020-09-11,n,
11723,-14.97384,-68.23541,2020-09-11,n,
11724,-15.0009,-68.46345,2020-09-11,n,
11725,-14.9743,-68.32697,2020-09-11,n,
11726,-14.96215,-68.26816,2020-09-11,h,
11727,-14.95707,-68.26913,2020-09-11,h,
11728,-14.95892,-68.28487,2020-09-11,n,
11729,-14.9583,-68.324,2020-09-11,n,
11730,-14.93255,-68.46407,2020-09-11,h,
11731,-14.90348,-68.20921,2020-09-11,n,
11732,-14.93221,-68.46101,2020-09-11,n,
11733,-14.9329,-68.46716,2020-09-11,n,
11734,-14.92737,-68.46479,2020-09-11,h,
11735,-14.92702,-68.46165,2020-09-11,n,
11736,-14.91693,-68.46547,2020-09-11,n,
11737,-14.9038,-68.36018,2020-09-11,n,
11738,-14.91666,-68.46716,2020-09-11,n,
11739,-14.77778,-68.24229,2020-09-11,n,
11740,-14.82241,-68.42449,2020-09-11,n,
11741,-14.8228,-68.42789,2020-09-11,n,
11742,-14.80504,-68.31814,2020-09-11,n,
11743,-14.77585,-68.24376,2020-09-11,n,
11744,-14.68702,-67.5989,2020-09-11,n,
11745,-14.71997,-68.50546,2020-09-11,h,
11746,-14.72096,-68.51416,2020-09-11,h,
11747,-14.72029,-68.50822,2020-09-11,n,
11748,-14.7206,-68.51098,2020-09-11,n,
11749,-14.72142,-68.5182,2020-09-11,n,
11750,-14.71505,-68.50841,2020-09-11,h,
11751,-14.71471,-68.50545,2020-09-11,n,
11752,-14.67248,-68.73662,2020-09-11,h,
11753,-14.60773,-68.44884,2020-09-11,h,
11754,-14.60221,-68.44632,2020-09-11,n,
11755,-14.60254,-68.44926,2020-09-11,n,
11756,-14.60286,-68.45201,2020-09-11,n,
11757,-14.73962,-68.40283,2020-09-11,n,
11758,-14.73212,-68.42835,2020-09-11,n,
11759,-14.99084,-68.29781,2020-09-12,n,
11760,-14.84357,-68.50631,2020-09-12,h,
11761,-14.83692,-68.43474,2020-09-12,n,
11762,-14.83761,-68.44221,2020-09-12,n,
11763,-14.84413,-68.51237,2020-09-12,n,
11764,-14.84519,-68.51031,2020-09-12,h,
11765,-14.83822,-68.44025,2020-09-12,n,
11766,-14.57949,-68.87311,2020-09-12,n,
11767,-14.57728,-68.87551,2020-09-12,n,
11768,-14.44137,-68.5038,2020-09-12,n,
11769,-14.3698,-68.55131,2020-09-12,h,
11770,-14.37142,-68.54642,2020-09-12,n,
11771,-14.37215,-68.55344,2020-09-12,n,
11772,-14.27126,-68.53102,2020-09-12,n,
11773,-15.04161,-68.45516,2020-09-12,h,
11774,-14.87533,-68.26936,2020-09-12,n,
11775,-14.84586,-68.25314,2020-09-12,n,
11776,-14.84935,-68.25267,2020-09-12,n,
11777,-14.72637,-68.36605,2020-09-12,n,
11778,-14.59104,-68.44737,2020-09-12,h,
11779,-14.59015,-68.44319,2020-09-12,n,
11780,-14.5877,-68.46217,2020-09-12,n,
11781,-14.37201,-68.55019,2020-09-12,h,
11782,-14.36804,-68.55252,2020-09-12,n,
11783,-14.27939,-68.52939,2020-09-12,n,
11784,-14.26678,-68.53091,2020-09-12,n,
11785,-14.24605,-68.55508,2020-09-12,n,
11786,-14.26345,-68.5311,2020-09-12,n,
11787,-14.24884,-68.55431,2020-09-12,n,
11788,-14.27645,-68.53114,2020-09-13,n,
11789,-14.2952,-68.50389,2020-09-13,n,
11790,-14.37051,-68.55,2020-09-13,n,
11791,-14.36967,-68.55216,2020-09-13,n,
11792,-14.59384,-68.44397,2020-09-13,n,
11793,-15.02136,-68.16282,2020-09-13,n,
11794,-14.8238,-68.5194,2020-09-13,n,
11795,-14.59252,-68.46417,2020-09-13,n,
11796,-14.53185,-68.59513,2020-09-13,n,
11797,-14.52723,-68.59556,2020-09-13,n,
11798,-14.29495,-68.48751,2020-09-13,n,
11799,-14.25074,-68.57571,2020-09-13,n,
11800,-14.24148,-68.60235,2020-09-13,n,
11801,-14.31357,-68.51539,2020-09-14,n,
11802,-14.59864,-68.42978,2020-09-14,n,
11803,-14.58689,-68.46776,2020-09-14,l,
11804,-14.5407,-68.49164,2020-09-14,n,
11805,-14.5322,-68.50517,2020-09-14,l,
11806,-14.51006,-68.50862,2020-09-14,l,
11807,-14.499,-68.5065,2020-09-14,n,
11808,-14.49552,-68.5071,2020-09-14,n,
11809,-14.42057,-68.48602,2020-09-14,n,
11810,-14.41639,-68.48241,2020-09-14,n,
11811,-14.41705,-68.4864,2020-09-14,n,
11812,-14.41984,-68.48615,2020-09-14,n,
11813,-14.41568,-68.4825,2020-09-14,n,
11814,-14.41632,-68.48649,2020-09-14,n,
11815,-14.41216,-68.48279,2020-09-14,n,
11816,-14.4128,-68.48678,2020-09-14,l,
11817,-14.40512,-68.48348,2020-09-14,n,
11818,-14.39406,-68.54797,2020-09-14,l,
11819,-14.39468,-68.55183,2020-09-14,l,
11820,-14.34281,-68.54061,2020-09-14,n,
11821,-14.33931,-68.54114,2020-09-14,n,
11822,-14.31633,-68.51674,2020-09-14,n,
11823,-14.31346,-68.52117,2020-09-14,n,
11824,-14.3141,-68.52515,2020-09-14,n,
11825,-14.30997,-68.52174,2020-09-14,n,
11826,-14.31023,-68.54562,2020-09-14,h,
11827,-14.31086,-68.54955,2020-09-14,n,
11828,-14.30675,-68.5462,2020-09-14,n,
11829,-14.29518,-68.49657,2020-09-14,n,
11830,-14.29169,-68.49718,2020-09-14,n,
11831,-14.5755,-68.34164,2020-09-15,n,
11832,-14.96015,-68.29922,2020-09-16,n,
11833,-14.96076,-68.30428,2020-09-16,n,
11834,-14.78434,-68.49191,2020-09-16,n,
11835,-14.38815,-68.54999,2020-09-16,n,
11836,-14.30889,-68.51942,2020-09-16,n,
11837,-14.29861,-68.55185,2020-09-16,n,
11838,-14.31036,-68.52241,2020-09-16,n,
11839,-14.30029,-68.55457,2020-09-16,n,
11840,-14.33878,-68.55726,2020-09-19,n,
11841,-14.30108,-68.54003,2020-09-19,n,
11842,-14.3067,-68.57283,2020-09-19,n,
11843,-14.27021,-68.54044,2020-09-19,n,
11844,-14.27105,-68.54528,2020-09-19,l,
11845,-14.75069,-68.36463,2020-09-19,n,
11846,-14.55044,-68.48895,2020-09-20,n,
11847,-14.5489,-68.48975,2020-09-20,n,
11848,-14.50091,-68.58168,2020-09-20,n,
11849,-14.46598,-68.51756,2020-09-25,n,
11850,-15.12235,-68.19823,2020-09-25,l,
11851,-15.1118,-68.21864,2020-09-25,l,
11852,-15.10765,-68.34592,2020-09-25,n,
11853,-15.0989,-68.34786,2020-09-25,l,
11854,-15.06984,-68.24845,2020-09-25,n,
11855,-15.06649,-68.24899,2020-09-25,n,
11856,-15.05198,-68.2439,2020-09-25,n,
11857,-15.00829,-68.16183,2020-09-25,n,
11858,-15.01852,-68.24944,2020-09-25,l,
11859,-15.02384,-68.45999,2020-09-25,n,
11860,-14.96811,-68.31076,2020-09-25,n,
11861,-14.95249,-68.27633,2020-09-25,n,
11862,-14.95304,-68.27992,2020-09-25,l,
11863,-14.93815,-68.44898,2020-09-25,n,
11864,-14.93537,-68.45312,2020-09-25,n,
11865,-14.92199,-68.41094,2020-09-25,n,
11866,-14.87825,-68.24021,2020-09-25,n,
11867,-14.87082,-68.27148,2020-09-25,n,
11868,-14.8563,-68.26626,2020-09-25,h,
11869,-14.85294,-68.26673,2020-09-25,n,
11870,-14.88589,-68.52432,2020-09-25,n,
11871,-14.86201,-68.41393,2020-09-25,n,
11872,-14.87867,-68.52182,2020-09-25,n,
11873,-14.85868,-68.41451,2020-09-25,n,
11874,-14.82624,-68.29362,2020-09-25,n,
11875,-14.80954,-68.29649,2020-09-25,l,
11876,-14.61543,-68.43969,2020-09-25,n,
11877,-14.63271,-68.66191,2020-09-25,n,
11878,-14.58982,-68.45126,2020-09-25,n,
11879,-14.58152,-68.45343,2020-09-25,l,
11880,-14.562,-68.48218,2020-09-25,n,
11881,-14.56256,-68.48576,2020-09-25,l,
11882,-14.54976,-68.49157,2020-09-25,l,
11883,-14.55031,-68.49517,2020-09-25,n,
11884,-14.54642,-68.49211,2020-09-25,l,
11885,-14.54753,-68.49934,2020-09-25,l,
11886,-14.53139,-68.50562,2020-09-25,n,
11887,-14.52805,-68.50613,2020-09-25,n,
11888,-14.51696,-68.47873,2020-09-25,l,
11889,-14.51752,-68.48232,2020-09-25,l,
11890,-14.51134,-68.5088,2020-09-25,n,
11891,-14.50076,-68.50684,2020-09-25,l,
11892,-14.49129,-68.51204,2020-09-25,h,
11893,-14.48851,-68.51617,2020-09-25,n,
11894,-14.48518,-68.51672,2020-09-25,l,
11895,-14.48362,-68.52111,2020-09-25,l,
11896,-14.46418,-68.50612,2020-09-25,l,
11897,-14.46472,-68.50963,2020-09-25,n,
11898,-14.46581,-68.51667,2020-09-25,n,
11899,-14.4569,-68.52543,2020-09-25,h,
11900,-14.45634,-68.52184,2020-09-25,n,
11901,-14.45301,-68.52241,2020-09-25,n,
11902,-14.4107,-68.58085,2020-09-25,n,
11903,-14.41126,-68.58449,2020-09-25,n,
11904,-14.39065,-68.53983,2020-09-25,n,
11905,-14.38731,-68.54038,2020-09-25,n,
11906,-14.3873,-68.56245,2020-09-25,l,
11907,-14.3834,-68.55936,2020-09-25,n,
11908,-14.38216,-68.56332,2020-09-25,n,
11909,-14.32928,-68.55341,2020-09-25,n,
11910,-14.49282,-68.50999,2020-09-26,n,
11911,-15.06588,-68.25523,2020-09-26,n,
11912,-14.91306,-68.34354,2020-09-26,n,
11913,-14.9068,-68.44038,2020-09-26,n,
11914,-14.90239,-68.43629,2020-09-26,n,
11915,-14.74197,-67.4415,2020-09-26,n,
11916,-14.85389,-68.27351,2020-09-26,n,
11917,-14.85452,-68.27829,2020-09-26,n,
11918,-14.73838,-67.44204,2020-09-26,n,
11919,-14.83822,-68.24152,2020-09-26,n,
11920,-14.85353,-68.27669,2020-09-26,n,
11921,-14.85418,-68.28137,2020-09-26,n,
11922,-14.83213,-68.28802,2020-09-26,n,
11923,-14.83277,-68.29266,2020-09-26,n,
11924,-14.82571,-68.2691,2020-09-26,n,
11925,-14.82835,-68.28834,2020-09-26,n,
11926,-14.82899,-68.29303,2020-09-26,n,
11927,-14.8315,-68.31136,2020-09-26,n,
11928,-14.82521,-68.29338,2020-09-26,n,
11929,-14.81769,-68.35065,2020-09-26,n,
11930,-14.79767,-68.316,2020-09-26,n,
11931,-14.79888,-68.41064,2020-09-26,l,
11932,-14.79511,-68.41125,2020-09-26,n,
11933,-14.77976,-68.52846,2020-09-26,n,
11934,-14.7585,-68.45473,2020-09-26,n,
11935,-14.78122,-68.53073,2020-09-26,n,
11936,-14.75948,-68.45702,2020-09-26,n,
11937,-14.74697,-68.5067,2020-09-26,n,
11938,-14.72661,-68.47059,2020-09-26,n,
11939,-14.61573,-68.44797,2020-09-26,n,
11940,-14.59244,-68.44645,2020-09-26,n,
11941,-14.5761,-68.46815,2020-09-26,n,
11942,-14.56292,-68.48502,2020-09-26,n,
11943,-14.54838,-68.49173,2020-09-26,l,
11944,-14.549,-68.49644,2020-09-26,n,
11945,-14.54957,-68.50074,2020-09-26,n,
11946,-14.55015,-68.50507,2020-09-26,n,
11947,-14.55957,-68.48376,2020-09-26,n,
11948,-14.55645,-68.48903,2020-09-26,n,
11949,-14.54886,-68.48996,2020-09-26,l,
11950,-14.54952,-68.49474,2020-09-26,n,
11951,-14.55071,-68.50341,2020-09-26,n,
11952,-14.55132,-68.50787,2020-09-26,n,
11953,-14.54752,-68.50833,2020-09-26,n,
11954,-14.54058,-68.48587,2020-09-26,l,
11955,-14.5368,-68.48642,2020-09-26,n,
11956,-14.53752,-68.49162,2020-09-26,n,
11957,-14.52855,-68.48241,2020-09-26,n,
11958,-14.50482,-68.50632,2020-09-26,n,
11959,-14.4979,-68.51228,2020-09-26,n,
11960,-14.45719,-68.46684,2020-09-26,n,
11961,-14.46069,-68.52258,2020-09-26,n,
11962,-14.4569,-68.52306,2020-09-26,n,
11963,-14.4531,-68.5235,2020-09-26,n,
11964,-14.44549,-68.52425,2020-09-26,n,
11965,-14.45693,-68.52113,2020-09-26,n,
11966,-14.45761,-68.52602,2020-09-26,l,
11967,-14.45314,-68.52161,2020-09-26,n,
11968,-14.45381,-68.52648,2020-09-26,n,
11969,-14.44552,-68.52235,2020-09-26,l,
11970,-14.4462,-68.52724,2020-09-26,n,
11971,-14.44172,-68.52277,2020-09-26,n,
11972,-14.44239,-68.52765,2020-09-26,l,
11973,-14.40596,-68.54356,2020-09-26,n,
11974,-14.40661,-68.54834,2020-09-26,n,
11975,-14.411,-68.58083,2020-09-26,n,
11976,-14.39838,-68.54459,2020-09-26,n,
11977,-14.3908,-68.54565,2020-09-26,n,
11978,-14.37877,-68.5423,2020-09-26,n,
11979,-14.37059,-68.5388,2020-09-26,n,
11980,-14.36739,-68.54377,2020-09-26,n,
11981,-14.36996,-68.56313,2020-09-26,n,
11982,-14.36614,-68.56344,2020-09-26,n,
11983,-14.33322,-68.54184,2020-09-26,n,
11984,-14.33389,-68.54669,2020-09-26,n,
11985,-14.28784,-68.54851,2020-09-26,n,
11986,-13.98919,-68.93303,2020-09-26,n,
11987,-15.17233,-67.68138,2020-09-27,n,
11988,-14.70538,-68.49959,2020-09-27,n,
11989,-14.70571,-68.50237,2020-09-27,n,
11990,-14.56165,-68.48972,2020-09-27,h,
11991,-14.56098,-68.48385,2020-09-27,l,
11992,-14.5565,-68.49052,2020-09-27,h,
11993,-14.54657,-68.46594,2020-09-27,n,
11994,-14.52004,-68.50693,2020-09-27,h,
11995,-14.39252,-68.54585,2020-09-27,l,
11996,-14.38734,-68.54653,2020-09-27,n,
11997,-14.32666,-68.57934,2020-09-27,h,
11998,-14.32115,-68.57722,2020-09-27,n,
11999,-14.32146,-68.57982,2020-09-27,n,
12000,-13.99862,-68.95322,2020-09-27,n,
12001,-14.57063,-68.71743,2020-09-28,n,
12002,-14.56768,-68.71822,2020-09-28,n,
12003,-14.56834,-68.71265,2020-09-28,n,
12004,-14.57065,-68.71404,2020-09-28,n,
12005,-14.57792,-68.4543,2020-09-29,n,
12006,-14.57874,-68.45195,2020-09-29,n,
12007,-14.50441,-68.51117,2020-09-29,n,
12008,-14.50545,-68.51672,2020-09-29,n,
12009,-14.31933,-68.55128,2020-09-29,n,
12010,-14.31475,-68.55209,2020-09-29,n,
12011,-14.5073,-68.51295,2020-09-30,n,
12012,-15.17604,-67.68507,2020-09-30,n,
12013,-15.1789,-68.16653,2020-09-30,n,
12014,-15.14419,-68.33222,2020-09-30,n,
12015,-15.14485,-68.3363,2020-09-30,n,
12016,-15.14073,-68.33295,2020-09-30,n,
12017,-14.86152,-68.41427,2020-09-30,n,
12018,-14.61736,-68.44205,2020-09-30,n,
12019,-14.58424,-68.48031,2020-09-30,n,
12020,-14.57369,-68.48153,2020-09-30,n,
12021,-14.57436,-68.48561,2020-09-30,n,
12022,-14.5732,-68.48557,2020-09-30,n,
12023,-14.57038,-68.49033,2020-09-30,n,
12024,-14.57068,-68.71439,2020-09-30,n,
12025,-14.57129,-68.71823,2020-09-30,n,
12026,-14.50953,-68.51205,2020-09-30,n,
12027,-14.50604,-68.51263,2020-09-30,n,
12028,-14.45624,-68.54119,2020-09-30,n,
12029,-14.45688,-68.5452,2020-09-30,n,
12030,-14.39702,-68.55072,2020-09-30,n,
12031,-14.39765,-68.55463,2020-09-30,n,
12032,-14.24889,-68.57574,2020-09-30,l,
12033,-14.57194,-68.71941,2020-10-01,n,
12034,-14.792,-68.32677,2020-10-01,l,
12035,-14.79254,-68.33065,2020-10-01,n,
12036,-14.78852,-68.32732,2020-10-01,n,
12037,-14.78907,-68.33124,2020-10-01,n,
12038,-14.61853,-68.44877,2020-10-01,n,
12039,-14.57727,-68.33267,2020-10-01,n,
12040,-14.57893,-68.44605,2020-10-01,n,
12041,-14.57949,-68.45007,2020-10-01,n,
12042,-14.58343,-68.47839,2020-10-01,n,
12043,-14.57542,-68.44641,2020-10-01,n,
12044,-14.57353,-68.48428,2020-10-01,n,
12045,-14.57256,-68.48415,2020-10-01,n,
12046,-14.54574,-68.49646,2020-10-01,l,
12047,-14.54225,-68.49702,2020-10-01,l,
12048,-14.52588,-68.50755,2020-10-01,n,
12049,-14.52239,-68.50813,2020-10-01,h,
12050,-14.50895,-68.51426,2020-10-01,l,
12051,-14.50491,-68.51093,2020-10-01,l,
12052,-14.50545,-68.51478,2020-10-01,l,
12053,-14.49787,-68.48611,2020-10-01,n,
12054,-14.50248,-68.51905,2020-10-01,n,
12055,-14.49207,-68.49571,2020-10-01,n,
12056,-14.49267,-68.49999,2020-10-01,l,
12057,-14.45372,-68.53074,2020-10-01,n,
12058,-14.30841,-68.51982,2020-10-01,l,
12059,-14.29914,-68.50469,2020-10-01,n,
12060,-14.30426,-68.54098,2020-10-01,l,
12061,-13.95945,-68.97139,2020-10-01,n,
12062,-14.50717,-68.51347,2020-10-02,n,
12063,-14.50531,-68.5154,2020-10-02,n,
12064,-14.50605,-68.51186,2020-10-02,n,
12065,-14.5187,-68.50954,2020-10-02,n,
12066,-14.52471,-68.50995,2020-10-02,n,
12067,-14.54243,-68.69094,2020-10-02,n,
12068,-14.5413,-68.6965,2020-10-02,n,
12069,-14.54822,-68.69271,2020-10-02,n,
12070,-14.5414,-68.69437,2020-10-02,n,
12071,-15.14262,-68.21967,2020-10-02,n,
12072,-15.14326,-68.22487,2020-10-02,n,
12073,-15.1334,-68.33694,2020-10-02,n,
12074,-15.10934,-68.21446,2020-10-02,n,
12075,-15.10987,-68.2189,2020-10-02,l,
12076,-15.10475,-68.21508,2020-10-02,n,
12077,-15.1063,-68.22797,2020-10-02,n,
12078,-14.85669,-68.42287,2020-10-02,n,
12079,-14.8573,-68.42782,2020-10-02,n,
12080,-14.68533,-68.51132,2020-10-02,n,
12081,-14.68658,-68.50896,2020-10-02,n,
12082,-14.63327,-68.65511,2020-10-02,n,
12083,-14.59284,-68.47545,2020-10-02,n,
12084,-14.5673,-68.48277,2020-10-02,n,
12085,-14.55801,-68.48384,2020-10-02,l,
12086,-14.55915,-68.49304,2020-10-02,n,
12087,-14.55051,-68.69331,2020-10-02,n,
12088,-14.54583,-68.69411,2020-10-02,n,
12089,-14.54114,-68.69482,2020-10-02,n,
12090,-14.46867,-68.51343,2020-10-02,n,
12091,-14.46321,-68.5075,2020-10-02,l,
12092,-14.46402,-68.51398,2020-10-02,n,
12093,-15.15022,-68.19953,2020-10-03,n,
12094,-15.12664,-68.34602,2020-10-03,n,
12095,-15.10776,-68.21889,2020-10-03,n,
12096,-15.11347,-68.34206,2020-10-03,n,
12097,-15.10373,-68.21742,2020-10-03,n,
12098,-15.11642,-68.33856,2020-10-03,n,
12099,-15.11709,-68.34496,2020-10-03,n,
12100,-15.07992,-68.2326,2020-10-03,n,
12101,-15.04611,-68.27478,2020-10-03,h,
12102,-15.04655,-68.27921,2020-10-03,n,
12103,-15.03399,-68.28079,2020-10-03,n,
12104,-15.03494,-68.29024,2020-10-03,n,
12105,-15.02867,-68.29126,2020-10-03,n,
12106,-15.02917,-68.29623,2020-10-03,n,
12107,-15.04396,-68.27725,2020-10-03,h,
12108,-15.03873,-68.28786,2020-10-03,n,
12109,-15.03144,-68.27925,2020-10-03,n,
12110,-15.03242,-68.28835,2020-10-03,n,
12111,-15.02672,-68.29461,2020-10-03,h,
12112,-14.65342,-68.72734,2020-10-03,n,
12113,-14.57724,-68.74609,2020-10-03,n,
12114,-14.23984,-68.53801,2020-10-03,n,
12115,-15.18269,-68.16558,2020-10-03,n,
12116,-15.18231,-68.16342,2020-10-03,n,
12117,-15.14023,-68.23214,2020-10-03,n,
12118,-15.13497,-68.24062,2020-10-03,n,
12119,-15.12853,-68.24371,2020-10-03,n,
12120,-15.03841,-68.29113,2020-10-03,n,
12121,-14.71926,-68.38522,2020-10-04,n,
12122,-15.26011,-67.89783,2020-10-05,n,
12123,-15.1581,-67.67931,2020-10-05,l,
12124,-15.0351,-68.27913,2020-10-05,n,
12125,-15.02348,-68.25627,2020-10-05,n,
12126,-14.56026,-68.58115,2020-10-05,n,
12127,-14.55949,-68.58018,2020-10-05,n,
12128,-14.48,-68.49689,2020-10-05,n,
12129,-14.47627,-68.49766,2020-10-05,n,
12130,-14.40877,-68.58057,2020-10-05,l,
12131,-14.31375,-68.54305,2020-10-05,l,
12132,-14.28514,-68.53393,2020-10-05,n,
12133,-13.98826,-68.94912,2020-10-05,n,
12134,-14.47302,-68.50913,2020-10-06,n,
12135,-14.47688,-68.50999,2020-10-06,n,
12136,-14.47892,-68.49844,2020-10-06,n,
12137,-15.15687,-67.67818,2020-10-06,n,
12138,-15.13343,-68.22357,2020-10-06,n,
12139,-15.12234,-68.21789,2020-10-06,n,
12140,-15.12287,-68.22147,2020-10-06,n,
12141,-15.13012,-68.31664,2020-10-06,l,
12142,-15.05113,-68.23682,2020-10-06,n,
12143,-15.04779,-68.23738,2020-10-06,n,
12144,-15.02295,-68.30032,2020-10-06,n,
12145,-15.01961,-68.30084,2020-10-06,n,
12146,-14.99914,-68.27791,2020-10-06,n,
12147,-15.0103,-68.44638,2020-10-06,n,
12148,-14.97044,-68.24553,2020-10-06,n,
12149,-14.97883,-68.32556,2020-10-06,l,
12150,-14.95366,-68.23741,2020-10-06,n,
12151,-14.94458,-68.36032,2020-10-06,n,
12152,-14.93843,-68.36497,2020-10-06,n,
12153,-14.94016,-68.44612,2020-10-06,h,
12154,-14.93963,-68.4425,2020-10-06,n,
12155,-14.93682,-68.44665,2020-10-06,n,
12156,-14.90046,-68.29326,2020-10-06,n,
12157,-14.90006,-68.52279,2020-10-06,n,
12158,-14.88771,-68.49918,2020-10-06,n,
12159,-14.83291,-68.24545,2020-10-06,n,
12160,-14.69076,-67.59423,2020-10-06,n,
12161,-14.81456,-68.51417,2020-10-06,l,
12162,-14.77875,-68.46841,2020-10-06,n,
12163,-14.73592,-68.54915,2020-10-06,n,
12164,-14.73646,-68.55281,2020-10-06,n,
12165,-14.73257,-68.54967,2020-10-06,n,
12166,-14.7331,-68.5533,2020-10-06,n,
12167,-14.71352,-68.5599,2020-10-06,n,
12168,-14.69008,-68.56353,2020-10-06,n,
12169,-14.6782,-68.75237,2020-10-06,n,
12170,-14.67485,-68.75296,2020-10-06,n,
12171,-14.62621,-68.65551,2020-10-06,n,
12172,-14.58342,-68.48099,2020-10-06,l,
12173,-14.49475,-68.51785,2020-10-06,n,
12174,-14.47759,-68.49415,2020-10-06,n,
12175,-14.47425,-68.49465,2020-10-06,n,
12176,-14.47587,-68.50574,2020-10-06,n,
12177,-14.31246,-68.49131,2020-10-06,n,
12178,-14.30912,-68.4918,2020-10-06,n,
12179,-14.30966,-68.49543,2020-10-06,l,
12180,-13.95639,-68.96973,2020-10-07,n,
12181,-15.09043,-68.24747,2020-10-08,h,
12182,-14.92518,-68.45818,2020-10-08,n,
12183,-14.92563,-68.46233,2020-10-08,n,
12184,-14.8914,-68.52419,2020-10-08,n,
12185,-14.82437,-68.55968,2020-10-08,n,
12186,-14.68218,-68.54176,2020-10-08,n,
12187,-14.67589,-68.53748,2020-10-08,n,
12188,-14.67635,-68.54184,2020-10-08,n,
12189,-14.6436,-68.28771,2020-10-08,n,
12190,-14.68079,-68.54107,2020-10-08,h,
12191,-14.64619,-68.28738,2020-10-08,n,
12192,-14.67456,-68.53751,2020-10-08,n,
12193,-14.67503,-68.54171,2020-10-08,n,
12194,-14.65402,-68.66857,2020-10-08,h,
12195,-14.65437,-68.67169,2020-10-08,n,
12196,-14.65473,-68.67496,2020-10-08,n,
12197,-14.64841,-68.67104,2020-10-08,n,
12198,-14.55901,-68.49244,2020-10-08,n,
12199,-14.55933,-68.49548,2020-10-08,n,
12200,-14.55333,-68.49366,2020-10-08,h,
12201,-14.55368,-68.49704,2020-10-08,n,
12202,-14.55802,-68.4925,2020-10-08,h,
12203,-14.55837,-68.49558,2020-10-08,n,
12204,-14.55235,-68.4937,2020-10-08,h,
12205,-14.55273,-68.4971,2020-10-08,h,
12206,-14.49028,-68.51057,2020-10-08,l,
12207,-14.85359,-68.27588,2020-10-08,n,
12208,-14.89064,-68.52415,2020-10-08,n,
12209,-14.85668,-68.27473,2020-10-08,n,
12210,-14.86576,-68.5634,2020-10-08,h,
12211,-14.39826,-68.53471,2020-10-08,n,
12212,-14.3925,-68.53526,2020-10-08,n,
12213,-14.33566,-68.55224,2020-10-08,n,
12214,-14.33611,-68.55625,2020-10-08,n,
12215,-14.24865,-68.55424,2020-10-08,n,
12216,-14.24017,-68.59281,2020-10-08,h,
12217,-13.99936,-68.90385,2020-10-08,h,
12218,-13.99513,-68.90378,2020-10-08,n,
12219,-15.03079,-68.15302,2020-10-09,n,
12220,-14.99339,-68.17267,2020-10-09,n,
12221,-14.99422,-68.1767,2020-10-09,n,
12222,-15.00977,-68.17523,2020-10-09,n,
12223,-14.99204,-68.17529,2020-10-09,h,
12224,-14.96292,-68.43709,2020-10-09,h,
12225,-14.96608,-68.4381,2020-10-09,n,
12226,-14.93098,-68.31972,2020-10-09,n,
12227,-14.93053,-68.4641,2020-10-09,n,
12228,-14.88368,-68.43377,2020-10-09,n,
12229,-14.89705,-68.49985,2020-10-09,n,
12230,-14.24524,-68.06116,2020-10-09,n,
12231,-14.8323,-68.51297,2020-10-09,n,
12232,-14.75157,-68.44141,2020-10-09,n,
12233,-14.71529,-68.46455,2020-10-09,h,
12234,-14.67499,-68.26284,2020-10-09,n,
12235,-14.71461,-68.46113,2020-10-09,n,
12236,-14.70915,-68.46301,2020-10-09,n,
12237,-14.70372,-68.46504,2020-10-09,l,
12238,-14.66935,-68.66805,2020-10-09,n,
12239,-14.66369,-68.66857,2020-10-09,h,
12240,-14.66476,-68.67379,2020-10-09,n,
12241,-14.66488,-68.66648,2020-10-09,h,
12242,-14.56256,-68.47392,2020-10-09,n,
12243,-14.48155,-68.48885,2020-10-09,n,
12244,-14.4677,-68.47817,2020-10-09,n,
12245,-14.45957,-68.46691,2020-10-09,h,
12246,-14.46198,-68.47884,2020-10-09,n,
12247,-14.46263,-68.48205,2020-10-09,n,
12248,-14.46435,-68.51962,2020-10-09,h,
12249,-14.46505,-68.52309,2020-10-09,n,
12250,-14.39425,-68.53378,2020-10-09,n,
12251,-14.39496,-68.53732,2020-10-09,n,
12252,-13.96059,-68.94942,2020-10-09,h,
12253,-14.46143,-68.52035,2020-10-10,n,
12254,-14.59484,-68.51514,2020-10-10,n,
12255,-14.59824,-68.51575,2020-10-10,n,
12256,-14.66507,-68.67225,2020-10-10,n,
12257,-14.66787,-68.67678,2020-10-10,n,
12258,-14.67125,-68.67749,2020-10-10,n,
12259,-14.71961,-68.47162,2020-10-10,n,
12260,-15.10348,-68.22976,2020-10-10,n,
12261,-15.09387,-68.24778,2020-10-10,n,
12262,-15.0932,-68.24844,2020-10-10,n,
12263,-15.10671,-68.3503,2020-10-10,n,
12264,-15.10264,-68.35133,2020-10-10,n,
12265,-15.03148,-68.23923,2020-10-10,n,
12266,-15.0321,-68.24271,2020-10-10,n,
12267,-15.02728,-68.23977,2020-10-10,n,
12268,-14.95655,-68.40363,2020-10-10,n,
12269,-14.96212,-68.43496,2020-10-10,n,
12270,-14.93753,-68.39246,2020-10-10,n,
12271,-14.93822,-68.39632,2020-10-10,n,
12272,-14.93738,-68.46275,2020-10-10,n,
12273,-14.88789,-68.4099,2020-10-10,n,
12274,-14.86694,-68.3877,2020-10-10,n,
12275,-14.86763,-68.39159,2020-10-10,n,
12276,-14.86287,-68.3888,2020-10-10,n,
12277,-14.84367,-68.49605,2020-10-10,n,
12278,-14.80125,-68.30722,2020-10-10,n,
12279,-14.77569,-68.23725,2020-10-10,n,
12280,-14.74547,-68.50672,2020-10-10,l,
12281,-14.72116,-68.46575,2020-10-10,l,
12282,-14.71769,-68.47013,2020-10-10,n,
12283,-14.70881,-68.52715,2020-10-10,l,
12284,-14.63244,-68.40715,2020-10-10,n,
12285,-14.64194,-68.46073,2020-10-10,n,
12286,-14.65143,-68.53819,2020-10-10,n,
12287,-14.64942,-68.5507,2020-10-10,n,
12288,-14.66797,-68.6791,2020-10-10,h,
12289,-14.62237,-68.44658,2020-10-10,n,
12290,-14.61123,-68.43204,2020-10-10,n,
12291,-14.5959,-68.5125,2020-10-10,n,
12292,-14.59667,-68.51675,2020-10-10,n,
12293,-14.59828,-68.5256,2020-10-10,n,
12294,-14.59379,-68.51324,2020-10-10,n,
12295,-14.59451,-68.51746,2020-10-10,n,
12296,-14.59604,-68.52628,2020-10-10,n,
12297,-14.5911,-68.52228,2020-10-10,h,
12298,-14.59184,-68.52654,2020-10-10,n,
12299,-14.56122,-68.49714,2020-10-10,n,
12300,-14.57822,-68.71391,2020-10-10,n,
12301,-14.48203,-68.48314,2020-10-10,n,
12302,-14.4826,-68.48634,2020-10-10,n,
12303,-14.48087,-68.48394,2020-10-10,n,
12304,-14.47735,-68.48818,2020-10-10,n,
12305,-14.46618,-68.47308,2020-10-10,n,
12306,-14.46687,-68.47705,2020-10-10,n,
12307,-14.47364,-68.51574,2020-10-10,n,
12308,-14.47424,-68.51914,2020-10-10,l,
12309,-14.46184,-68.52129,2020-10-10,l,
12310,-14.39579,-68.5331,2020-10-10,n,
12311,-14.39644,-68.53672,2020-10-10,n,
12312,-14.39077,-68.55258,2020-10-10,l,
12313,-14.38891,-68.55316,2020-10-10,n,
12314,-14.30168,-68.54158,2020-10-10,n,
12315,-14.0781,-68.85004,2020-10-10,n,
12316,-14.0739,-68.85004,2020-10-10,n,
12317,-14.46241,-68.4814,2020-10-11,n,
12318,-14.46671,-68.47768,2020-10-11,n,
12319,-14.46741,-68.47351,2020-10-11,n,
12320,-14.48109,-68.5125,2020-10-11,n,
12321,-14.67899,-68.54752,2020-10-11,n,
12322,-14.67971,-68.54321,2020-10-11,n,
12323,-14.68251,-68.54849,2020-10-11,n,
12324,-14.66354,-68.68333,2020-10-11,n,
12325,-14.66717,-68.68374,2020-10-11,n,
12326,-14.66789,-68.67941,2020-10-11,n,
12327,-14.67221,-68.67572,2020-10-11,n,
12328,-14.67512,-68.68039,2020-10-11,n,
12329,-14.6758,-68.67635,2020-10-11,n,
12330,-14.66863,-68.68307,2020-10-11,n,
12331,-14.67008,-68.67467,2020-10-11,n,
12332,-14.67301,-68.67918,2020-10-11,n,
12333,-14.6766,-68.67982,2020-10-11,n,
12334,-14.86996,-68.39753,2020-10-11,n,
12335,-14.87347,-68.39829,2020-10-11,n,
12336,-14.87699,-68.39908,2020-10-11,n,
12337,-14.87768,-68.39497,2020-10-11,n,
12338,-14.8805,-68.39983,2020-10-11,n,
12339,-14.99545,-68.19144,2020-10-11,n,
12340,-15.14984,-68.23909,2020-10-11,n,
12341,-14.88137,-68.39826,2020-10-11,n,
12342,-14.90035,-68.52073,2020-10-11,n,
12343,-14.89645,-68.51765,2020-10-11,n,
12344,-14.89701,-68.52124,2020-10-11,l,
12345,-14.74158,-67.62125,2020-10-11,n,
12346,-14.74218,-67.62501,2020-10-11,n,
12347,-14.83906,-68.56004,2020-10-11,n,
12348,-14.64755,-68.32983,2020-10-11,n,
12349,-14.62392,-68.56705,2020-10-11,n,
12350,-14.58166,-68.53692,2020-10-11,n,
12351,-14.54483,-68.59889,2020-10-11,l,
12352,-14.53374,-68.59342,2020-10-11,n,
12353,-14.53429,-68.59702,2020-10-11,n,
12354,-14.5315,-68.6011,2020-10-11,l,
12355,-14.51364,-68.50737,2020-10-11,n,
12356,-14.52817,-68.60164,2020-10-11,n,
12357,-14.52483,-68.60215,2020-10-11,n,
12358,-14.52538,-68.60574,2020-10-11,n,
12359,-14.49312,-68.48537,2020-10-11,n,
12360,-14.48977,-68.48592,2020-10-11,n,
12361,-14.49032,-68.48944,2020-10-11,l,
12362,-14.4814,-68.49821,2020-10-11,l,
12363,-14.48024,-68.51285,2020-10-11,l,
12364,-14.4741,-68.51746,2020-10-11,n,
12365,-14.47076,-68.51799,2020-10-11,n,
12366,-14.23409,-68.05667,2020-10-11,n,
12367,-15.10249,-68.2305,2020-10-11,n,
12368,-14.85365,-68.55012,2020-10-12,l,
12369,-14.69142,-67.59563,2020-10-12,n,
12370,-14.59111,-68.4518,2020-10-12,n,
12371,-14.46442,-68.47855,2020-10-12,l,
12372,-14.39526,-68.53529,2020-10-12,n,
12373,-14.26363,-68.04599,2020-10-12,n,
12374,-14.07296,-68.84962,2020-10-12,n,
12375,-14.06917,-68.85053,2020-10-12,n,
12376,-14.67467,-68.67113,2020-10-13,h,
12377,-14.67388,-68.6748,2020-10-13,n,
12378,-14.6755,-68.66734,2020-10-13,n,
12379,-14.68036,-68.676,2020-10-13,n,
12380,-14.68118,-68.67221,2020-10-13,n,
12381,-14.67882,-68.67039,2020-10-13,n,
12382,-14.67965,-68.66267,2020-10-13,n,
12383,-14.74148,-67.62669,2020-10-13,n,
12384,-14.75214,-68.22176,2020-10-15,n,
12385,-14.46057,-68.50828,2020-10-15,n,
12386,-14.45597,-68.509,2020-10-15,n,
12387,-14.42404,-68.49026,2020-10-15,n,
12388,-14.80347,-67.39902,2020-10-22,n,
12389,-14.87404,-68.34971,2020-10-23,n,
12390,-14.8104,-68.28047,2020-10-23,n,
12391,-14.81099,-68.28515,2020-10-23,n,
12392,-14.60451,-68.44343,2020-10-23,n,
12393,-14.51086,-68.51278,2020-10-23,n,
12394,-15.17416,-68.1692,2020-10-24,n,
12395,-15.16838,-68.16868,2020-10-24,n,
12396,-15.09767,-68.22984,2020-10-24,n,
12397,-15.09196,-68.23024,2020-10-24,h,
12398,-15.09231,-68.23335,2020-10-24,n,
12399,-14.72896,-67.61075,2020-10-24,h,
12400,-14.72936,-67.61426,2020-10-24,n,
12401,-14.72432,-67.61836,2020-10-24,h,
12402,-14.65723,-68.43541,2020-10-24,n,
12403,-14.61545,-68.42445,2020-10-24,n,
12404,-14.61123,-68.43854,2020-10-24,n,
12405,-14.60493,-68.43398,2020-10-24,n,
12406,-14.56684,-68.45653,2020-10-24,n,
12407,-14.56332,-68.47771,2020-10-24,n,
12408,-14.55924,-68.49377,2020-10-24,n,
12409,-14.56171,-68.47724,2020-10-24,n,
12410,-14.55781,-68.49392,2020-10-24,n,
12411,-14.55816,-68.49698,2020-10-24,l,
12412,-14.5176,-68.49802,2020-10-24,n,
12413,-15.03807,-68.2785,2020-10-24,h,
12414,-15.27014,-68.08193,2020-10-25,n,
12415,-15.13301,-67.67526,2020-10-25,n,
12416,-14.30844,-68.53864,2020-10-26,n,
12417,-15.10232,-68.21915,2020-10-26,n,
12418,-14.94517,-68.45674,2020-10-26,n,
12419,-14.92664,-68.44794,2020-10-26,n,
12420,-14.92728,-68.45156,2020-10-26,n,
12421,-14.61627,-68.43398,2020-10-26,n,
12422,-14.58714,-68.46223,2020-10-26,n,
12423,-14.55896,-68.49521,2020-10-26,n,
12424,-14.55948,-68.46124,2020-10-26,n,
12425,-14.55694,-68.49568,2020-10-26,n,
12426,-14.5546,-68.55555,2020-10-26,n,
12427,-14.55528,-68.55942,2020-10-26,n,
12428,-14.55045,-68.55605,2020-10-26,n,
12429,-14.5463,-68.55652,2020-10-26,n,
12430,-14.54693,-68.56014,2020-10-26,n,
12431,-14.53025,-68.48917,2020-10-26,n,
12432,-14.52487,-68.4828,2020-10-26,n,
12433,-14.52856,-68.5038,2020-10-26,n,
12434,-14.51889,-68.47305,2020-10-26,n,
12435,-14.52443,-68.5045,2020-10-26,n,
12436,-14.52081,-68.48398,2020-10-26,n,
12437,-14.49614,-68.51309,2020-10-26,n,
12438,-14.46965,-68.50788,2020-10-26,n,
12439,-14.30909,-68.53547,2020-10-26,n,
12440,-14.30493,-68.53607,2020-10-26,n,
12441,-14.0117,-68.92858,2020-10-26,n,
12442,-14.00762,-68.92912,2020-10-26,n,
12443,-13.98251,-68.9281,2020-10-26,n,
12444,-13.97005,-68.9527,2020-10-26,n,
12445,-13.97062,-68.95603,2020-10-26,n,
12446,-14.32618,-68.56169,2020-10-28,n,
12447,-14.30721,-68.53557,2020-10-28,n,
12448,-14.9686,-68.23998,2020-10-29,n,
12449,-15.19655,-67.6744,2020-11-04,n,
12450,-15.19695,-67.67844,2020-11-04,n,
12451,-15.1966,-67.67789,2020-11-04,h,
12452,-15.08758,-67.70245,2020-11-04,n,
12453,-15.10673,-68.23857,2020-11-04,n,
12454,-13.97934,-68.91669,2020-11-04,h,
12455,-13.97998,-68.92292,2020-11-04,n,
12456,-13.97921,-68.9194,2020-11-04,h,
12457,-13.97861,-68.91384,2020-11-04,n,
12458,-13.97996,-68.92621,2020-11-04,n,
12459,-15.08074,-68.31931,2020-11-05,n,
12460,-15.07575,-68.32077,2020-11-05,n,
12461,-15.04594,-68.27666,2020-11-05,h,
12462,-14.90384,-68.44061,2020-11-05,n,
12463,-14.91135,-68.47959,2020-11-05,n,
12464,-14.84453,-68.32548,2020-11-05,n,
12465,-14.79984,-68.54099,2020-11-05,h,
12466,-14.80049,-68.54435,2020-11-05,n,
12467,-14.78987,-68.51649,2020-11-05,n,
12468,-14.63276,-68.49279,2020-11-05,h,
12469,-14.58343,-68.42752,2020-11-05,n,
12470,-14.58387,-68.42979,2020-11-05,n,
12471,-14.59541,-68.54465,2020-11-05,n,
12472,-14.56737,-68.48104,2020-11-05,h,
12473,-14.56682,-68.4782,2020-11-05,n,
12474,-14.56229,-68.48204,2020-11-05,n,
12475,-14.51319,-68.51561,2020-11-05,n,
12476,-14.49241,-68.48948,2020-11-05,n,
12477,-14.3165,-68.54662,2020-11-05,h,
12478,-14.31596,-68.54384,2020-11-05,n,
12479,-14.31853,-68.5453,2020-11-05,h,
12480,-14.31341,-68.54613,2020-11-05,n,
12481,-14.54271,-68.45538,2020-11-06,n,
12482,-14.54659,-68.45236,2020-11-06,n,
12483,-14.54604,-68.45589,2020-11-06,n,
12484,-15.08886,-68.35321,2020-11-06,n,
12485,-15.15546,-67.67957,2020-11-06,n,
12486,-15.15515,-67.67725,2020-11-06,n,
12487,-15.15604,-67.68245,2020-11-06,n,
12488,-15.08847,-67.71015,2020-11-06,n,
12489,-15.08456,-67.71078,2020-11-06,n,
12490,-15.13433,-68.21601,2020-11-06,n,
12491,-15.04599,-68.45094,2020-11-06,n,
12492,-15.04226,-68.45164,2020-11-06,n,
12493,-14.93009,-68.20395,2020-11-06,n,
12494,-14.93106,-68.20232,2020-11-06,n,
12495,-14.9158,-68.47993,2020-11-06,n,
12496,-14.73238,-67.62482,2020-11-06,n,
12497,-14.67176,-68.5458,2020-11-06,n,
12498,-14.59536,-68.5088,2020-11-06,n,
12499,-14.53921,-68.49684,2020-11-06,l,
12500,-14.29747,-68.50578,2020-11-06,n,
12501,-15.25616,-67.89276,2020-11-07,n,
12502,-15.15712,-67.68163,2020-11-07,n,
12503,-15.19807,-68.16045,2020-11-07,n,
12504,-15.08397,-67.70805,2020-11-07,n,
12505,-15.09193,-68.30987,2020-11-07,n,
12506,-14.72425,-67.60953,2020-11-07,l,
12507,-14.7989,-68.22009,2020-11-07,n,
12508,-14.79944,-68.22376,2020-11-07,n,
12509,-14.0789,-68.87896,2020-11-07,n,
12510,-14.0734,-68.86481,2020-11-07,n,
12511,-14.56056,-68.87594,2020-11-08,n,
12512,-14.56101,-68.87949,2020-11-08,n,
12513,-14.55789,-68.88934,2020-11-08,n,
12514,-15.13609,-68.21334,2020-11-11,n,
12515,-15.04596,-68.44482,2020-11-11,n,
12516,-14.81155,-68.28651,2020-11-11,l,
12517,-14.81,-68.30167,2020-11-11,l,
12518,-14.81035,-68.28696,2020-11-11,l,
12519,-14.80871,-68.30209,2020-11-11,n,
12520,-14.59903,-68.46384,2020-11-11,n,
12521,-14.31581,-68.49731,2020-11-11,n,
12522,-14.31162,-68.49778,2020-11-11,n,
12523,-14.56538,-68.49009,2020-11-13,n,
12524,-14.31935,-68.5174,2020-11-13,l,
12525,-14.31997,-68.52204,2020-11-13,l,
12526,-14.31558,-68.51802,2020-11-13,l,
12527,-14.25248,-68.53056,2020-11-13,l,
12528,-14.67239,-67.55655,2020-11-14,n,
12529,-14.88987,-68.30959,2020-11-14,n,
12530,-14.89211,-68.3108,2020-11-14,n,
12531,-14.89178,-68.30789,2020-11-14,n,
12532,-14.89687,-68.30688,2020-11-14,n,
12533,-14.79648,-68.50133,2020-11-15,n,
12534,-14.79847,-68.50321,2020-11-15,n,
12535,-14.49867,-68.44463,2020-11-15,n,
12536,-14.49544,-68.44722,2020-11-15,n,
12537,-14.44186,-68.46946,2020-11-15,h,
12538,-14.44301,-68.47496,2020-11-15,n,
12539,-14.43689,-68.47662,2020-11-15,n,
12540,-15.20127,-68.17277,2020-11-17,n,
12541,-14.61992,-68.41573,2020-11-17,n,
12542,-14.45413,-68.52344,2020-11-17,n,
12543,-14.55445,-68.49622,2020-11-21,n,
12544,-14.39755,-68.56065,2020-11-21,h,
12545,-14.39824,-68.56429,2020-11-21,n,
12546,-14.81193,-68.49694,2020-11-22,n,
12547,-14.52717,-68.50384,2020-11-22,n,
12548,-14.527,-68.50207,2020-11-22,n,
12549,-14.42468,-68.44829,2020-11-23,n,
12550,-15.25834,-67.89495,2020-11-23,n,
12551,-15.08656,-67.69899,2020-11-23,n,
12552,-15.1061,-68.29983,2020-11-23,n,
12553,-14.89437,-68.53701,2020-11-23,n,
12554,-14.8949,-68.54063,2020-11-23,l,
12555,-14.8383,-68.56461,2020-11-23,n,
12556,-14.83495,-68.56516,2020-11-23,n,
12557,-14.81279,-68.53128,2020-11-23,n,
12558,-14.31534,-68.51476,2020-11-23,n,
12559,-13.98881,-68.96357,2020-11-23,n,
12560,-14.73345,-68.33578,2020-11-24,n,
12561,-15.08988,-68.3151,2020-11-24,n,
12562,-14.97968,-68.3214,2020-11-24,n,
12563,-14.9373,-68.46405,2020-11-24,n,
12564,-14.84523,-68.27357,2020-11-24,n,
12565,-14.84358,-68.27276,2020-11-24,n,
12566,-14.83535,-68.43562,2020-11-24,n,
12567,-14.83059,-68.43171,2020-11-24,n,
12568,-14.83116,-68.4361,2020-11-24,n,
12569,-14.81648,-68.45423,2020-11-24,h,
12570,-14.81698,-68.45809,2020-11-24,n,
12571,-14.7766,-68.54356,2020-11-24,n,
12572,-14.73101,-68.3299,2020-11-24,n,
12573,-14.62775,-68.48759,2020-11-24,n,
12574,-14.62821,-68.4912,2020-11-24,n,
12575,-14.55644,-68.49561,2020-11-24,n,
12576,-14.55229,-68.4965,2020-11-24,n,
12577,-14.55108,-68.49666,2020-11-24,l,
12578,-15.24084,-67.72251,2020-11-24,n,
12579,-14.47063,-68.46597,2020-11-24,n,
12580,-14.4375,-68.47212,2020-11-24,n,
12581,-14.43655,-68.4724,2020-11-24,n,
12582,-14.42124,-68.48493,2020-11-24,n,
12583,-14.40162,-68.56274,2020-11-24,n,
12584,-14.29702,-68.718,2020-11-24,n,
12585,-14.05947,-68.87215,2020-11-24,n,
12586,-14.05517,-68.87235,2020-11-24,n,
12587,-14.05681,-68.87189,2020-11-24,n,
12588,-13.98545,-68.92362,2020-11-24,n,
12589,-14.74226,-67.61005,2020-11-25,h,
12590,-14.74266,-67.61359,2020-11-25,n,
12591,-14.6235,-68.60695,2020-11-25,n,
12592,-14.43322,-68.47617,2020-11-25,n,
12593,-14.42241,-68.48344,2020-11-25,n,
12594,-15.11971,-68.22823,2020-11-26,n,
12595,-15.12428,-68.22878,2020-11-26,n,
12596,-14.42492,-68.47997,2020-11-27,n,
12597,-14.65871,-67.57454,2020-11-27,n,
12598,-14.36777,-68.54713,2020-11-28,n,
12599,-15.05523,-67.72375,2020-12-02,n,
12600,-15.05623,-67.72909,2020-12-02,n,
12601,-15.05724,-67.73442,2020-12-02,n,
12602,-15.05827,-67.73988,2020-12-02,n,
12603,-15.05048,-67.72472,2020-12-02,n,
12604,-15.05148,-67.73001,2020-12-02,l,
12605,-15.04573,-67.72568,2020-12-02,n,
12606,-15.04673,-67.73094,2020-12-02,n,
12607,-15.04772,-67.73619,2020-12-02,n,
12608,-15.05227,-67.74129,2020-12-03,n,
12609,-15.05284,-67.73771,2020-12-03,n,
12610,-15.05398,-67.73053,2020-12-03,n,
12611,-15.05456,-67.72694,2020-12-03,n,
12612,-15.05617,-67.73827,2020-12-03,n,
12613,-15.05674,-67.73468,2020-12-03,n,
12614,-15.04675,-67.733,2020-12-03,n,
12615,-15.04732,-67.72941,2020-12-03,n,
12616,-15.05008,-67.73357,2020-12-03,n,
12617,-15.05065,-67.72997,2020-12-03,n,
12618,-15.04951,-67.73715,2020-12-03,n,
12619,-15.05122,-67.72639,2020-12-03,n,
12620,-15.05341,-67.73412,2020-12-03,n,
12621,-15.0577,-67.73923,2020-12-04,l,
12622,-15.05427,-67.73975,2020-12-04,l,
12623,-14.56732,-68.70794,2020-12-04,l,
12624,-14.47517,-68.51123,2020-12-04,n,
12625,-14.65469,-67.57441,2020-12-14,n,
12626,-15.19549,-67.67937,2020-12-17,n,
12627,-14.27917,-68.54486,2020-12-17,n,
12628,-14.28151,-68.54394,2020-12-17,n,
12629,-14.30467,-68.53345,2020-12-18,n,
12630,-14.30599,-68.53693,2020-12-18,n,
12631,-15.05445,-68.28018,2020-12-19,n,
12632,-15.054,-68.28026,2020-12-19,n,
12633,-14.66147,-67.5163,2020-12-19,n,
12634,-14.32855,-68.54723,2020-12-19,n,
12635,-14.32507,-68.54781,2020-12-19,n,
12636,-14.32697,-68.55968,2020-12-19,n,
12637,-14.31061,-68.50235,2020-12-19,n,
12638,-14.30517,-68.53522,2020-12-19,n,
12639,-15.05544,-67.74044,2020-12-24,n,
12640,-14.93159,-68.46202,2020-12-25,n,
12641,-14.75829,-68.3255,2021-01-08,n,2021
12642,-14.27942,-68.54588,2021-01-12,n,2021
12643,-14.82372,-68.40212,2021-01-25,n,2021
12644,-14.88087,-68.43361,2021-02-25,n,2021
12645,-14.57087,-68.41152,2021-03-13,n,2021
12646,-14.19234,-68.45113,2021-03-16,n,2021
12647,-15.01202,-68.1769,2021-04-20,n,2021
12648,-15.0113,-68.17751,2021-04-20,n,2021
12649,-14.99283,-68.18503,2021-04-22,n,2021
12650,-14.85063,-68.35741,2021-04-22,n,2021
12651,-14.31094,-68.34079,2021-04-23,n,2021
12652,-14.83475,-68.38268,2021-05-28,n,2021
12653,-14.51793,-68.38982,2021-05-28,n,2021
12654,-14.53522,-68.6849,2021-06-02,n,2021
12655,-14.53209,-68.68345,2021-06-03,n,2021
12656,-14.7977,-68.32144,2021-06-13,n,2021
12657,-14.7942,-68.32202,2021-06-13,n,2021
12658,-14.89693,-68.37184,2021-06-14,n,2021
12659,-14.79666,-68.21031,2021-06-20,n,2021
12660,-14.59359,-68.31327,2021-06-26,n,2021
12661,-14.69098,-68.28204,2021-06-30,n,2021
12662,-14.68752,-68.28255,2021-06-30,n,2021
12663,-14.68349,-68.27914,2021-06-30,n,2021
12664,-14.68003,-68.27969,2021-06-30,n,2021
12665,-14.56428,-68.85526,2021-06-30,n,2021
12666,-14.6774,-68.29266,2021-07-01,n,2021
12667,-14.65216,-68.32975,2021-07-01,n,2021
12668,-14.78256,-68.35204,2021-07-02,n,2021
12669,-14.54888,-68.60323,2021-07-03,n,2021
12670,-15.01461,-68.16914,2021-07-04,n,2021
12671,-14.55845,-68.89616,2021-07-04,n,2021
12672,-14.78126,-68.28136,2021-07-06,h,2021
12673,-14.63238,-68.36403,2021-07-06,l,2021
12674,-14.57065,-68.34055,2021-07-06,n,2021
12675,-14.80394,-68.32701,2021-07-07,n,2021
12676,-14.80222,-68.32759,2021-07-07,n,2021
12677,-14.67841,-68.32782,2021-07-09,n,2021
12678,-14.67425,-68.32863,2021-07-09,l,2021
12679,-15.10803,-68.31661,2021-07-10,n,2021
12680,-14.84226,-68.41868,2021-07-11,n,2021
12681,-14.06721,-68.87799,2021-07-11,n,2021
12682,-14.98101,-68.31928,2021-07-12,n,2021
12683,-14.93563,-68.41341,2021-07-16,n,2021
12684,-15.05037,-68.27574,2021-07-21,n,2021
12685,-14.6057,-68.65992,2021-07-23,n,2021
12686,-14.60494,-68.65951,2021-07-23,n,2021
12687,-14.7227,-68.29181,2021-07-25,n,2021
12688,-14.72332,-68.29528,2021-07-25,l,2021
12689,-14.71493,-68.29671,2021-07-25,n,2021
12690,-14.70722,-68.30192,2021-07-25,l,2021
12691,-14.70863,-68.30965,2021-07-25,n,2021
12692,-14.80633,-68.47247,2021-07-26,n,2021
12693,-14.69218,-68.44693,2021-07-26,n,2021
12694,-14.62684,-68.59178,2021-07-26,n,2021
12695,-14.57642,-68.83147,2021-07-26,l,2021
12696,-14.72357,-68.3187,2021-07-27,n,2021
12697,-14.52972,-68.46835,2021-08-05,n,2021
12698,-15.08243,-67.70694,2021-08-06,n,2021
12699,-15.08297,-67.71052,2021-08-06,n,2021
12700,-15.00007,-68.27885,2021-08-06,n,2021
12701,-15.04477,-68.43992,2021-08-07,n,2021
12702,-14.86654,-68.27728,2021-08-07,n,2021
12703,-14.78556,-68.41821,2021-08-07,n,2021
12704,-14.95085,-68.35007,2021-08-09,n,2021
12705,-14.70672,-68.29897,2021-08-09,n,2021
12706,-14.78101,-68.42643,2021-08-10,n,2021
12707,-14.79533,-68.44718,2021-08-11,l,2021
12708,-14.73381,-68.52804,2021-08-11,l,2021
12709,-14.94762,-68.38876,2021-08-14,n,2021
12710,-14.84748,-68.34769,2021-08-15,n,2021
12711,-14.79708,-68.21505,2021-08-15,n,2021
12712,-14.81729,-68.35206,2021-08-15,n,2021
12713,-14.9163,-68.34177,2021-08-17,n,2021
12714,-14.89892,-68.34423,2021-08-17,l,2021
12715,-14.81089,-68.53278,2021-08-18,n,2021
12716,-14.97424,-68.26814,2021-08-19,h,2021
12717,-14.96973,-68.269,2021-08-19,h,2021
12718,-14.95037,-68.44566,2021-08-19,n,2021
12719,-14.86412,-68.55744,2021-08-19,h,2021
12720,-14.75465,-68.4902,2021-08-19,n,2021
12721,-14.75362,-68.48961,2021-08-19,n,2021
12722,-14.43619,-68.66611,2021-08-19,h,2021
12723,-14.43747,-68.67192,2021-08-19,n,2021
12724,-14.43647,-68.66969,2021-08-19,h,2021
12725,-14.43524,-68.66395,2021-08-19,n,2021
12726,-14.95614,-68.33922,2021-08-20,n,2021
12727,-14.81738,-68.29044,2021-08-20,h,2021
12728,-14.81651,-68.44759,2021-08-20,n,2021
12729,-14.72305,-68.45135,2021-08-20,n,2021
12730,-14.72594,-68.45744,2021-08-20,n,2021
12731,-14.72479,-68.45161,2021-08-20,n,2021
12732,-14.81467,-68.45013,2021-08-20,n,2021
12733,-15.09424,-68.24757,2021-08-21,n,2021
12734,-14.95053,-68.36234,2021-08-21,n,2021
12735,-14.78967,-68.55285,2021-08-21,n,2021
12736,-14.68987,-68.4015,2021-08-21,n,2021
12737,-14.69151,-68.40381,2021-08-21,n,2021
12738,-15.05603,-68.25671,2021-08-22,n,2021
12739,-14.92121,-68.39624,2021-08-22,n,2021
12740,-14.87359,-68.48175,2021-08-22,n,2021
12741,-14.79148,-68.34338,2021-08-22,n,2021
12742,-14.78867,-68.3475,2021-08-22,n,2021
12743,-14.63814,-68.32056,2021-08-24,n,2021
12744,-14.64636,-68.31575,2021-08-24,n,2021
12745,-14.63758,-68.32041,2021-08-24,n,2021
12746,-14.64439,-68.32211,2021-08-24,n,2021
12747,-14.64583,-68.31565,2021-08-24,n,2021
12748,-15.16026,-67.67786,2021-08-24,n,2021
12749,-15.16061,-67.68104,2021-08-24,n,2021
12750,-14.95247,-68.31396,2021-08-24,n,2021
12751,-14.73481,-68.40858,2021-08-25,n,2021
12752,-14.81482,-68.45088,2021-08-26,n,2021
12753,-14.81382,-68.45074,2021-08-26,n,2021
12754,-14.86133,-68.27834,2021-08-26,n,2021
12755,-14.86065,-68.27454,2021-08-26,n,2021
12756,-14.69589,-68.31335,2021-08-27,n,2021
12757,-14.69646,-68.31696,2021-08-27,n,2021
12758,-14.93129,-68.39203,2021-08-27,n,2021
12759,-15.13159,-68.33778,2021-08-28,n,2021
12760,-14.58506,-68.58207,2021-08-28,n,2021
12761,-14.58575,-68.58717,2021-08-28,n,2021
12762,-14.54317,-68.33469,2021-08-31,n,2021
12763,-15.07557,-68.31915,2021-09-01,n,2021
12764,-14.96516,-68.33783,2021-09-02,n,2021
12765,-14.92301,-68.41611,2021-09-02,n,2021
12766,-14.91952,-68.4166,2021-09-02,n,2021
12767,-14.90341,-68.40305,2021-09-02,n,2021
12768,-14.90244,-68.40305,2021-09-02,n,2021
12769,-14.73889,-67.6249,2021-09-03,n,2021
12770,-14.8378,-68.55609,2021-09-03,n,2021
12771,-14.83317,-68.55672,2021-09-03,n,2021
12772,-14.4285,-68.66892,2021-09-05,n,2021
12773,-14.42931,-68.67007,2021-09-05,n,2021
12774,-14.42996,-68.66521,2021-09-05,n,2021
12775,-14.69302,-67.59254,2021-09-06,n,2021
12776,-14.70954,-68.33095,2021-09-07,n,2021
12777,-14.74159,-68.41738,2021-09-07,n,2021
12778,-14.48912,-68.21877,2021-09-07,n,2021
12779,-14.48966,-68.22235,2021-09-07,n,2021
12780,-14.24702,-68.54117,2021-09-07,n,2021
12781,-14.24368,-68.54168,2021-09-07,n,2021
12782,-14.48191,-68.22588,2021-09-08,n,2021
12783,-14.48246,-68.22304,2021-09-08,n,2021
12784,-14.48389,-68.22372,2021-09-08,n,2021
12785,-14.48129,-68.46333,2021-09-08,n,2021
12786,-14.73535,-68.49734,2021-09-09,n,2021
12787,-14.73991,-68.49667,2021-09-09,n,2021
12788,-14.7342,-68.49719,2021-09-09,n,2021
12789,-14.77564,-68.3849,2021-09-11,n,2021
12790,-14.77216,-68.3895,2021-09-11,n,2021
12791,-14.94942,-68.32084,2021-09-12,n,2021
12792,-14.94608,-68.32143,2021-09-12,n,2021
12793,-14.74979,-68.40614,2021-09-12,l,2021
12794,-14.56989,-68.89542,2021-09-12,n,2021
12795,-14.71972,-67.61073,2021-09-13,n,2021
12796,-14.70835,-67.60809,2021-09-13,n,2021
12797,-14.68725,-67.59881,2021-09-14,n,2021
12798,-14.6818,-67.59406,2021-09-14,n,2021
12799,-14.6831,-67.59486,2021-09-14,n,2021
12800,-14.68376,-67.60022,2021-09-14,n,2021
12801,-14.74588,-68.53936,2021-09-14,n,2021
12802,-14.63534,-68.65487,2021-09-16,n,2021
12803,-14.39378,-68.54626,2021-09-16,n,2021
12804,-14.39002,-68.55164,2021-09-16,n,2021
12805,-14.39109,-68.54968,2021-09-16,n,2021
12806,-15.03926,-68.35982,2021-09-17,n,2021
12807,-15.03574,-68.36033,2021-09-17,n,2021
12808,-14.87706,-68.25139,2021-09-17,n,2021
12809,-14.87264,-68.26871,2021-09-17,n,2021
12810,-14.683,-67.59377,2021-09-17,n,2021
12811,-14.79406,-68.58165,2021-09-17,n,2021
12812,-14.74448,-68.54127,2021-09-17,n,2021
12813,-14.74339,-68.54115,2021-09-17,n,2021
12814,-14.67034,-68.70731,2021-09-17,n,2021
12815,-14.67093,-68.71098,2021-09-17,n,2021
12816,-14.54577,-68.6076,2021-09-17,n,2021
12817,-14.55906,-68.68866,2021-09-17,n,2021
12818,-14.55559,-68.68926,2021-09-17,n,2021
12819,-14.50328,-68.50677,2021-09-17,n,2021
12820,-15.0361,-68.25317,2021-09-18,n,2021
12821,-15.03266,-68.25388,2021-09-18,n,2021
12822,-15.00001,-68.29796,2021-09-18,n,2021
12823,-14.92419,-68.30032,2021-09-18,n,2021
12824,-14.87046,-68.5528,2021-09-18,n,2021
12825,-14.73788,-68.55585,2021-09-18,n,2021
12826,-14.69425,-68.34872,2021-09-18,n,2021
12827,-14.66753,-68.71719,2021-09-18,n,2021
12828,-14.6443,-68.62926,2021-09-18,n,2021
12829,-14.64487,-68.63323,2021-09-18,l,2021
12830,-14.59371,-68.47338,2021-09-18,n,2021
12831,-14.59025,-68.47399,2021-09-18,n,2021
12832,-14.54669,-68.75304,2021-09-18,n,2021
12833,-14.44111,-68.5157,2021-09-18,l,2021
12834,-15.15917,-67.6729,2021-09-19,n,2021
12835,-15.15968,-67.67715,2021-09-19,n,2021
12836,-15.16031,-67.67603,2021-09-19,n,2021
12837,-14.78226,-68.50519,2021-09-19,n,2021
12838,-14.74938,-68.54366,2021-09-19,n,2021
12839,-14.74988,-68.54144,2021-09-19,n,2021
12840,-14.7505,-68.54632,2021-09-19,n,2021
12841,-14.66389,-68.49073,2021-09-19,n,2021
12842,-15.0433,-68.23022,2021-09-20,n,2021
12843,-15.0416,-68.22783,2021-09-20,n,2021
12844,-15.0648,-68.13981,2021-09-22,n,2021
12845,-13.99199,-68.92917,2021-09-23,n,2021
12846,-14.74023,-67.6088,2021-09-23,n,2021
12847,-14.74077,-67.61237,2021-09-23,n,2021
12848,-14.7369,-67.60933,2021-09-23,n,2021
12849,-14.74709,-68.52806,2021-09-23,n,2021
12850,-14.72932,-68.52348,2021-09-23,n,2021
12851,-15.13181,-68.22624,2021-09-24,n,2021
12852,-15.12767,-68.22649,2021-09-24,n,2021
12853,-15.13325,-68.33311,2021-09-24,n,2021
12854,-15.10548,-68.21612,2021-09-24,n,2021
12855,-15.06141,-68.26269,2021-09-24,n,2021
12856,-15.05454,-68.27438,2021-09-24,n,2021
12857,-15.05157,-68.27483,2021-09-24,n,2021
12858,-15.03906,-68.24343,2021-09-24,n,2021
12859,-15.03028,-68.30363,2021-09-24,n,2021
12860,-15.03076,-68.30726,2021-09-24,n,2021
12861,-14.9515,-68.24294,2021-09-24,n,2021
12862,-14.95196,-68.24654,2021-09-24,n,2021
12863,-14.94061,-68.25555,2021-09-24,n,2021
12864,-14.93779,-68.25528,2021-09-24,n,2021
12865,-14.91564,-68.40527,2021-09-24,n,2021
12866,-14.88154,-68.53462,2021-09-24,n,2021
12867,-14.85708,-68.55336,2021-09-24,n,2021
12868,-14.85757,-68.55711,2021-09-24,n,2021
12869,-14.68521,-67.59238,2021-09-24,n,2021
12870,-15.09835,-68.21509,2021-09-25,n,2021
12871,-15.0989,-68.22007,2021-09-25,n,2021
12872,-14.93334,-68.31831,2021-09-25,n,2021
12873,-14.92008,-68.40489,2021-09-25,n,2021
12874,-14.79033,-68.54903,2021-09-25,n,2021
12875,-14.61439,-68.55671,2021-09-25,n,2021
12876,-14.48042,-68.46352,2021-09-25,n,2021
12877,-15.20505,-68.16395,2021-09-26,n,2021
12878,-15.08415,-68.33278,2021-09-26,n,2021
12879,-15.08498,-68.33685,2021-09-26,n,2021
12880,-14.99191,-68.17936,2021-09-26,n,2021
12881,-14.99262,-68.18288,2021-09-26,n,2021
12882,-15.04165,-68.45519,2021-09-26,n,2021
12883,-15.04248,-68.45936,2021-09-26,n,2021
12884,-14.99703,-68.29266,2021-09-26,h,2021
12885,-14.79135,-68.40186,2021-09-26,n,2021
12886,-14.63997,-68.63226,2021-09-26,h,2021
12887,-14.49752,-68.57381,2021-09-26,n,2021
12888,-14.50407,-68.50317,2021-09-27,n,2021
12889,-14.83163,-68.51962,2021-09-27,n,2021
12890,-14.82682,-68.51655,2021-09-27,n,2021
12891,-14.62366,-68.6404,2021-09-27,n,2021
12892,-14.62439,-68.64452,2021-09-27,n,2021
12893,-14.56641,-68.48763,2021-09-27,n,2021
12894,-14.56222,-68.48822,2021-09-27,n,2021
12895,-14.51245,-68.50198,2021-09-27,n,2021
12896,-14.51307,-68.50546,2021-09-27,n,2021
12897,-14.50955,-68.50982,2021-09-27,n,2021
12898,-15.05317,-67.73735,2021-09-28,n,2021
12899,-15.15658,-67.67905,2021-09-28,n,2021
12900,-15.12038,-68.33698,2021-09-28,n,2021
12901,-15.05208,-68.14278,2021-09-28,l,2021
12902,-15.04931,-68.44164,2021-09-28,n,2021
12903,-14.24514,-68.53896,2021-09-28,n,2021
12904,-15.1554,-67.68056,2021-09-29,n,2021
12905,-15.15338,-67.68229,2021-09-29,n,2021
12906,-14.30195,-68.55658,2021-09-29,n,2021
12907,-14.87734,-68.23805,2021-09-29,n,2021
12908,-14.87358,-68.2383,2021-09-29,n,2021
12909,-14.66786,-68.25549,2021-09-30,n,2021
12910,-14.83659,-68.463,2021-09-30,n,2021
12911,-14.83694,-68.46593,2021-09-30,n,2021
12912,-14.78989,-68.55651,2021-09-30,n,2021
12913,-14.78909,-68.55817,2021-09-30,n,2021
12914,-14.61759,-68.44781,2021-09-30,n,2021
12915,-14.59079,-68.48521,2021-09-30,n,2021
12916,-14.59108,-68.48776,2021-09-30,n,2021
12917,-14.29046,-68.54747,2021-09-30,h,2021
12918,-14.23417,-68.06679,2021-09-30,n,2021
12919,-14.29011,-68.54446,2021-09-30,n,2021
12920,-14.73661,-67.6164,2021-10-01,n,2021
12921,-14.7387,-67.61597,2021-10-01,n,2021
12922,-14.6437,-67.53256,2021-10-02,n,2021
12923,-14.77815,-68.53849,2021-10-02,n,2021
12924,-14.77371,-68.54014,2021-10-02,n,2021
12925,-14.62792,-68.36432,2021-10-02,n,2021
12926,-14.57261,-68.35159,2021-10-02,n,2021
12927,-14.28943,-68.54636,2021-10-02,n,2021
12928,-14.61687,-68.35647,2021-10-03,n,2021
12929,-14.62022,-68.35706,2021-10-03,n,2021
12930,-14.61963,-68.36069,2021-10-03,n,2021
12931,-14.86601,-67.84314,2021-10-03,n,2021
12932,-14.86934,-67.84369,2021-10-03,n,2021
12933,-14.87209,-67.84787,2021-10-03,n,2021
12934,-14.87267,-67.84429,2021-10-03,n,2021
12935,-14.87323,-67.84074,2021-10-03,n,2021
12936,-14.87542,-67.84851,2021-10-03,n,2021
12937,-14.87599,-67.84491,2021-10-03,h,2021
12938,-14.87656,-67.84136,2021-10-03,n,2021
12939,-14.96709,-68.19956,2021-10-03,n,2021
12940,-15.08537,-68.35963,2021-10-03,n,2021
12941,-14.88093,-67.8418,2021-10-03,n,2021
12942,-14.8816,-67.84583,2021-10-03,n,2021
12943,-14.87739,-67.84274,2021-10-03,n,2021
12944,-14.73858,-67.61259,2021-10-03,n,2021
12945,-14.73494,-67.61324,2021-10-03,n,2021
12946,-14.5247,-68.6154,2021-10-03,n,2021
12947,-14.52125,-68.61613,2021-10-03,n,2021
12948,-14.51361,-68.61324,2021-10-03,n,2021
12949,-14.51427,-68.61726,2021-10-03,n,2021
12950,-14.51286,-68.6133,2021-10-03,n,2021
12951,-14.51351,-68.61736,2021-10-03,n,2021
12952,-14.46461,-68.58052,2021-10-03,n,2021
12953,-14.46046,-68.57705,2021-10-03,n,2021
12954,-14.44457,-68.5014,2021-10-03,n,2021
12955,-14.4551,-68.62184,2021-10-04,n,2021
12956,-14.58967,-68.52673,2021-10-04,n,2021
12957,-14.59404,-68.52689,2021-10-04,n,2021
12958,-14.86362,-67.85307,2021-10-04,n,2021
12959,-14.86287,-67.85729,2021-10-04,n,2021
12960,-14.8644,-67.84867,2021-10-04,n,2021
12961,-14.86773,-67.85353,2021-10-04,n,2021
12962,-14.86852,-67.84906,2021-10-04,n,2021
12963,-14.87252,-67.85012,2021-10-04,n,2021
12964,-14.87176,-67.85442,2021-10-04,n,2021
12965,-15.12407,-68.31951,2021-10-06,n,2021
12966,-15.08356,-68.23308,2021-10-06,n,2021
12967,-15.084,-68.23731,2021-10-06,n,2021
12968,-15.07746,-68.23505,2021-10-06,n,2021
12969,-15.0779,-68.23936,2021-10-06,l,2021
12970,-15.04828,-68.32133,2021-10-06,n,2021
12971,-15.04207,-68.32249,2021-10-06,n,2021
12972,-15.04393,-68.32002,2021-10-06,n,2021
12973,-14.85574,-68.34323,2021-10-06,n,2021
12974,-14.24897,-68.57597,2021-10-08,n,2021
12975,-14.62707,-68.53539,2021-10-10,n,2021
12976,-13.99161,-68.96167,2021-10-10,n,2021
12977,-14.70251,-68.25252,2021-10-13,n,2021
12978,-14.70294,-68.25279,2021-10-13,n,2021
12979,-14.60209,-68.41959,2021-10-13,n,2021
12980,-14.54281,-68.35365,2021-10-13,n,2021
12981,-14.55961,-68.49476,2021-10-13,n,2021
12982,-14.57827,-68.73067,2021-10-13,n,2021
12983,-14.56294,-68.88377,2021-10-13,l,2021
12984,-14.56359,-68.88747,2021-10-13,n,2021
12985,-14.33676,-68.55697,2021-10-13,n,2021
12986,-14.2371,-68.05928,2021-10-13,n,2021
12987,-14.23576,-68.05946,2021-10-13,n,2021
12988,-14.31351,-68.52648,2021-10-13,n,2021
12989,-14.30294,-68.53972,2021-10-13,n,2021
12990,-14.30359,-68.54337,2021-10-13,n,2021
12991,-14.27949,-68.52863,2021-10-13,n,2021
12992,-14.28011,-68.53216,2021-10-13,n,2021
12993,-14.27591,-68.53271,2021-10-13,n,2021
12994,-14.24126,-68.57922,2021-10-13,n,2021
12995,-14.2428,-68.58472,2021-10-14,n,2021
12996,-14.23945,-68.58524,2021-10-14,n,2021
12997,-15.14754,-68.33409,2021-10-15,n,2021
12998,-14.6126,-68.465,2021-10-15,n,2021
12999,-14.51322,-68.46689,2021-10-15,n,2021
13000,-14.45927,-68.52045,2021-10-15,l,2021
13001,-15.05525,-68.14582,2021-10-16,n,2021
13002,-15.05604,-68.14745,2021-10-16,n,2021
13003,-14.54119,-68.48955,2021-10-16,n,2021
13004,-15.19883,-67.6774,2021-10-20,n,2021
13005,-14.29849,-68.50778,2021-10-20,l,2021
13006,-15.20355,-68.14732,2021-10-21,n,2021
13007,-15.20332,-68.14969,2021-10-21,n,2021
13008,-14.73805,-67.43436,2021-10-21,n,2021
13009,-14.75967,-67.60551,2021-10-21,n,2021
13010,-14.72009,-67.60651,2021-10-21,n,2021
13011,-14.71037,-67.59924,2021-10-21,n,2021
13012,-14.72503,-67.61688,2021-10-21,n,2021
13013,-14.7196,-67.60907,2021-10-21,n,2021
13014,-14.70982,-67.6018,2021-10-21,n,2021
13015,-14.60884,-68.44814,2021-10-21,n,2021
13016,-14.60187,-68.42876,2021-10-21,n,2021
13017,-14.60424,-68.44859,2021-10-21,n,2021
13018,-14.60475,-68.45284,2021-10-21,n,2021
13019,-14.60927,-68.4464,2021-10-21,n,2021
13020,-14.60983,-68.45084,2021-10-21,n,2021
13021,-14.60213,-68.42699,2021-10-21,n,2021
13022,-14.60273,-68.43167,2021-10-21,n,2021
13023,-14.60467,-68.44687,2021-10-21,n,2021
13024,-14.60522,-68.45122,2021-10-21,n,2021
13025,-14.58075,-68.47879,2021-10-21,n,2021
13026,-14.5717,-68.48107,2021-10-21,n,2021
13027,-14.57226,-68.48551,2021-10-21,n,2021
13028,-14.56819,-68.4903,2021-10-21,n,2021
13029,-14.56364,-68.49126,2021-10-21,n,2021
13030,-14.5641,-68.49496,2021-10-21,n,2021
13031,-14.52271,-68.46134,2021-10-21,n,2021
13032,-14.51814,-68.46199,2021-10-21,n,2021
13033,-14.50173,-68.51952,2021-10-21,n,2021
13034,-14.50255,-68.52155,2021-10-21,n,2021
13035,-14.31495,-68.5425,2021-10-21,n,2021
13036,-14.26855,-68.54092,2021-10-21,n,2021
13037,-14.26911,-68.54536,2021-10-21,n,2021
13038,-14.25478,-68.54274,2021-10-21,n,2021
13039,-14.24968,-68.57674,2021-10-21,n,2021
13040,-15.10846,-68.20918,2021-10-22,n,2021
13041,-15.05053,-67.71795,2021-10-22,h,2021
13042,-15.10406,-68.34934,2021-10-22,n,2021
13043,-14.75143,-67.60416,2021-10-22,n,2021
13044,-14.65475,-68.71835,2021-10-22,n,2021
13045,-14.65393,-68.71056,2021-10-22,l,2021
13046,-14.56004,-68.39579,2021-10-22,n,2021
13047,-14.51557,-68.51174,2021-10-22,h,2021
13048,-14.51597,-68.51546,2021-10-22,n,2021
13049,-14.0719,-68.86808,2021-10-22,n,2021
13050,-14.50063,-68.4694,2021-10-22,h,2021
13051,-14.50149,-68.47328,2021-10-22,n,2021
13052,-14.50122,-68.46955,2021-10-22,h,2021
13053,-14.50206,-68.47346,2021-10-22,n,2021
13054,-14.51457,-68.51674,2021-10-23,n,2021
13055,-15.11955,-68.19763,2021-10-23,n,2021
13056,-14.7352,-67.62701,2021-10-23,n,2021
13057,-14.45277,-68.5219,2021-10-23,h,2021
13058,-14.36917,-68.50857,2021-10-23,n,2021
13059,-14.36968,-68.51118,2021-10-23,l,2021
13060,-14.30478,-68.54179,2021-10-23,h,2021
13061,-14.30528,-68.57216,2021-10-23,n,2021
13062,-14.30175,-68.54385,2021-10-24,n,2021
13063,-14.80571,-68.46101,2021-10-24,n,2021
13064,-14.80904,-68.46156,2021-10-24,n,2021
13065,-15.08257,-68.3137,2021-10-24,n,2021
13066,-14.93162,-68.203,2021-10-25,n,2021
13067,-15.02492,-68.16339,2021-10-26,n,2021
13068,-14.22125,-68.26845,2021-10-26,n,2021
13069,-14.22167,-68.27166,2021-10-26,n,2021
13070,-14.21686,-68.26638,2021-10-26,n,2021
13071,-14.21727,-68.26954,2021-10-26,n,2021
13072,-14.21185,-68.27375,2021-10-27,n,2021
13073,-14.21952,-68.27158,2021-10-27,n,2021
13074,-14.21321,-68.26914,2021-10-27,n,2021
13075,-14.21894,-68.27438,2021-10-27,n,2021
13076,-15.07372,-67.71928,2021-10-27,n,2021
13077,-15.08197,-68.23151,2021-10-27,n,2021
13078,-15.05894,-68.38573,2021-10-27,n,2021
13079,-15.01451,-68.46468,2021-10-27,n,2021
13080,-14.90306,-68.28343,2021-10-27,n,2021
13081,-14.89983,-68.28458,2021-10-27,n,2021
13082,-14.22201,-68.26265,2021-10-27,n,2021
13083,-14.22233,-68.26546,2021-10-27,n,2021
13084,-14.22265,-68.26832,2021-10-27,n,2021
13085,-14.22299,-68.27129,2021-10-27,n,2021
13086,-14.21688,-68.26714,2021-10-27,h,2021
13087,-14.21622,-68.26134,2021-10-27,n,2021
13088,-14.21655,-68.26426,2021-10-27,n,2021
13089,-14.21721,-68.27001,2021-10-27,n,2021
13090,-14.21754,-68.27293,2021-10-27,n,2021
13091,-14.97689,-68.25956,2021-10-28,n,2021
13092,-14.95763,-68.40037,2021-10-28,n,2021
13093,-14.27206,-68.53193,2021-10-28,h,2021
13094,-14.27276,-68.53535,2021-10-28,h,2021
13095,-15.2002,-68.15259,2021-10-29,n,2021
13096,-15.13512,-68.20227,2021-10-29,n,2021
13097,-15.13099,-68.20351,2021-10-29,n,2021
13098,-15.13128,-68.20338,2021-10-29,n,2021
13099,-14.57033,-68.52952,2021-10-29,n,2021
13100,-14.5302,-68.50464,2021-10-30,n,2021
13101,-14.53376,-68.50513,2021-10-30,n,2021
13102,-14.55354,-68.4959,2021-10-30,n,2021
13103,-14.60835,-68.45094,2021-10-30,n,2021
13104,-14.60717,-68.45337,2021-10-30,n,2021
13105,-15.04151,-68.30138,2021-10-30,n,2021
13106,-15.19409,-68.16239,2021-10-30,n,2021
13107,-15.19319,-68.16309,2021-10-30,n,2021
13108,-15.08801,-68.33824,2021-10-30,n,2021
13109,-15.02915,-68.29189,2021-10-30,n,2021
13110,-14.62073,-68.44759,2021-10-30,n,2021
13111,-14.55125,-68.49596,2021-10-30,n,2021
13112,-14.53228,-68.5065,2021-10-30,n,2021
13113,-14.25429,-68.54172,2021-10-30,n,2021
13114,-14.63927,-68.52312,2021-10-31,n,2021
13115,-14.53436,-68.48727,2021-10-31,n,2021
13116,-14.53505,-68.49225,2021-10-31,n,2021
13117,-15.11744,-68.26334,2021-11-01,n,2021
13118,-14.46038,-68.62331,2021-11-01,h,2021
13119,-14.46077,-68.62673,2021-11-01,n,2021
13120,-14.45505,-68.62219,2021-11-01,n,2021
13121,-14.45891,-68.62473,2021-11-01,h,2021
13122,-14.45757,-68.6261,2021-11-02,n,2021
13123,-14.45836,-68.62759,2021-11-02,n,2021
13124,-14.33283,-68.54906,2021-11-02,h,2021
13125,-15.10754,-67.66634,2021-11-04,n,2021
13126,-15.01198,-68.17305,2021-11-04,n,2021
13127,-14.73752,-67.62113,2021-11-04,n,2021
13128,-14.73238,-67.61307,2021-11-04,n,2021
13129,-14.73767,-67.62003,2021-11-04,n,2021
13130,-14.73839,-67.62441,2021-11-04,n,2021
13131,-14.65702,-68.54256,2021-11-04,n,2021
13132,-14.63581,-68.69888,2021-11-04,n,2021
13133,-14.45335,-68.6213,2021-11-04,n,2021
13134,-14.68525,-67.576,2021-11-09,n,2021
13135,-14.74604,-67.59141,2021-11-10,n,2021
13136,-14.72546,-67.61307,2021-11-10,n,2021
13137,-14.72601,-67.61664,2021-11-10,n,2021
13138,-14.71049,-67.60448,2021-11-10,n,2021
13139,-14.70856,-67.60542,2021-11-10,n,2021
13140,-14.68639,-67.59434,2021-11-10,n,2021
13141,-15.1962,-68.16807,2021-11-11,n,2021
13142,-15.14606,-68.32146,2021-11-11,n,2021
13143,-15.14144,-68.31806,2021-11-11,n,2021
13144,-15.14191,-68.3217,2021-11-11,n,2021
13145,-15.11692,-68.22572,2021-11-11,n,2021
13146,-15.10797,-68.22068,2021-11-11,l,2021
13147,-15.10927,-68.23067,2021-11-11,n,2021
13148,-15.10566,-68.23482,2021-11-11,n,2021
13149,-15.08426,-68.32744,2021-11-11,n,2021
13150,-15.08015,-68.32793,2021-11-11,n,2021
13151,-15.01779,-68.31743,2021-11-11,n,2021
13152,-15.01369,-68.31797,2021-11-11,n,2021
13153,-14.31181,-68.52931,2021-11-11,n,2021
13154,-14.27032,-68.53173,2021-11-11,n,2021
13155,-15.07898,-67.69297,2021-11-14,n,2021
13156,-15.08318,-67.68932,2021-11-14,n,2021
13157,-15.08257,-67.69353,2021-11-14,n,2021
13158,-14.83044,-67.40197,2021-11-20,n,2021
13159,-14.73234,-67.60905,2021-11-25,n,2021
13160,-14.73328,-67.61437,2021-11-25,n,2021
13161,-14.75545,-68.51932,2021-11-25,n,2021
13162,-14.58736,-68.43745,2021-11-25,n,2021
13163,-14.50941,-68.4788,2021-11-25,n,2021
13164,-13.99445,-68.93171,2021-11-25,n,2021
13165,-15.21157,-67.68578,2021-12-13,n,2021
13166,-15.04875,-67.72201,2021-12-13,n,2021
13167,-14.77871,-68.54053,2021-12-13,n,2021
13168,-14.85091,-68.48907,2021-12-31,n,2021
13169,-14.87468,-68.42487,2022-01-01,n,
13170,-14.55238,-68.53505,2022-01-01,n,
13171,-14.8623,-68.35816,2022-01-02,n,
13172,-14.72104,-68.47468,2022-01-02,n,
13173,-14.63184,-68.61932,2022-01-09,n,
13174,-14.62725,-68.62056,2022-01-09,n,
13175,-14.91959,-68.42369,2022-02-27,n,
13176,-14.92408,-68.42382,2022-02-27,n,
13177,-14.56913,-68.37328,2022-03-25,n,
13178,-14.59689,-68.3942,2022-04-14,n,
13179,-14.33283,-68.17319,2022-04-17,n,
13180,-15.03708,-67.72955,2022-04-19,n,
13181,-15.03376,-67.73008,2022-04-19,n,
13182,-14.98538,-68.22856,2022-04-20,n,
13183,-14.98584,-68.23213,2022-04-20,n,
13184,-14.60394,-68.34931,2022-04-21,n,
13185,-14.60435,-68.35312,2022-04-21,n,
13186,-14.60238,-68.35321,2022-04-21,n,
13187,-14.60961,-68.51864,2022-04-21,n,
13188,-14.85289,-68.29453,2022-04-23,n,
13189,-14.63988,-68.37164,2022-04-26,n,
13190,-14.56439,-68.36465,2022-04-26,n,
13191,-14.55875,-68.36107,2022-04-26,n,
13192,-14.55342,-68.53389,2022-04-27,h,
13193,-14.55448,-68.53891,2022-04-27,n,
13194,-14.55476,-68.53275,2022-04-27,h,
13195,-14.55577,-68.53773,2022-04-27,n,
13196,-14.39231,-68.5498,2022-05-07,n,
13197,-14.79487,-68.33877,2022-05-10,n,
13198,-14.73615,-68.3429,2022-05-15,n,
13199,-14.64132,-68.50375,2022-05-21,l,
13200,-14.54539,-68.69456,2022-06-05,n,
13201,-14.78402,-68.20253,2022-06-06,n,
13202,-14.78456,-68.20618,2022-06-06,n,
13203,-14.59871,-68.32219,2022-06-11,n,
13204,-14.78801,-68.40549,2022-06-12,n,
13205,-14.72656,-68.54858,2022-06-12,n,
13206,-14.64594,-68.29258,2022-06-12,n,
13207,-14.64599,-68.29108,2022-06-12,n,
13208,-14.80528,-68.32552,2022-06-14,n,
13209,-15.12593,-68.05854,2022-06-14,h,
13210,-15.11962,-68.05949,2022-06-14,n,
13211,-15.12065,-68.06422,2022-06-14,n,
13212,-15.12193,-68.05737,2022-06-14,h,
13213,-15.12296,-68.06232,2022-06-14,h,
13214,-14.96758,-68.30526,2022-06-15,n,
13215,-14.9631,-68.30653,2022-06-15,n,
13216,-14.96341,-68.30441,2022-06-15,n,
13217,-14.88998,-68.18888,2022-06-15,n,
13218,-14.88537,-68.18972,2022-06-15,n,
13219,-14.88629,-68.19463,2022-06-15,n,
13220,-14.51348,-69.10709,2022-06-15,n,
13221,-14.39423,-68.54986,2022-06-16,n,
13222,-15.03503,-67.72952,2022-06-16,n,
13223,-14.72836,-68.52401,2022-06-16,n,
13224,-14.72897,-68.52785,2022-06-16,n,
13225,-14.5714,-68.37783,2022-06-16,n,
13226,-14.56793,-68.37851,2022-06-16,n,
13227,-14.57914,-68.51322,2022-06-16,n,
13228,-14.99266,-68.17962,2022-06-17,n,
13229,-14.46054,-68.48276,2022-06-19,n,
13230,-14.39301,-68.55024,2022-06-20,n,
13231,-14.39698,-68.55081,2022-06-20,n,
13232,-14.61001,-68.34215,2022-06-21,n,
13233,-14.60892,-68.33767,2022-06-21,n,
13234,-14.39087,-68.54878,2022-06-23,n,
13235,-14.39618,-68.54999,2022-06-23,n,
13236,-14.68091,-68.36536,2022-06-23,n,
13237,-14.67935,-68.36664,2022-06-23,n,
13238,-14.9364,-68.3437,2022-06-27,n,
13239,-14.70086,-68.28712,2022-06-27,n,
13240,-14.70533,-68.29382,2022-06-27,n,
13241,-14.7137,-68.30354,2022-06-27,n,
13242,-14.60724,-68.68288,2022-06-27,n,
13243,-14.66972,-68.71997,2022-06-27,n,
13244,-14.69581,-68.27677,2022-06-27,n,
13245,-14.66531,-68.52962,2022-07-01,n,
13246,-14.63733,-68.28956,2022-07-02,n,
13247,-14.63384,-68.29016,2022-07-02,n,
13248,-14.63034,-68.29077,2022-07-02,n,
13249,-14.63097,-68.29469,2022-07-02,n,
13250,-14.61976,-68.511,2022-07-03,n,
13251,-14.59195,-68.36592,2022-07-03,n,
13252,-14.83995,-68.26228,2022-07-04,n,
13253,-14.88246,-68.19048,2022-07-04,n,
13254,-14.87847,-68.1958,2022-07-04,n,
13255,-14.83938,-68.25755,2022-07-04,n,
13256,-14.97393,-68.29597,2022-07-05,n,
13257,-14.56017,-68.35395,2022-07-05,l,
13258,-14.97512,-68.26829,2022-07-06,n,
13259,-14.79831,-68.2812,2022-07-06,h,
13260,-14.79777,-68.27839,2022-07-06,n,
13261,-14.64976,-68.29042,2022-07-06,n,
13262,-14.65094,-68.29649,2022-07-06,n,
13263,-14.79485,-68.28837,2022-07-07,n,
13264,-14.95973,-68.35006,2022-07-08,n,
13265,-14.96027,-68.35364,2022-07-08,n,
13266,-14.95639,-68.35062,2022-07-08,n,
13267,-14.91692,-68.37575,2022-07-08,l,
13268,-14.69847,-68.33647,2022-07-08,n,
13269,-14.69901,-68.34008,2022-07-08,n,
13270,-14.69567,-68.34061,2022-07-08,l,
13271,-14.69621,-68.34421,2022-07-08,n,
13272,-14.52878,-68.68019,2022-07-09,n,
13273,-14.65032,-68.49979,2022-07-11,n,
13274,-14.39541,-68.54711,2022-07-17,n,
13275,-14.98031,-68.32588,2022-07-21,n,
13276,-14.67029,-68.73522,2022-07-21,n,
13277,-14.6736,-68.73275,2022-07-21,n,
13278,-14.67468,-68.73787,2022-07-21,n,
13279,-14.47731,-68.51353,2022-07-22,n,
13280,-14.78645,-68.50061,2022-07-23,n,
13281,-14.78117,-68.49221,2022-07-23,n,
13282,-14.77776,-68.54041,2022-07-23,n,
13283,-14.71187,-68.40363,2022-07-23,l,
13284,-14.57889,-68.75845,2022-07-23,n,
13285,-14.7192,-68.7737,2022-08-11,n,
13286,-14.72015,-68.77322,2022-08-11,n,
13287,-14.56312,-68.35101,2022-08-11,l,
13288,-14.56015,-68.35159,2022-08-11,n,
13289,-14.67208,-67.61499,2022-08-12,n,
13290,-14.55632,-68.34106,2022-08-12,n,
13291,-14.55735,-68.34599,2022-08-12,n,
13292,-14.55585,-68.34258,2022-08-12,n,
13293,-14.55683,-68.34751,2022-08-12,n,
13294,-14.92664,-68.38023,2022-08-13,n,
13295,-14.89551,-68.25214,2022-08-13,l,
13296,-14.83031,-68.56823,2022-08-13,n,
13297,-14.6556,-68.31016,2022-08-14,n,
13298,-14.32641,-68.75645,2022-08-17,n,
13299,-14.9848,-68.20169,2022-08-18,n,
13300,-14.95135,-68.31322,2022-08-19,n,
13301,-14.94785,-68.31387,2022-08-19,n,
13302,-14.78658,-68.21075,2022-08-19,n,
13303,-14.78302,-68.21117,2022-08-19,n,
13304,-14.78366,-68.21503,2022-08-19,n,
13305,-14.7866,-68.20969,2022-08-19,n,
13306,-14.78305,-68.2101,2022-08-19,n,
13307,-14.78368,-68.21397,2022-08-19,n,
13308,-14.77949,-68.21052,2022-08-19,n,
13309,-14.78012,-68.21435,2022-08-19,n,
13310,-14.77658,-68.21484,2022-08-19,n,
13311,-14.77304,-68.21539,2022-08-19,n,
13312,-14.77368,-68.21928,2022-08-19,n,
13313,-14.77663,-68.20908,2022-08-20,n,
13314,-14.77746,-68.20451,2022-08-20,n,
13315,-14.77821,-68.20031,2022-08-20,n,
13316,-14.78167,-68.20497,2022-08-20,n,
13317,-14.78244,-68.2007,2022-08-20,n,
13318,-14.78665,-68.20116,2022-08-20,n,
13319,-14.77853,-68.2703,2022-08-20,n,
13320,-14.77924,-68.26636,2022-08-20,n,
13321,-14.99351,-68.18435,2022-08-20,n,
13322,-14.98824,-68.19705,2022-08-20,n,
13323,-14.95801,-68.26779,2022-08-20,n,
13324,-14.95455,-68.26836,2022-08-20,n,
13325,-14.9551,-68.27216,2022-08-20,n,
13326,-14.9511,-68.26897,2022-08-20,n,
13327,-14.92693,-68.3728,2022-08-20,n,
13328,-14.8174,-68.26303,2022-08-20,n,
13329,-14.81335,-68.25948,2022-08-20,n,
13330,-14.83402,-68.42908,2022-08-20,n,
13331,-14.78601,-68.1916,2022-08-20,n,
13332,-14.78711,-68.19933,2022-08-20,n,
13333,-14.78312,-68.1961,2022-08-20,n,
13334,-14.77969,-68.19678,2022-08-20,n,
13335,-14.78196,-68.21271,2022-08-20,n,
13336,-14.78253,-68.21673,2022-08-20,n,
13337,-14.79927,-68.33453,2022-08-20,n,
13338,-14.77626,-68.19744,2022-08-20,n,
13339,-14.77682,-68.20132,2022-08-20,n,
13340,-14.82355,-68.55681,2022-08-20,n,
13341,-14.77876,-68.26471,2022-08-20,n,
13342,-14.77529,-68.26511,2022-08-20,n,
13343,-14.58536,-68.47146,2022-08-20,n,
13344,-14.7681,-68.26517,2022-08-21,n,
13345,-14.7829,-68.19128,2022-08-21,n,
13346,-14.76952,-68.26346,2022-08-21,n,
13347,-15.09509,-68.34363,2022-08-21,n,
13348,-14.9761,-68.32168,2022-08-21,n,
13349,-14.95023,-68.33882,2022-08-21,n,
13350,-14.95073,-68.33694,2022-08-21,n,
13351,-14.95136,-68.34189,2022-08-21,n,
13352,-14.86223,-68.26044,2022-08-21,n,
13353,-14.84541,-68.23618,2022-08-21,n,
13354,-14.84099,-68.23787,2022-08-21,n,
13355,-14.85423,-68.45744,2022-08-21,n,
13356,-14.78766,-68.1878,2022-08-21,n,
13357,-14.78323,-68.18911,2022-08-21,n,
13358,-14.77879,-68.19043,2022-08-21,n,
13359,-14.77488,-68.19592,2022-08-21,n,
13360,-14.77042,-68.19708,2022-08-21,n,
13361,-14.77103,-68.20198,2022-08-21,n,
13362,-14.76896,-68.25973,2022-08-21,n,
13363,-14.76943,-68.26351,2022-08-21,n,
13364,-14.70801,-68.2521,2022-08-21,n,
13365,-14.7075,-68.25037,2022-08-21,n,
13366,-14.78759,-68.18509,2022-08-22,n,
13367,-14.78157,-68.18742,2022-08-22,n,
13368,-14.77554,-68.18967,2022-08-22,n,
13369,-14.80556,-68.47403,2022-08-22,n,
13370,-14.80608,-68.47897,2022-08-22,n,
13371,-14.76993,-68.1959,2022-08-22,n,
13372,-15.04279,-68.25864,2022-08-22,n,
13373,-15.04317,-68.26102,2022-08-22,n,
13374,-14.97251,-68.29765,2022-08-22,n,
13375,-14.97234,-68.29523,2022-08-22,n,
13376,-14.97346,-68.30038,2022-08-22,n,
13377,-15.03811,-67.72351,2022-08-23,n,
13378,-14.9284,-68.43295,2022-08-23,n,
13379,-14.74394,-68.31449,2022-08-23,n,
13380,-14.74228,-68.31329,2022-08-23,n,
13381,-14.73133,-68.31194,2022-08-23,n,
13382,-14.74543,-68.46802,2022-08-23,n,
13383,-14.64284,-68.43977,2022-08-23,n,
13384,-14.64338,-68.4426,2022-08-23,n,
13385,-14.63762,-68.44026,2022-08-23,n,
13386,-14.45374,-68.46201,2022-08-23,h,
13387,-14.45446,-68.46562,2022-08-23,n,
13388,-14.45234,-68.46163,2022-08-23,n,
13389,-14.45301,-68.46513,2022-08-23,n,
13390,-14.63385,-68.48394,2022-08-24,n,
13391,-14.63441,-68.48035,2022-08-24,n,
13392,-14.72966,-68.32362,2022-08-24,n,
13393,-14.73021,-68.32007,2022-08-24,n,
13394,-14.73299,-68.32415,2022-08-24,n,
13395,-14.74353,-68.32221,2022-08-24,n,
13396,-14.9713,-68.2484,2022-08-24,n,
13397,-14.97186,-68.24476,2022-08-24,n,
13398,-14.97463,-68.24895,2022-08-24,n,
13399,-15.13319,-68.33321,2022-08-24,n,
13400,-14.98298,-68.20172,2022-08-24,n,
13401,-14.97913,-68.20219,2022-08-24,n,
13402,-14.98286,-68.26924,2022-08-24,n,
13403,-14.98366,-68.27391,2022-08-24,n,
13404,-14.94364,-68.40115,2022-08-24,n,
13405,-14.94441,-68.4057,2022-08-24,n,
13406,-14.94061,-68.40622,2022-08-24,n,
13407,-14.91784,-68.47752,2022-08-24,n,
13408,-14.67077,-68.48155,2022-08-24,l,
13409,-14.67162,-68.48647,2022-08-24,n,
13410,-14.66319,-68.4827,2022-08-24,n,
13411,-14.66354,-68.48125,2022-08-24,n,
13412,-14.53318,-68.3345,2022-08-24,n,
13413,-14.98556,-68.25829,2022-08-25,n,
13414,-14.9861,-68.26185,2022-08-25,n,
13415,-14.98816,-68.29856,2022-08-25,n,
13416,-14.98427,-68.29544,2022-08-25,n,
13417,-14.98482,-68.29906,2022-08-25,n,
13418,-14.98417,-68.31767,2022-08-25,n,
13419,-14.97049,-68.27167,2022-08-25,n,
13420,-14.97082,-68.31976,2022-08-25,n,
13421,-14.96037,-68.29538,2022-08-25,n,
13422,-14.95704,-68.29592,2022-08-25,n,
13423,-14.91508,-68.41685,2022-08-25,n,
13424,-14.83929,-68.5659,2022-08-25,n,
13425,-14.83272,-68.54471,2022-08-25,n,
13426,-14.7753,-68.5499,2022-08-25,n,
13427,-14.77196,-68.5504,2022-08-25,n,
13428,-14.75377,-68.5316,2022-08-25,n,
13429,-14.7499,-68.52854,2022-08-25,n,
13430,-14.75043,-68.53214,2022-08-25,n,
13431,-14.74763,-68.5363,2022-08-25,n,
13432,-14.70081,-68.54356,2022-08-25,n,
13433,-14.67671,-68.47327,2022-08-25,n,
13434,-14.67391,-68.47739,2022-08-25,n,
13435,-14.62339,-68.18446,2022-08-25,n,
13436,-14.63019,-68.65859,2022-08-25,n,
13437,-14.4964,-68.48382,2022-08-25,n,
13438,-14.49251,-68.48066,2022-08-25,n,
13439,-14.49306,-68.48433,2022-08-25,n,
13440,-14.4582,-68.45668,2022-08-25,n,
13441,-14.15383,-68.84572,2022-08-25,n,
13442,-15.09188,-68.33728,2022-08-25,n,
13443,-15.08854,-68.33781,2022-08-25,n,
13444,-15.01995,-68.28269,2022-08-25,n,
13445,-15.02049,-68.28631,2022-08-25,n,
13446,-14.99035,-68.19897,2022-08-25,n,
13447,-14.74583,-68.33105,2022-08-26,n,
13448,-14.9799,-68.33903,2022-08-26,n,
13449,-14.90584,-68.49552,2022-08-26,n,
13450,-14.68578,-67.57516,2022-08-26,n,
13451,-14.68467,-68.47494,2022-08-26,n,
13452,-14.61508,-68.3242,2022-08-26,n,
13453,-14.61098,-68.32477,2022-08-26,n,
13454,-14.61197,-68.3248,2022-08-26,n,
13455,-14.5748,-68.3595,2022-08-26,n,
13456,-14.57067,-68.35991,2022-08-26,l,
13457,-14.57121,-68.364,2022-08-26,n,
13458,-14.56855,-68.47293,2022-08-26,l,
13459,-14.40749,-68.55821,2022-08-26,l,
13460,-14.73293,-68.37238,2022-08-27,n,
13461,-14.73018,-68.37281,2022-08-27,n,
13462,-14.73061,-68.37661,2022-08-27,n,
13463,-14.67695,-68.35815,2022-08-27,n,
13464,-14.67088,-68.35503,2022-08-27,n,
13465,-14.66574,-68.36043,2022-08-27,n,
13466,-14.55235,-68.49731,2022-08-27,n,
13467,-14.54585,-68.49054,2022-08-27,h,
13468,-14.54635,-68.49523,2022-08-27,n,
13469,-15.19738,-67.67494,2022-08-27,h,
13470,-15.19772,-67.67815,2022-08-27,n,
13471,-15.19683,-67.67583,2022-08-27,h,
13472,-15.19719,-67.67896,2022-08-27,n,
13473,-15.03309,-68.24282,2022-08-27,n,
13474,-15.02751,-68.24399,2022-08-27,h,
13475,-14.87409,-68.55325,2022-08-27,n,
13476,-14.54987,-68.49438,2022-08-27,h,
13477,-14.55025,-68.49776,2022-08-27,n,
13478,-14.54369,-68.49084,2022-08-27,n,
13479,-14.54424,-68.49562,2022-08-27,n,
13480,-14.51101,-68.50811,2022-08-27,n,
13481,-15.15051,-68.25432,2022-08-29,n,
13482,-15.03479,-68.2864,2022-08-29,n,
13483,-14.30964,-68.4934,2022-08-29,n,
13484,-15.03977,-67.7236,2022-08-30,n,
13485,-15.09643,-68.33095,2022-08-30,n,
13486,-15.02828,-68.31248,2022-08-30,n,
13487,-15.00755,-68.28986,2022-08-30,n,
13488,-14.96339,-68.28299,2022-08-30,n,
13489,-14.96004,-68.2835,2022-08-30,n,
13490,-14.89308,-68.50319,2022-08-30,n,
13491,-14.59058,-68.45656,2022-08-30,n,
13492,-14.59344,-68.47475,2022-08-30,n,
13493,-15.19691,-67.67883,2022-08-31,n,
13494,-14.60108,-68.41028,2022-08-31,n,
13495,-14.42223,-68.44476,2022-08-31,n,
13496,-14.37283,-68.50868,2022-08-31,n,
13497,-14.36905,-68.50907,2022-08-31,n,
13498,-15.05221,-68.27532,2022-09-01,n,
13499,-15.05467,-68.27519,2022-09-01,n,
13500,-14.89763,-68.50917,2022-09-01,h,
13501,-14.8973,-68.50626,2022-09-01,n,
13502,-14.89798,-68.51219,2022-09-01,n,
13503,-14.88333,-68.52143,2022-09-01,h,
13504,-14.86683,-68.56095,2022-09-01,n,
13505,-14.86612,-68.56251,2022-09-01,n,
13506,-14.7729,-68.34456,2022-09-01,n,
13507,-14.63613,-68.46037,2022-09-01,n,
13508,-14.37195,-68.50687,2022-09-01,n,
13509,-14.37236,-68.51035,2022-09-01,n,
13510,-14.10618,-68.87243,2022-09-01,n,
13511,-13.99497,-68.96256,2022-09-01,n,
13512,-14.57163,-68.45997,2022-09-02,h,
13513,-14.5649,-68.46242,2022-09-02,n,
13514,-14.56863,-68.46288,2022-09-02,n,
13515,-15.13321,-67.67546,2022-09-04,n,
13516,-15.13394,-67.67976,2022-09-04,n,
13517,-15.13032,-67.68032,2022-09-04,n,
13518,-15.13328,-67.67873,2022-09-04,n,
13519,-15.12967,-67.67932,2022-09-04,n,
13520,-15.13022,-67.68269,2022-09-06,n,
13521,-14.77073,-68.44801,2022-09-06,n,
13522,-14.99987,-68.177,2022-09-07,h,
13523,-15.00087,-68.18681,2022-09-07,n,
13524,-15.00038,-68.18198,2022-09-07,l,
13525,-14.99361,-68.17704,2022-09-07,n,
13526,-14.99418,-68.18275,2022-09-07,n,
13527,-15.00078,-68.17519,2022-09-07,n,
13528,-15.00181,-68.18478,2022-09-07,n,
13529,-14.995,-68.17982,2022-09-07,h,
13530,-14.99448,-68.17503,2022-09-07,n,
13531,-14.85458,-68.25771,2022-09-07,n,
13532,-14.71823,-68.32421,2022-09-07,n,
13533,-14.71196,-68.32463,2022-09-07,n,
13534,-14.71247,-68.32957,2022-09-07,n,
13535,-14.71487,-68.32758,2022-09-07,h,
13536,-14.71434,-68.32271,2022-09-07,n,
13537,-14.70856,-68.32758,2022-09-07,n,
13538,-14.55098,-68.49289,2022-09-07,n,
13539,-14.55144,-68.49724,2022-09-07,n,
13540,-14.58384,-68.87294,2022-09-07,h,
13541,-14.56241,-68.85429,2022-09-07,n,
13542,-14.56179,-68.85296,2022-09-07,l,
13543,-14.33343,-68.54398,2022-09-07,n,
13544,-14.3015,-68.54313,2022-09-07,n,
13545,-14.99791,-68.17549,2022-09-07,h,
13546,-14.99933,-68.18182,2022-09-07,n,
13547,-14.99113,-68.17742,2022-09-07,n,
13548,-14.99235,-68.18285,2022-09-07,n,
13549,-14.99838,-68.17204,2022-09-07,h,
13550,-14.99987,-68.17884,2022-09-07,n,
13551,-14.99304,-68.18052,2022-09-07,h,
13552,-14.91552,-68.22088,2022-09-07,n,
13553,-14.91516,-68.21731,2022-09-07,n,
13554,-14.69345,-68.54339,2022-09-07,h,
13555,-14.69257,-68.54182,2022-09-07,n,
13556,-14.69354,-68.54635,2022-09-07,n,
13557,-14.62505,-68.65491,2022-09-07,n,
13558,-14.55922,-68.58111,2022-09-07,h,
13559,-14.5584,-68.58284,2022-09-07,n,
13560,-14.45437,-68.52979,2022-09-07,n,
13561,-14.69842,-68.5005,2022-09-08,n,
13562,-14.69893,-68.4966,2022-09-08,n,
13563,-14.8643,-68.37364,2022-09-08,n,
13564,-14.86797,-68.37739,2022-09-08,n,
13565,-14.86841,-68.37405,2022-09-08,n,
13566,-14.87211,-68.37759,2022-09-08,n,
13567,-14.87256,-68.37428,2022-09-08,n,
13568,-14.87672,-68.37437,2022-09-08,n,
13569,-14.9926,-68.18113,2022-09-08,n,
13570,-14.99725,-68.17801,2022-09-08,n,
13571,-14.99675,-68.18175,2022-09-08,n,
13572,-15.00092,-68.18221,2022-09-08,n,
13573,-15.00144,-68.17834,2022-09-08,n,
13574,-14.99601,-68.17853,2022-09-08,n,
13575,-14.99658,-68.18147,2022-09-08,n,
13576,-14.98967,-68.17352,2022-09-08,n,
13577,-15.03506,-68.46313,2022-09-08,n,
13578,-15.01953,-68.46467,2022-09-08,n,
13579,-14.87265,-68.4548,2022-09-08,n,
13580,-14.79305,-68.54786,2022-09-08,n,
13581,-14.45385,-68.52526,2022-09-08,n,
13582,-14.54696,-68.48682,2022-09-09,n,
13583,-14.63585,-68.69886,2022-09-09,n,
13584,-14.6636,-68.71051,2022-09-09,n,
13585,-14.66637,-68.7146,2022-09-09,n,
13586,-14.67354,-68.73405,2022-09-09,n,
13587,-14.6741,-68.73051,2022-09-09,n,
13588,-15.04248,-68.45557,2022-09-09,n,
13589,-15.04221,-68.45409,2022-09-09,n,
13590,-14.5201,-68.50274,2022-09-09,n,
13591,-14.51631,-68.50336,2022-09-09,n,
13592,-14.51704,-68.50202,2022-09-09,n,
13593,-14.54855,-68.40042,2022-09-10,n,
13594,-14.63655,-68.69859,2022-09-10,n,
13595,-14.55071,-68.3754,2022-09-12,h,
13596,-14.55125,-68.38011,2022-09-12,n,
13597,-14.52483,-68.32609,2022-09-13,n,
13598,-14.52936,-68.32678,2022-09-13,n,
13599,-14.54202,-68.37145,2022-09-13,n,
13600,-14.54143,-68.37598,2022-09-13,n,
13601,-14.54653,-68.37222,2022-09-13,n,
13602,-14.54727,-68.37635,2022-09-13,n,
13603,-14.54218,-68.37665,2022-09-13,n,
13604,-14.87401,-68.389,2022-09-17,n,
13605,-15.00089,-68.30254,2022-09-19,n,
13606,-14.98898,-68.3159,2022-09-19,n,
13607,-14.58562,-68.44855,2022-09-19,n,
13608,-15.08779,-68.32433,2022-09-20,n,
13609,-14.78441,-68.47522,2022-09-20,n,
13610,-14.7557,-68.4798,2022-09-20,n,
13611,-14.69503,-68.54773,2022-09-20,n,
13612,-14.58735,-68.46259,2022-09-20,n,
13613,-14.57032,-68.49033,2022-09-20,n,
13614,-14.54095,-68.48988,2022-09-20,n,
13615,-14.54157,-68.4937,2022-09-20,n,
13616,-14.57499,-68.7235,2022-09-20,n,
13617,-14.57563,-68.72745,2022-09-20,n,
13618,-14.50783,-68.50748,2022-09-20,n,
13619,-14.50497,-68.51199,2022-09-20,n,
13620,-14.59285,-68.37994,2022-09-21,n,
13621,-14.59779,-68.37669,2022-09-21,n,
13622,-15.13097,-68.31837,2022-09-21,n,
13623,-15.04855,-68.1469,2022-09-21,n,
13624,-15.0382,-68.14847,2022-09-21,n,
13625,-15.03417,-68.14497,2022-09-21,n,
13626,-15.03475,-68.149,2022-09-21,n,
13627,-15.05972,-68.324,2022-09-21,n,
13628,-15.00757,-68.18108,2022-09-21,n,
13629,-14.99265,-68.1754,2022-09-21,n,
13630,-14.9281,-68.45887,2022-09-21,n,
13631,-14.8524,-68.25848,2022-09-21,n,
13632,-14.84613,-68.43823,2022-09-21,n,
13633,-14.8467,-68.44227,2022-09-21,n,
13634,-14.84523,-68.5075,2022-09-21,n,
13635,-14.82591,-68.42086,2022-09-21,n,
13636,-14.77956,-68.26768,2022-09-21,n,
13637,-14.7672,-68.24602,2022-09-21,n,
13638,-14.76373,-68.24646,2022-09-21,n,
13639,-14.67847,-68.7522,2022-09-21,n,
13640,-14.59733,-68.37878,2022-09-21,n,
13641,-14.59789,-68.38274,2022-09-21,n,
13642,-14.59386,-68.3793,2022-09-21,n,
13643,-14.5904,-68.37985,2022-09-21,n,
13644,-14.58611,-68.46101,2022-09-21,n,
13645,-14.55876,-68.49323,2022-09-21,n,
13646,-14.55529,-68.49384,2022-09-21,n,
13647,-14.5472,-68.48697,2022-09-21,n,
13648,-14.54083,-68.49215,2022-09-21,n,
13649,-14.53151,-68.5016,2022-09-21,n,
13650,-14.53206,-68.50552,2022-09-21,n,
13651,-14.52859,-68.50612,2022-09-21,l,
13652,-14.52565,-68.51043,2022-09-21,n,
13653,-14.52218,-68.51105,2022-09-21,l,
13654,-14.52164,-68.50723,2022-09-21,l,
13655,-14.50888,-68.46705,2022-09-21,n,
13656,-14.51063,-68.50485,2022-09-21,n,
13657,-14.50599,-68.4971,2022-09-21,n,
13658,-14.50658,-68.5013,2022-09-21,n,
13659,-14.50716,-68.50542,2022-09-21,n,
13660,-14.50251,-68.49764,2022-09-21,n,
13661,-14.5031,-68.50186,2022-09-21,n,
13662,-14.5002,-68.5065,2022-09-21,n,
13663,-14.48594,-68.51257,2022-09-21,n,
13664,-14.47834,-68.50922,2022-09-21,n,
13665,-14.47547,-68.514,2022-09-21,n,
13666,-14.46788,-68.53542,2022-09-21,n,
13667,-14.45576,-68.52531,2022-09-21,n,
13668,-14.40286,-68.55377,2022-09-21,n,
13669,-14.30936,-68.55553,2022-09-21,l,
13670,-14.29859,-68.50444,2022-09-21,n,
13671,-14.30457,-68.57201,2022-09-21,n,
13672,-15.08171,-68.3596,2022-09-25,n,
13673,-14.89782,-68.50652,2022-09-25,n,
13674,-14.77834,-68.39555,2022-09-25,n,
13675,-15.20643,-68.15646,2022-09-26,n,
13676,-15.20255,-68.15335,2022-09-26,n,
13677,-15.20309,-68.15697,2022-09-26,n,
13678,-14.86833,-68.24363,2022-09-26,n,
13679,-14.86887,-68.24727,2022-09-26,l,
13680,-14.85275,-68.25356,2022-09-26,n,
13681,-14.85139,-68.28374,2022-09-26,n,
13682,-14.96809,-68.20997,2022-09-27,n,
13683,-15.07277,-68.24554,2022-09-28,n,
13684,-15.07315,-68.24904,2022-09-28,n,
13685,-14.85605,-68.24841,2022-09-28,n,
13686,-14.66887,-68.26224,2022-09-28,h,
13687,-14.66936,-68.26669,2022-09-28,n,
13688,-14.61586,-68.5758,2022-09-28,h,
13689,-14.55545,-68.49999,2022-09-28,n,
13690,-14.85162,-68.26202,2022-09-30,l,
13691,-14.84154,-68.50209,2022-10-01,n,
13692,-14.8382,-68.50265,2022-10-01,n,
13693,-14.69136,-68.42041,2022-10-01,n,
13694,-14.6046,-68.45851,2022-10-02,n,
13695,-14.6047,-68.46092,2022-10-02,n,
13696,-14.65826,-68.37215,2022-10-03,n,
13697,-14.45828,-68.52431,2022-10-03,n,
13698,-14.45866,-68.52761,2022-10-03,n,
13699,-14.39606,-68.54774,2022-10-03,n,
13700,-14.36957,-68.54391,2022-10-03,h,
13701,-14.57133,-68.48151,2022-10-04,n,
13702,-14.74394,-68.42987,2022-10-05,n,
13703,-14.74764,-68.43048,2022-10-05,n,
13704,-14.74698,-68.43514,2022-10-05,n,
13705,-15.09784,-68.28725,2022-10-05,n,
13706,-15.10157,-68.28801,2022-10-05,n,
13707,-14.94874,-68.25082,2022-10-05,n,
13708,-14.93342,-68.22031,2022-10-05,n,
13709,-14.9297,-68.22626,2022-10-05,n,
13710,-15.03852,-67.72491,2022-10-06,n,
13711,-15.03925,-67.72921,2022-10-06,n,
13712,-15.11344,-68.21651,2022-10-06,n,
13713,-15.11416,-68.22083,2022-10-06,n,
13714,-15.1099,-68.21701,2022-10-06,n,
13715,-15.11061,-68.22125,2022-10-06,n,
13716,-14.57063,-68.47348,2022-10-06,n,
13717,-14.55136,-68.46565,2022-10-06,n,
13718,-14.5564,-68.49658,2022-10-06,n,
13719,-14.54786,-68.46624,2022-10-06,n,
13720,-14.54106,-68.49073,2022-10-06,n,
13721,-14.53756,-68.49132,2022-10-06,n,
13722,-14.53819,-68.49516,2022-10-06,n,
13723,-14.54609,-68.56527,2022-10-06,n,
13724,-14.5332,-68.50861,2022-10-06,n,
13725,-14.50473,-68.46653,2022-10-06,n,
13726,-14.50184,-68.4709,2022-10-06,n,
13727,-14.49398,-68.5144,2022-10-06,n,
13728,-14.49464,-68.51855,2022-10-06,n,
13729,-14.45794,-68.46967,2022-10-06,n,
13730,-14.45199,-68.52161,2022-10-06,n,
13731,-14.45455,-68.5373,2022-10-06,l,
13732,-14.39852,-68.54647,2022-10-06,n,
13733,-14.39917,-68.5504,2022-10-06,n,
13734,-14.39836,-68.5466,2022-10-06,n,
13735,-14.39899,-68.55051,2022-10-06,n,
13736,-14.39486,-68.5472,2022-10-06,n,
13737,-14.39136,-68.54778,2022-10-06,l,
13738,-14.38662,-68.54067,2022-10-06,n,
13739,-14.38312,-68.54125,2022-10-06,n,
13740,-14.37898,-68.53789,2022-10-06,n,
13741,-15.03012,-68.16309,2022-10-08,n,
13742,-15.02162,-68.2429,2022-10-08,n,
13743,-15.02222,-68.24773,2022-10-08,n,
13744,-14.93243,-68.38205,2022-10-08,n,
13745,-14.88989,-68.30072,2022-10-08,n,
13746,-14.70901,-68.74913,2022-10-10,n,
13747,-15.1176,-68.21136,2022-10-12,n,
13748,-15.02716,-68.48058,2022-10-12,n,
13749,-14.88518,-68.39204,2022-10-12,n,
13750,-14.84289,-68.49847,2022-10-12,n,
13751,-14.81762,-68.44319,2022-10-12,n,
13752,-14.81589,-68.444,2022-10-12,n,
13753,-15.15777,-67.68311,2022-10-16,n,
13754,-15.15861,-67.68777,2022-10-16,n,
13755,-15.03854,-67.72202,2022-10-16,n,
13756,-14.89888,-68.24028,2022-10-20,n,
13757,-15.19821,-68.17168,2022-10-20,h,
13758,-15.19724,-68.16713,2022-10-20,n,
13759,-14.6375,-68.49803,2022-10-20,n,
13760,-14.6394,-68.49667,2022-10-20,n,
13761,-14.57729,-68.38609,2022-10-20,n,
13762,-14.57836,-68.3912,2022-10-20,l,
13763,-14.53418,-68.48975,2022-10-20,n,
13764,-14.53753,-68.4902,2022-10-20,n,
13765,-14.5145,-68.50423,2022-10-20,n,
13766,-14.50139,-68.47259,2022-10-20,n,
13767,-14.5074,-68.50131,2022-10-20,n,
13768,-14.50823,-68.50526,2022-10-20,n,
13769,-14.51041,-68.51572,2022-10-20,n,
13770,-14.50112,-68.5023,2022-10-20,n,
13771,-14.38963,-68.54566,2022-10-20,n,
13772,-13.99256,-68.94199,2022-10-20,n,
13773,-14.44654,-68.52352,2022-10-21,n,
13774,-14.44706,-68.52169,2022-10-21,n,
13775,-14.41803,-68.5451,2022-10-21,n,
13776,-15.13769,-68.30549,2022-10-24,n,
13777,-15.13244,-68.30074,2022-10-24,n,
13778,-15.13303,-68.30554,2022-10-24,n,
13779,-15.03987,-67.73362,2022-10-24,n,
13780,-15.09609,-68.23133,2022-10-24,n,
13781,-15.05319,-68.14342,2022-10-24,n,
13782,-15.05257,-68.14658,2022-10-24,n,
13783,-14.84695,-68.32033,2022-10-24,l,
13784,-14.80924,-68.35416,2022-10-24,n,
13785,-14.80984,-68.35902,2022-10-24,l,
13786,-14.80526,-68.35974,2022-10-24,n,
13787,-15.07766,-67.71362,2022-10-25,n,
13788,-15.13496,-68.3,2022-10-25,h,
13789,-15.13503,-68.30094,2022-10-25,h,
13790,-15.02728,-68.23407,2022-10-25,n,
13791,-15.01852,-68.2588,2022-10-25,n,
13792,-15.02747,-68.23565,2022-10-25,n,
13793,-15.01694,-68.25301,2022-10-25,n,
13794,-14.88523,-68.49517,2022-10-25,h,
13795,-14.88671,-68.50184,2022-10-25,n,
13796,-14.88477,-68.49792,2022-10-25,h,
13797,-14.88622,-68.50463,2022-10-25,n,
13798,-14.83879,-68.30768,2022-10-26,n,
13799,-14.81689,-68.27753,2022-10-26,h,
13800,-14.81738,-68.28001,2022-10-26,h,
13801,-14.81196,-68.27959,2022-10-26,n,
13802,-14.81242,-68.28197,2022-10-26,n,
13803,-14.81621,-68.30133,2022-10-26,n,
13804,-14.80941,-68.29388,2022-10-26,n,
13805,-14.61116,-68.41294,2022-10-26,n,
13806,-14.58797,-68.43021,2022-10-26,h,
13807,-14.5875,-68.4278,2022-10-26,n,
13808,-14.58623,-68.42924,2022-10-26,h,
13809,-14.5867,-68.43169,2022-10-26,h,
13810,-14.38279,-68.54044,2022-10-26,n,
13811,-14.38098,-68.54031,2022-10-26,n,
13812,-14.38153,-68.54319,2022-10-26,n,
13813,-14.50672,-68.5113,2022-10-27,n,
13814,-14.39274,-68.5481,2022-10-27,n,
13815,-14.6279,-68.52006,2022-10-27,n,
13816,-14.61713,-68.50193,2022-10-27,n,
13817,-14.57725,-68.44965,2022-10-27,n,
13818,-14.50974,-68.50615,2022-10-27,n,
13819,-15.0958,-68.20136,2022-10-29,n,
13820,-15.0963,-68.20535,2022-10-29,n,
13821,-15.09789,-68.20461,2022-10-29,n,
13822,-14.83093,-68.51483,2022-10-29,h,
13823,-14.82673,-68.51524,2022-10-29,n,
13824,-14.65727,-68.40413,2022-10-29,n,
13825,-15.05596,-67.73547,2022-11-02,n,
13826,-14.99058,-68.17692,2022-11-03,n,
13827,-14.73476,-68.36103,2022-11-03,l,
13828,-14.71466,-68.35374,2022-11-03,l,
13829,-14.63811,-68.41554,2022-11-03,n,
13830,-15.05512,-67.71069,2022-11-04,n,
13831,-15.05615,-67.70581,2022-11-04,n,
13832,-15.19993,-68.14716,2022-11-04,h,
13833,-15.20037,-68.15094,2022-11-04,n,
13834,-15.11187,-68.21954,2022-11-04,n,
13835,-15.04391,-67.72701,2022-11-04,n,
13836,-15.03897,-67.72756,2022-11-04,n,
13837,-15.056,-68.22813,2022-11-04,h,
13838,-15.05097,-68.22932,2022-11-04,n,
13839,-15.05316,-68.22724,2022-11-04,h,
13840,-15.05356,-68.23056,2022-11-04,n,
13841,-14.98355,-68.29582,2022-11-04,l,
13842,-14.90908,-68.2176,2022-11-04,n,
13843,-14.75916,-68.37396,2022-11-04,n,
13844,-14.76185,-68.37511,2022-11-04,l,
13845,-14.62379,-68.41074,2022-11-04,n,
13846,-14.62431,-68.4151,2022-11-04,n,
13847,-14.6107,-68.43212,2022-11-04,n,
13848,-14.44839,-68.49067,2022-11-04,n,
13849,-14.4472,-68.49326,2022-11-04,n,
13850,-14.44094,-68.52789,2022-11-04,l,
13851,-14.52857,-68.30329,2022-11-05,n,
13852,-14.5874,-68.54319,2022-11-05,n,
13853,-14.58684,-68.43488,2022-11-05,n,
13854,-15.14799,-68.33242,2022-11-05,n,
13855,-15.08271,-68.32969,2022-11-05,n,
13856,-14.93165,-68.38633,2022-11-05,n,
13857,-14.92544,-68.3875,2022-11-05,n,
13858,-14.45429,-68.51689,2022-11-06,n,
13859,-14.53084,-68.30934,2022-11-06,n,
13860,-15.32617,-68.0593,2022-11-06,n,
13861,-15.10907,-67.66144,2022-11-06,n,
13862,-15.10429,-67.66247,2022-11-06,n,
13863,-15.02033,-68.49084,2022-11-06,n,
13864,-14.722,-67.59314,2022-11-06,n,
13865,-14.72306,-67.5986,2022-11-06,n,
13866,-14.72456,-67.59525,2022-11-06,n,
13867,-14.37951,-68.48908,2022-11-06,n,
13868,-14.38042,-68.49395,2022-11-06,n,
13869,-14.31408,-68.53894,2022-11-06,n,
13870,-14.28468,-68.53421,2022-11-06,n,
13871,-14.2405,-68.55227,2022-11-06,n,
13872,-14.24087,-68.54919,2022-11-06,n,
13873,-13.98271,-68.96653,2022-11-06,n,
13874,-14.37882,-68.49459,2022-11-07,n,
13875,-15.10743,-67.66502,2022-11-07,n,
13876,-15.03575,-68.15467,2022-11-07,n,
13877,-15.03728,-68.3153,2022-11-07,n,
13878,-14.75345,-67.62496,2022-11-07,n,
13879,-14.3375,-68.55668,2022-11-07,n,
13880,-14.334,-68.55724,2022-11-07,n,
13881,-14.33466,-68.56122,2022-11-07,n,
13882,-14.24916,-68.05897,2022-11-07,n,
13883,-14.2456,-68.05957,2022-11-07,n,
13884,-14.35403,-68.59097,2022-11-08,n,
13885,-15.06688,-67.69892,2022-11-08,n,
13886,-14.50711,-68.51272,2022-11-08,n,
13887,-14.32144,-68.54079,2022-11-08,n,
13888,-14.68691,-67.58962,2022-11-09,n,
13889,-14.68745,-67.59386,2022-11-09,n,
13890,-14.63406,-67.55753,2022-11-09,n,
13891,-15.24674,-67.70953,2022-11-10,h,
13892,-15.24626,-67.70502,2022-11-10,n,
13893,-14.59402,-68.69704,2022-11-12,n,
13894,-14.64037,-68.45422,2022-11-14,n,
13895,-14.53579,-68.50372,2022-11-14,n,
13896,-14.53624,-68.50711,2022-11-14,n,
13897,-14.50718,-68.51231,2022-11-14,n,
13898,-14.45343,-68.52383,2022-11-14,l,
13899,-14.50988,-68.51302,2022-11-15,n,
13900,-15.05136,-67.72478,2022-11-16,n,
13901,-14.79162,-68.3567,2022-11-16,n,
13902,-15.19456,-68.16451,2022-11-17,n,
13903,-15.19519,-68.16801,2022-11-17,n,
13904,-14.94963,-68.42162,2022-11-17,n,
13905,-14.93101,-68.50748,2022-11-17,n,
13906,-14.73053,-67.62292,2022-11-17,n,
13907,-14.7298,-67.62245,2022-11-17,n,
13908,-14.73057,-67.62674,2022-11-17,n,
13909,-14.86836,-68.40736,2022-11-17,l,
13910,-14.86428,-68.40836,2022-11-17,l,
13911,-14.86018,-68.40923,2022-11-17,n,
13912,-14.77461,-68.56153,2022-11-17,n,
13913,-14.53981,-68.50507,2022-11-17,n,
13914,-14.56275,-68.897,2022-11-17,h,
13915,-14.39805,-68.53349,2022-11-17,n,
13916,-14.39393,-68.53425,2022-11-17,n,
13917,-14.39457,-68.53787,2022-11-17,n,
13918,-14.59138,-68.74331,2022-11-18,n,
13919,-14.59505,-68.74353,2022-11-18,n,
13920,-14.59872,-68.74377,2022-11-18,n,
13921,-14.59628,-68.74203,2022-11-18,n,
13922,-14.9905,-68.27821,2022-11-18,n,
13923,-14.92899,-68.49923,2022-11-18,n,
13924,-14.89005,-68.50603,2022-11-18,l,
13925,-14.88672,-68.50657,2022-11-18,n,
13926,-14.84298,-68.26919,2022-11-18,n,
13927,-14.70457,-68.31568,2022-11-18,n,
13928,-14.64816,-68.62737,2022-11-18,n,
13929,-15.093,-67.68313,2022-11-18,n,
13930,-15.14109,-68.31843,2022-11-18,l,
13931,-15.05708,-68.23277,2022-11-18,l,
13932,-15.03484,-68.26618,2022-11-18,n,
13933,-15.0354,-68.26977,2022-11-18,n,
13934,-15.03148,-68.26664,2022-11-18,n,
13935,-15.04239,-68.44648,2022-11-18,n,
13936,-14.59897,-68.74241,2022-11-18,n,
13937,-14.59508,-68.73933,2022-11-18,l,
13938,-14.59174,-68.73979,2022-11-18,l,
13939,-14.56891,-68.85723,2022-11-18,l,
13940,-14.42162,-68.5836,2022-11-18,n,
13941,-15.08247,-67.67917,2022-11-19,n,
13942,-15.08073,-67.68847,2022-11-19,n,
13943,-15.0816,-67.68384,2022-11-19,n,
13944,-15.0852,-67.68932,2022-11-19,n,
13945,-14.98789,-68.28351,2022-11-19,n,
13946,-15.31799,-68.05396,2022-11-19,n,
13947,-15.32233,-68.05601,2022-11-19,n,
13948,-15.08925,-67.67056,2022-11-19,l,
13949,-15.08374,-67.68484,2022-11-19,l,
13950,-15.08433,-67.68922,2022-11-19,l,
13951,-15.07642,-67.68585,2022-11-19,n,
13952,-15.07214,-67.68166,2022-11-19,l,
13953,-15.07683,-67.68405,2022-11-19,n,
13954,-15.07746,-67.68849,2022-11-19,n,
13955,-15.07807,-67.69285,2022-11-19,l,
13956,-15.07316,-67.68446,2022-11-19,n,
13957,-15.11409,-68.22548,2022-11-19,n,
13958,-15.12557,-68.30972,2022-11-19,l,
13959,-15.12177,-68.3101,2022-11-19,l,
13960,-14.91423,-68.28159,2022-11-19,n,
13961,-14.76861,-67.60387,2022-11-19,l,
13962,-14.61898,-68.56893,2022-11-19,n,
13963,-14.61512,-68.56911,2022-11-19,n,
13964,-14.55483,-68.49492,2022-11-19,n,
13965,-14.53412,-68.50596,2022-11-19,l,
13966,-14.3324,-68.55399,2022-11-19,n,
13967,-14.33385,-68.55684,2022-11-19,l,
13968,-15.12581,-68.30189,2022-11-20,n,
13969,-14.5872,-68.43225,2022-11-20,n,
13970,-14.59728,-68.741,2022-11-20,n,
13971,-14.53274,-68.50444,2022-11-20,n,
13972,-15.11216,-68.07764,2022-11-25,n,
13973,-15.05151,-67.73042,2022-11-25,n,
13974,-15.03692,-68.18664,2022-11-25,n,
13975,-15.03286,-68.19164,2022-11-25,n,
13976,-15.03338,-68.19587,2022-11-25,n,
13977,-15.02831,-68.19259,2022-11-25,n,
13978,-15.02882,-68.1968,2022-11-25,n,
13979,-14.92657,-68.34786,2022-11-25,n,
13980,-14.92727,-68.35368,2022-11-25,n,
13981,-14.94039,-68.46264,2022-11-25,n,
13982,-14.92189,-68.34807,2022-11-25,n,
13983,-14.86681,-68.46521,2022-11-25,n,
13984,-15.11637,-67.67222,2022-11-26,n,
13985,-15.11586,-67.67664,2022-11-26,n,
13986,-15.11561,-67.67419,2022-11-26,n,
13987,-15.11608,-67.66985,2022-11-26,n,
13988,-15.31326,-68.05783,2022-11-26,n,
13989,-15.11235,-68.08437,2022-11-26,n,
13990,-14.93748,-68.45742,2022-11-26,n,
13991,-14.79319,-68.43221,2022-11-26,n,
13992,-14.77135,-68.36606,2022-11-26,n,
13993,-15.31772,-68.05413,2022-11-26,n,
13994,-15.31833,-68.05627,2022-11-26,n,
13995,-15.31168,-68.0585,2022-11-26,n,
13996,-14.903,-68.37849,2022-11-26,n,
13997,-14.89642,-68.38071,2022-11-26,n,
13998,-14.79461,-68.44112,2022-11-26,n,
13999,-14.8992,-68.37629,2022-11-27,n,
14000,-14.90328,-68.3766,2022-11-27,n,
14001,-14.73305,-67.59061,2022-11-28,n,
14002,-15.03504,-67.73525,2022-11-28,n,
14003,-15.05295,-67.73064,2022-11-28,n,
14004,-15.05351,-67.72698,2022-11-28,n,
14005,-14.97111,-68.2851,2022-11-28,n,
14006,-14.97166,-68.28152,2022-11-28,n,
14007,-14.97443,-68.28562,2022-11-28,n,
14008,-14.97499,-68.28206,2022-11-28,n,
14009,-14.99831,-68.26373,2022-11-28,n,
14010,-15.09043,-67.66563,2022-11-28,n,
14011,-15.00165,-68.26422,2022-11-28,n,
14012,-15.02946,-68.17307,2022-11-28,n,
14013,-15.03278,-68.17368,2022-11-28,n,
14014,-15.03334,-68.17008,2022-11-28,n,
14015,-15.03666,-68.17071,2022-11-28,n,
14016,-15.06557,-68.11652,2022-11-28,n,
14017,-15.0678,-68.12421,2022-11-28,n,
14018,-15.11565,-68.07328,2022-11-28,n,
14019,-15.30728,-68.05508,2022-11-28,n,
14020,-15.31062,-68.05561,2022-11-28,n,
14021,-15.31622,-68.06366,2022-11-28,n,
14022,-15.31677,-68.06011,2022-11-28,n,
14023,-15.32012,-68.06061,2022-11-28,n,
14024,-15.31898,-68.06193,2022-11-28,n,
14025,-15.0904,-67.66284,2022-11-28,l,
14026,-15.07046,-68.12692,2022-11-28,n,
14027,-15.04249,-68.1456,2022-11-28,n,
14028,-15.02957,-68.20155,2022-11-28,n,
14029,-15.02144,-68.17642,2022-11-28,n,
14030,-15.03262,-68.46966,2022-11-28,n,
14031,-14.92811,-68.49332,2022-11-28,n,
14032,-14.87226,-68.55378,2022-11-28,n,
14033,-14.80735,-68.28278,2022-11-28,n,
14034,-14.64325,-68.7064,2022-11-28,n,
14035,-14.62862,-68.58166,2022-11-29,n,
14036,-14.6278,-68.58635,2022-11-29,n,
14037,-14.63175,-68.58677,2022-11-29,n,
14038,-14.63259,-68.58201,2022-11-29,n,
14039,-14.63165,-68.58335,2022-11-29,n,
14040,-14.80927,-68.27948,2022-11-29,n,
14041,-14.80697,-68.28111,2022-11-29,n,
14042,-14.81066,-68.28258,2022-11-29,n,
14043,-15.10594,-67.65868,2022-11-29,n,
14044,-15.01449,-68.20963,2022-11-29,n,
14045,-15.10962,-67.65944,2022-11-29,n,
14046,-15.02005,-68.20012,2022-11-29,n,
14047,-15.01826,-68.21051,2022-11-29,n,
14048,-15.01923,-68.20489,2022-11-29,n,
14049,-15.10871,-67.6869,2022-11-29,n,
14050,-15.02388,-68.20064,2022-11-29,n,
14051,-15.02304,-68.20554,2022-11-29,n,
14052,-15.11317,-67.68313,2022-11-29,n,
14053,-15.0277,-68.20123,2022-11-29,n,
14054,-15.02601,-68.20408,2022-11-29,n,
14055,-15.02688,-68.19924,2022-11-29,n,
14056,-15.0354,-68.1955,2022-11-29,n,
14057,-15.15678,-67.68702,2022-11-29,l,
14058,-15.11195,-67.6612,2022-11-29,n,
14059,-15.10862,-67.66174,2022-11-29,n,
14060,-15.11133,-67.67965,2022-11-29,l,
14061,-15.11187,-67.68322,2022-11-29,n,
14062,-15.11241,-67.68679,2022-11-29,l,
14063,-15.10475,-67.65868,2022-11-29,l,
14064,-15.10854,-67.68376,2022-11-29,n,
14065,-15.10908,-67.68733,2022-11-29,n,
14066,-15.09476,-67.66026,2022-11-29,l,
14067,-15.09089,-67.6572,2022-11-29,l,
14068,-14.62951,-68.58624,2022-11-29,n,
14069,-14.63005,-68.58984,2022-11-29,n,
14070,-14.59605,-68.49918,2022-11-29,l,
14071,-14.561,-68.494,2022-11-29,n,
14072,-14.54342,-68.57372,2022-11-29,n,
14073,-14.53955,-68.57072,2022-11-29,n,
14074,-15.08477,-67.66185,2022-11-29,l,
14075,-15.07807,-68.11109,2022-11-29,l,
14076,-15.07474,-68.11163,2022-11-29,n,
14077,-15.07582,-68.11892,2022-11-29,l,
14078,-15.07637,-68.12258,2022-11-29,l,
14079,-15.06474,-68.11327,2022-11-29,n,
14080,-15.06527,-68.11685,2022-11-29,n,
14081,-15.0614,-68.11382,2022-11-29,n,
14082,-15.06193,-68.11737,2022-11-29,n,
14083,-14.98263,-68.28564,2022-11-29,n,
14084,-14.92626,-68.45007,2022-11-29,n,
14085,-14.83649,-68.3865,2022-11-29,n,
14086,-14.38612,-68.54049,2022-11-29,n,
14087,-14.36788,-68.50989,2022-11-29,n,
14088,-14.32488,-68.57997,2022-11-29,n,
14089,-15.0668,-68.11185,2022-11-30,n,
14090,-15.0674,-68.10884,2022-11-30,n,
14091,-15.0896,-67.65986,2022-11-30,n,
14092,-15.0885,-67.65672,2022-11-30,n,
14093,-15.02593,-68.47905,2022-11-30,n,
14094,-14.86636,-68.46847,2022-11-30,l,
14095,-14.67751,-67.56616,2022-11-30,n,
14096,-14.54744,-68.58295,2022-11-30,n,
14097,-14.53319,-68.50671,2022-11-30,n,
14098,-14.54275,-68.5799,2022-11-30,n,
14099,-14.53859,-68.58096,2022-11-30,n,
14100,-14.51981,-68.66881,2022-11-30,n,
14101,-14.51568,-68.67029,2022-11-30,n,
14102,-14.76639,-68.53471,2022-12-01,n,
14103,-14.62988,-68.58551,2022-12-01,n,
14104,-14.48365,-68.51284,2022-12-03,n,
14105,-14.48425,-68.51631,2022-12-03,n,
14106,-14.49897,-68.61729,2022-12-04,n,
14107,-14.91868,-68.44191,2022-12-10,l,
14108,-14.87824,-68.4293,2022-12-17,n,
14109,-14.87869,-68.43343,2022-12-17,n,
14110,-15.17868,-67.68159,2022-12-23,n,
14111,-14.68756,-67.60194,2023-01-13,n,2023
14112,-14.93647,-68.43191,2023-01-23,n,2023
14113,-15.20468,-68.15942,2023-01-26,n,2023
14114,-15.04419,-68.31931,2023-02-23,n,2023
14115,-15.04467,-68.31667,2023-02-23,n,2023
14116,-15.03433,-68.26991,2023-02-23,n,2023
14117,-14.87954,-68.41863,2023-03-12,n,2023
14118,-15.07917,-67.84477,2023-03-18,n,2023
14119,-14.59927,-68.71046,2023-03-25,n,2023
14120,-14.2421,-68.52357,2023-03-28,n,2023
14121,-14.95794,-68.26161,2023-04-14,n,2023
14122,-14.95839,-68.26632,2023-04-14,n,2023
14123,-14.95782,-68.26287,2023-04-14,n,2023
14124,-14.8143,-68.31382,2023-04-16,l,2023
14125,-14.4554,-68.46204,2023-04-18,n,2023
14126,-14.49174,-68.56212,2023-04-22,n,2023
14127,-14.47087,-68.49274,2023-04-29,h,2023
14128,-14.80854,-68.50168,2023-05-01,n,2023
14129,-15.03322,-68.23052,2023-05-02,n,2023
14130,-15.03658,-68.23103,2023-05-02,n,2023
14131,-14.56167,-68.3966,2023-05-03,n,2023
14132,-14.6114,-68.35997,2023-05-09,n,2023
14133,-14.61369,-68.39469,2023-05-14,n,2023
14134,-14.75699,-68.47798,2023-05-16,n,2023
14135,-14.62131,-68.35325,2023-05-16,n,2023
14136,-14.61733,-68.35334,2023-05-16,n,2023
14137,-14.74412,-67.58372,2023-05-17,n,2023
14138,-14.83296,-68.54751,2023-05-19,n,2023
14139,-14.99969,-68.31871,2023-05-23,n,2023
14140,-14.68601,-68.28316,2023-05-25,n,2023
14141,-14.68188,-68.28378,2023-05-25,n,2023
14142,-14.6761,-68.34075,2023-06-02,l,2023
14143,-14.64089,-68.305,2023-06-02,n,2023
14144,-14.80123,-68.3212,2023-06-03,n,2023
14145,-14.88149,-68.39055,2023-06-03,l,2023
14146,-14.88243,-68.44836,2023-06-04,n,2023
14147,-15.01975,-68.31674,2023-06-10,n,2023
14148,-14.94493,-68.44055,2023-06-10,n,2023
14149,-14.63075,-68.45968,2023-06-10,n,2023
14150,-14.55851,-68.40027,2023-06-19,n,2023
14151,-14.50792,-69.10649,2023-06-19,n,2023
14152,-14.71541,-68.29495,2023-06-20,n,2023
14153,-14.7125,-68.29959,2023-06-20,n,2023
14154,-14.70901,-68.30013,2023-06-20,n,2023
14155,-15.04719,-68.27842,2023-06-25,n,2023
14156,-14.56616,-68.90584,2023-06-26,n,2023
14157,-15.07689,-68.30839,2023-06-29,n,2023
14158,-15.07755,-68.31213,2023-06-29,n,2023
14159,-15.05067,-68.44776,2023-06-29,n,2023
14160,-15.03567,-68.45822,2023-06-29,n,2023
14161,-14.92596,-68.45109,2023-06-29,n,2023
14162,-14.99367,-68.18763,2023-07-01,n,2023
14163,-14.89857,-68.5073,2023-07-01,n,2023
14164,-14.72915,-68.16106,2023-07-02,n,2023
14165,-14.88936,-68.37273,2023-07-08,h,2023
14166,-14.27277,-68.53156,2023-07-21,l,2023
14167,-15.0978,-68.32505,2023-07-21,n,2023
14168,-14.92301,-68.47045,2023-07-22,n,2023
14169,-14.74047,-67.61371,2023-07-22,n,2023
14170,-14.73707,-67.61423,2023-07-22,n,2023
14171,-14.58498,-68.34467,2023-07-22,n,2023
14172,-14.57614,-68.68596,2023-07-22,l,2023
14173,-15.09525,-68.34535,2023-07-23,n,2023
14174,-14.69807,-68.28158,2023-07-23,n,2023
14175,-14.70886,-68.44493,2023-07-23,n,2023
14176,-14.68373,-68.27842,2023-07-23,n,2023
14177,-14.70423,-68.44554,2023-07-23,n,2023
14178,-14.685,-68.32674,2023-07-23,n,2023
14179,-14.63939,-68.5616,2023-07-24,n,2023
14180,-14.68812,-68.28169,2023-07-31,n,2023
14181,-14.92294,-68.4706,2023-08-01,n,2023
14182,-14.88148,-68.29179,2023-08-01,n,2023
14183,-14.67525,-68.72584,2023-08-01,n,2023
14184,-14.67192,-68.72638,2023-08-01,n,2023
14185,-14.9529,-68.3185,2023-08-02,n,2023
14186,-14.78751,-68.46056,2023-08-04,n,2023
14187,-14.80602,-68.46745,2023-08-04,n,2023
14188,-15.13544,-68.3328,2023-08-05,n,2023
14189,-14.83765,-68.4789,2023-08-05,n,2023
14190,-14.57059,-68.41082,2023-08-05,n,2023
14191,-15.1575,-67.68173,2023-08-06,n,2023
14192,-15.01055,-68.17056,2023-08-06,n,2023
14193,-14.89307,-68.42605,2023-08-06,n,2023
14194,-14.81928,-68.43492,2023-08-06,n,2023
14195,-14.82436,-68.57531,2023-08-06,n,2023
14196,-14.554,-68.42745,2023-08-06,n,2023
14197,-14.92552,-68.44952,2023-08-07,n,2023
14198,-14.8599,-68.54446,2023-08-07,n,2023
14199,-14.83478,-68.54419,2023-08-07,n,2023
14200,-14.8335,-68.56075,2023-08-07,n,2023
14201,-14.67646,-67.49975,2023-08-07,n,2023
14202,-14.9503,-68.27409,2023-08-10,n,2023
14203,-14.95087,-68.27696,2023-08-10,n,2023
14204,-14.94896,-68.27744,2023-08-10,n,2023
14205,-14.92594,-68.37121,2023-08-12,n,2023
14206,-14.86374,-68.43624,2023-08-12,n,2023
14207,-14.7965,-68.52499,2023-08-12,n,2023
14208,-15.08933,-67.69167,2023-08-17,n,2023
14209,-14.9608,-68.31348,2023-08-18,n,2023
14210,-14.83792,-68.56693,2023-08-18,n,2023
14211,-14.62643,-68.19678,2023-08-18,n,2023
14212,-14.84529,-68.39705,2023-08-19,n,2023
14213,-14.85196,-68.39675,2023-08-19,n,2023
14214,-15.05101,-68.44974,2023-08-19,n,2023
14215,-14.31115,-68.51916,2023-08-19,n,2023
14216,-14.62476,-68.19559,2023-08-20,n,2023
14217,-14.62376,-68.19679,2023-08-20,n,2023
14218,-14.84428,-68.57809,2023-08-20,n,2023
14219,-15.08322,-68.22509,2023-08-21,n,2023
14220,-15.0811,-68.2281,2023-08-21,n,2023
14221,-14.96339,-68.33458,2023-08-21,n,2023
14222,-14.96436,-68.3399,2023-08-21,n,2023
14223,-14.89992,-68.52789,2023-08-21,n,2023
14224,-14.89993,-68.52672,2023-08-21,n,2023
14225,-14.70122,-68.35888,2023-08-22,n,2023
14226,-15.12983,-68.22224,2023-08-22,n,2023
14227,-14.92685,-68.32819,2023-08-22,n,2023
14228,-14.92336,-68.32887,2023-08-22,n,2023
14229,-14.90729,-68.49434,2023-08-22,n,2023
14230,-14.82237,-68.30861,2023-08-22,n,2023
14231,-14.80832,-68.31082,2023-08-22,n,2023
14232,-14.81008,-68.34381,2023-08-22,n,2023
14233,-14.74954,-68.28201,2023-08-22,n,2023
14234,-14.75082,-68.28981,2023-08-22,n,2023
14235,-14.79613,-68.56576,2023-08-22,n,2023
14236,-14.74604,-68.28264,2023-08-22,n,2023
14237,-14.74667,-68.2865,2023-08-22,n,2023
14238,-14.74316,-68.28708,2023-08-22,l,2023
14239,-14.7438,-68.29099,2023-08-22,l,2023
14240,-14.74606,-68.28188,2023-08-22,l,2023
14241,-14.74668,-68.28574,2023-08-22,n,2023
14242,-14.7438,-68.29022,2023-08-22,n,2023
14243,-14.56974,-68.35239,2023-08-22,n,2023
14244,-14.57038,-68.35629,2023-08-22,n,2023
14245,-14.57227,-68.36786,2023-08-22,n,2023
14246,-15.10591,-68.35119,2023-08-23,n,2023
14247,-15.06246,-68.26956,2023-08-23,n,2023
14248,-15.06301,-68.27346,2023-08-23,l,2023
14249,-14.55677,-68.68683,2023-08-23,n,2023
14250,-14.91352,-68.28987,2023-08-23,n,2023
14251,-14.9095,-68.28652,2023-08-23,n,2023
14252,-14.91005,-68.29037,2023-08-23,n,2023
14253,-14.90932,-68.31026,2023-08-23,n,2023
14254,-14.89571,-68.54334,2023-08-23,n,2023
14255,-14.82119,-68.37568,2023-08-23,l,2023
14256,-14.67169,-68.7143,2023-08-23,n,2023
14257,-14.86483,-68.36143,2023-08-24,n,2023
14258,-14.87077,-68.36155,2023-08-24,n,2023
14259,-14.86898,-68.56104,2023-08-24,n,2023
14260,-14.86958,-68.5659,2023-08-24,n,2023
14261,-14.78902,-68.56544,2023-08-24,n,2023
14262,-14.96812,-68.28429,2023-08-25,h,2023
14263,-14.96761,-68.27914,2023-08-25,n,2023
14264,-14.97003,-68.28111,2023-08-25,h,2023
14265,-14.93789,-68.3996,2023-08-25,h,2023
14266,-14.93842,-68.40472,2023-08-25,n,2023
14267,-14.93583,-68.50463,2023-08-25,n,2023
14268,-14.92943,-68.50485,2023-08-25,n,2023
14269,-14.88614,-68.5214,2023-08-25,n,2023
14270,-14.88421,-68.52201,2023-08-25,n,2023
14271,-14.86882,-68.55934,2023-08-25,n,2023
14272,-14.79028,-68.54575,2023-08-25,n,2023
14273,-14.78721,-68.54399,2023-08-25,n,2023
14274,-14.61914,-67.54544,2023-08-25,n,2023
14275,-15.10102,-68.34645,2023-08-25,n,2023
14276,-15.02719,-68.30227,2023-08-25,n,2023
14277,-14.48146,-68.48473,2023-08-25,n,2023
14278,-14.29128,-68.53378,2023-08-25,n,2023
14279,-14.61417,-68.61577,2023-08-27,n,2023
14280,-14.6175,-68.6163,2023-08-27,n,2023
14281,-14.67464,-68.73474,2023-08-28,n,2023
14282,-14.50482,-69.0975,2023-08-28,n,2023
14283,-14.50198,-69.10168,2023-08-28,l,2023
14284,-14.4982,-69.09052,2023-08-29,n,2023
14285,-14.50406,-69.08961,2023-08-29,n,2023
14286,-14.50456,-69.08717,2023-08-29,n,2023
14287,-14.50912,-69.09267,2023-08-29,n,2023
14288,-14.50969,-69.08984,2023-08-29,n,2023
14289,-14.51026,-69.08704,2023-08-29,n,2023
14290,-14.96527,-68.33932,2023-08-29,l,2023
14291,-14.81845,-68.32275,2023-08-29,l,2023
14292,-14.69664,-68.2747,2023-08-29,n,2023
14293,-14.69425,-68.27529,2023-08-29,n,2023
14294,-14.65418,-68.22425,2023-08-29,n,2023
14295,-14.63404,-68.56002,2023-08-29,n,2023
14296,-14.5889,-68.5809,2023-08-29,n,2023
14297,-14.5774,-68.89693,2023-08-29,n,2023
14298,-14.38474,-68.56023,2023-08-29,n,2023
14299,-14.38521,-68.56379,2023-08-29,n,2023
14300,-14.38105,-68.56443,2023-08-29,n,2023
14301,-14.36805,-68.56229,2023-08-29,n,2023
14302,-14.29802,-68.55281,2023-08-29,n,2023
14303,-14.90284,-68.28545,2023-08-30,n,2023
14304,-14.92286,-68.46935,2023-08-30,n,2023
14305,-14.70984,-67.60178,2023-08-30,n,2023
14306,-14.50888,-69.07906,2023-08-30,n,2023
14307,-14.91794,-68.35207,2023-08-31,n,2023
14308,-14.9158,-68.35283,2023-08-31,n,2023
14309,-14.5747,-68.89786,2023-08-31,n,2023
14310,-14.60641,-68.60839,2023-09-01,n,2023
14311,-15.14394,-68.32628,2023-09-01,n,2023
14312,-14.93878,-68.34215,2023-09-01,n,2023
14313,-14.93401,-68.33944,2023-09-01,l,2023
14314,-14.93468,-68.34321,2023-09-01,n,2023
14315,-14.93533,-68.34689,2023-09-01,n,2023
14316,-14.92577,-68.31705,2023-09-01,n,2023
14317,-14.92643,-68.3208,2023-09-01,n,2023
14318,-14.92991,-68.34048,2023-09-01,n,2023
14319,-14.77801,-68.56178,2023-09-01,n,2023
14320,-14.70085,-68.26839,2023-09-01,n,2023
14321,-14.70222,-68.27614,2023-09-01,n,2023
14322,-14.69802,-68.27679,2023-09-01,n,2023
14323,-14.61829,-68.58276,2023-09-01,n,2023
14324,-14.7195,-67.58981,2023-09-02,n,2023
14325,-14.31453,-68.54181,2023-09-02,n,2023
14326,-14.31118,-68.54233,2023-09-02,n,2023
14327,-15.09107,-68.23762,2023-09-03,n,2023
14328,-14.98746,-68.29636,2023-09-03,n,2023
14329,-14.8721,-68.56675,2023-09-05,n,2023
14330,-14.75188,-68.2181,2023-09-05,n,2023
14331,-14.74499,-68.21651,2023-09-05,n,2023
14332,-14.7458,-68.22032,2023-09-05,n,2023
14333,-14.74664,-68.22434,2023-09-05,n,2023
14334,-14.74749,-68.22839,2023-09-05,n,2023
14335,-15.00079,-68.16779,2023-09-06,n,2023
14336,-14.88171,-68.28903,2023-09-06,n,2023
14337,-14.88329,-68.28601,2023-09-06,n,2023
14338,-14.74488,-68.5348,2023-09-06,n,2023
14339,-14.5422,-68.61034,2023-09-06,n,2023
14340,-14.36511,-68.56951,2023-09-06,n,2023
14341,-14.36606,-68.57471,2023-09-06,n,2023
14342,-14.9964,-68.19612,2023-09-07,n,2023
14343,-14.99284,-68.19649,2023-09-07,n,2023
14344,-14.99028,-68.26859,2023-09-07,n,2023
14345,-14.96005,-68.26425,2023-09-07,n,2023
14346,-14.51896,-68.62302,2023-09-07,n,2023
14347,-14.46773,-68.52854,2023-09-07,n,2023
14348,-14.4671,-68.52854,2023-09-07,n,2023
14349,-14.96279,-68.2651,2023-09-08,n,2023
14350,-14.99229,-68.19721,2023-09-08,n,2023
14351,-14.30141,-68.54088,2023-09-08,n,2023
14352,-14.95848,-68.25917,2023-09-08,n,2023
14353,-14.959,-68.26289,2023-09-08,n,2023
14354,-14.95921,-68.31504,2023-09-08,n,2023
14355,-14.95977,-68.31908,2023-09-08,n,2023
14356,-14.89947,-68.25145,2023-09-08,n,2023
14357,-14.90003,-68.25535,2023-09-08,n,2023
14358,-14.88212,-68.43063,2023-09-08,n,2023
14359,-14.85245,-68.4222,2023-09-08,n,2023
14360,-14.85134,-68.422,2023-09-08,n,2023
14361,-14.85181,-68.47511,2023-09-08,n,2023
14362,-14.73032,-68.29459,2023-09-08,n,2023
14363,-14.72685,-68.29511,2023-09-08,l,2023
14364,-14.72907,-68.29465,2023-09-08,n,2023
14365,-14.64926,-68.54021,2023-09-08,n,2023
14366,-14.64576,-68.54071,2023-09-08,n,2023
14367,-14.56593,-68.35464,2023-09-08,l,2023
14368,-14.35851,-68.58825,2023-09-08,n,2023
14369,-14.35503,-68.58892,2023-09-08,n,2023
14370,-14.34367,-68.55879,2023-09-08,n,2023
14371,-14.95173,-68.20683,2023-09-09,n,2023
14372,-14.95098,-68.39491,2023-09-09,n,2023
14373,-14.67018,-68.72077,2023-09-09,n,2023
14374,-14.60318,-68.65064,2023-09-09,n,2023
14375,-14.58731,-68.55946,2023-09-09,n,2023
14376,-14.58788,-68.56412,2023-09-09,n,2023
14377,-14.56154,-68.58059,2023-09-09,n,2023
14378,-14.51673,-68.51208,2023-09-09,n,2023
14379,-14.27757,-68.53544,2023-09-09,n,2023
14380,-14.67395,-68.732,2023-09-10,n,2023
14381,-14.55586,-68.87846,2023-09-10,n,2023
14382,-14.56017,-68.96416,2023-09-11,n,2023
14383,-14.56359,-68.96826,2023-09-11,n,2023
14384,-14.56757,-68.96823,2023-09-11,n,2023
14385,-14.56824,-68.96338,2023-09-11,n,2023
14386,-15.06529,-68.13377,2023-09-11,n,2023
14387,-15.06675,-68.13276,2023-09-11,n,2023
14388,-14.88721,-68.24016,2023-09-11,n,2023
14389,-14.88226,-68.2421,2023-09-11,h,2023
14390,-14.88545,-68.23936,2023-09-11,h,2023
14391,-14.71322,-67.60406,2023-09-11,h,2023
14392,-14.70787,-67.60522,2023-09-11,n,2023
14393,-14.80734,-68.5052,2023-09-11,n,2023
14394,-14.78031,-68.52847,2023-09-11,h,2023
14395,-14.78087,-68.53136,2023-09-11,n,2023
14396,-14.59754,-68.44305,2023-09-11,h,2023
14397,-14.59808,-68.44575,2023-09-11,n,2023
14398,-14.59604,-68.4444,2023-09-11,h,2023
14399,-14.58132,-68.91347,2023-09-11,n,2023
14400,-14.3664,-68.56669,2023-09-11,n,2023
14401,-14.36707,-68.57019,2023-09-11,n,2023
14402,-14.75058,-68.28927,2023-09-12,n,2023
14403,-14.75223,-68.27859,2023-09-12,n,2023
14404,-14.75333,-68.27149,2023-09-12,n,2023
14405,-14.75391,-68.2898,2023-09-12,n,2023
14406,-15.08641,-68.32565,2023-09-12,n,2023
14407,-15.00035,-68.16475,2023-09-12,n,2023
14408,-14.97615,-68.29225,2023-09-12,n,2023
14409,-14.96384,-68.26559,2023-09-12,n,2023
14410,-14.96547,-68.27518,2023-09-12,n,2023
14411,-14.96166,-68.2757,2023-09-12,n,2023
14412,-14.95177,-68.24047,2023-09-12,n,2023
14413,-14.95668,-68.31514,2023-09-12,n,2023
14414,-14.75716,-68.27782,2023-09-12,n,2023
14415,-14.75189,-68.26973,2023-09-12,n,2023
14416,-14.75265,-68.27423,2023-09-12,n,2023
14417,-14.7534,-68.27862,2023-09-12,n,2023
14418,-14.75415,-68.28307,2023-09-12,l,2023
14419,-14.74812,-68.27052,2023-09-12,n,2023
14420,-14.74887,-68.27496,2023-09-12,n,2023
14421,-14.74961,-68.27934,2023-09-12,n,2023
14422,-14.76124,-68.46244,2023-09-12,n,2023
14423,-14.75748,-68.4631,2023-09-12,n,2023
14424,-14.75827,-68.46774,2023-09-12,n,2023
14425,-14.68647,-68.3434,2023-09-12,n,2023
14426,-14.6873,-68.34814,2023-09-12,n,2023
14427,-14.68272,-68.34425,2023-09-12,n,2023
14428,-14.68356,-68.34904,2023-09-12,n,2023
14429,-14.68778,-68.34576,2023-09-12,n,2023
14430,-14.68402,-68.34657,2023-09-12,h,2023
14431,-14.68027,-68.34743,2023-09-12,n,2023
14432,-14.67649,-68.34811,2023-09-12,n,2023
14433,-14.67731,-68.353,2023-09-12,n,2023
14434,-14.68081,-68.71664,2023-09-12,n,2023
14435,-14.64927,-68.55354,2023-09-12,n,2023
14436,-14.67627,-68.71236,2023-09-12,n,2023
14437,-14.63012,-68.57662,2023-09-12,n,2023
14438,-14.59935,-68.44326,2023-09-12,n,2023
14439,-14.59559,-68.44398,2023-09-12,l,2023
14440,-14.5825,-68.91246,2023-09-12,n,2023
14441,-14.54154,-68.69467,2023-09-12,h,2023
14442,-14.54242,-68.69974,2023-09-12,n,2023
14443,-14.53709,-68.69102,2023-09-12,l,2023
14444,-14.53782,-68.69529,2023-09-12,l,2023
14445,-14.53668,-68.69472,2023-09-12,h,2023
14446,-14.53598,-68.69047,2023-09-12,n,2023
14447,-14.5619,-68.96269,2023-09-12,n,2023
14448,-14.39504,-68.56261,2023-09-12,l,2023
14449,-14.39437,-68.56139,2023-09-12,n,2023
14450,-14.37385,-68.5081,2023-09-12,n,2023
14451,-14.3144,-68.54635,2023-09-12,n,2023
14452,-14.29911,-68.50234,2023-09-12,l,2023
14453,-14.29987,-68.50677,2023-09-12,n,2023
14454,-14.30101,-68.55862,2023-09-12,n,2023
14455,-14.53861,-68.69357,2023-09-13,n,2023
14456,-14.54253,-68.69431,2023-09-13,n,2023
14457,-14.54353,-68.68856,2023-09-13,n,2023
14458,-14.69345,-67.56834,2023-09-13,n,2023
14459,-14.54736,-68.6936,2023-09-13,n,2023
14460,-14.54346,-68.69042,2023-09-13,n,2023
14461,-14.54453,-68.69772,2023-09-13,n,2023
14462,-14.54011,-68.69096,2023-09-13,n,2023
14463,-14.54118,-68.69824,2023-09-13,n,2023
14464,-14.96879,-68.33288,2023-09-14,n,2023
14465,-14.58559,-68.91834,2023-09-14,n,2023
14466,-14.58608,-68.92233,2023-09-14,n,2023
14467,-14.57721,-68.92104,2023-09-14,n,2023
14468,-14.54405,-68.6909,2023-09-14,n,2023
14469,-14.5446,-68.69524,2023-09-14,n,2023
14470,-14.53986,-68.69162,2023-09-14,n,2023
14471,-14.54039,-68.69588,2023-09-14,n,2023
14472,-14.53566,-68.69236,2023-09-14,n,2023
14473,-14.56184,-68.95963,2023-09-14,n,2023
14474,-14.53813,-68.69466,2023-09-16,n,2023
14475,-14.54254,-68.69523,2023-09-16,n,2023
14476,-14.54304,-68.69136,2023-09-16,n,2023
14477,-14.29929,-68.55771,2023-09-16,n,2023
14478,-14.24455,-68.57667,2023-09-16,n,2023
14479,-14.24801,-68.57553,2023-09-16,h,2023
14480,-14.2487,-68.58631,2023-09-17,n,2023
14481,-14.29586,-68.5053,2023-09-17,n,2023
14482,-14.29516,-68.50496,2023-09-17,n,2023
14483,-14.53859,-68.69582,2023-09-17,n,2023
14484,-14.53913,-68.69215,2023-09-17,n,2023
14485,-14.54199,-68.69637,2023-09-17,n,2023
14486,-14.54254,-68.69269,2023-09-17,n,2023
14487,-14.57582,-68.47005,2023-09-17,n,2023
14488,-14.58635,-68.91393,2023-09-17,n,2023
14489,-14.58689,-68.91032,2023-09-17,n,2023
14490,-14.58804,-68.92571,2023-09-17,n,2023
14491,-14.58972,-68.91455,2023-09-17,n,2023
14492,-14.59026,-68.91093,2023-09-17,n,2023
14493,-14.5908,-68.90739,2023-09-17,n,2023
14494,-14.77036,-68.56672,2023-09-17,n,2023
14495,-14.96033,-68.27702,2023-09-17,n,2023
14496,-15.10334,-67.66161,2023-09-17,n,2023
14497,-15.10408,-67.66564,2023-09-17,n,2023
14498,-14.95895,-68.27193,2023-09-17,h,2023
14499,-14.95342,-68.24055,2023-09-17,l,2023
14500,-14.95961,-68.27566,2023-09-17,n,2023
14501,-14.82681,-68.28352,2023-09-17,l,2023
14502,-14.8156,-68.26896,2023-09-17,n,2023
14503,-14.81088,-68.26664,2023-09-17,n,2023
14504,-14.81153,-68.27028,2023-09-17,n,2023
14505,-14.80973,-68.42724,2023-09-17,n,2023
14506,-14.80508,-68.53035,2023-09-17,n,2023
14507,-14.77278,-68.56342,2023-09-17,n,2023
14508,-14.58816,-68.44665,2023-09-17,n,2023
14509,-14.68503,-68.7045,2023-09-17,n,2023
14510,-14.6844,-68.7009,2023-09-17,n,2023
14511,-14.68856,-68.70071,2023-09-17,n,2023
14512,-14.58718,-68.4474,2023-09-17,n,2023
14513,-14.56211,-68.4751,2023-09-17,n,2023
14514,-14.54336,-68.44144,2023-09-17,l,2023
14515,-14.58059,-68.79631,2023-09-17,n,2023
14516,-14.57657,-68.79724,2023-09-17,n,2023
14517,-14.57724,-68.80106,2023-09-17,n,2023
14518,-14.46342,-68.53075,2023-09-17,n,2023
14519,-14.45797,-68.524,2023-09-17,n,2023
14520,-14.29503,-68.5036,2023-09-17,n,2023
14521,-13.99167,-68.95158,2023-09-17,n,2023
14522,-14.31141,-68.53008,2023-09-18,n,2023
14523,-14.45789,-68.52437,2023-09-18,n,2023
14524,-14.51874,-68.27187,2023-09-18,n,2023
14525,-14.54108,-68.69315,2023-09-18,n,2023
14526,-14.55311,-68.92995,2023-09-18,n,2023
14527,-14.558,-68.92326,2023-09-18,n,2023
14528,-14.55866,-68.91943,2023-09-18,n,2023
14529,-14.55674,-68.93066,2023-09-18,n,2023
14530,-14.55737,-68.92696,2023-09-18,n,2023
14531,-14.55262,-68.93219,2023-09-18,n,2023
14532,-14.55327,-68.92845,2023-09-18,n,2023
14533,-14.55817,-68.92177,2023-09-18,n,2023
14534,-14.5569,-68.92916,2023-09-18,n,2023
14535,-14.55753,-68.92548,2023-09-18,n,2023
14536,-14.5618,-68.92248,2023-09-18,n,2023
14537,-14.56249,-68.91846,2023-09-18,n,2023
14538,-14.57417,-68.91592,2023-09-18,n,2023
14539,-14.63455,-68.58704,2023-09-18,n,2023
14540,-14.63812,-68.58772,2023-09-18,n,2023
14541,-14.58737,-68.92631,2023-09-18,n,2023
14542,-14.59042,-68.90861,2023-09-18,n,2023
14543,-14.59126,-68.90369,2023-09-18,n,2023
14544,-14.68449,-68.70586,2023-09-18,n,2023
14545,-14.68523,-68.70145,2023-09-18,n,2023
14546,-14.68886,-68.70184,2023-09-18,n,2023
14547,-14.74641,-68.69457,2023-09-18,n,2023
14548,-14.7707,-68.57363,2023-09-18,n,2023
14549,-14.77205,-68.5657,2023-09-18,n,2023
14550,-14.99134,-68.27527,2023-09-18,n,2023
14551,-14.99123,-68.27377,2023-09-18,n,2023
14552,-15.05906,-68.27915,2023-09-18,n,2023
14553,-15.05973,-68.27521,2023-09-18,n,2023
14554,-15.10642,-68.278,2023-09-18,n,2023
14555,-15.16346,-68.23082,2023-09-18,n,2023
14556,-14.84575,-68.51852,2023-09-18,n,2023
14557,-14.82993,-68.56168,2023-09-18,n,2023
14558,-14.66313,-67.51325,2023-09-18,n,2023
14559,-14.81662,-68.54187,2023-09-18,n,2023
14560,-15.10818,-68.35211,2023-09-18,n,2023
14561,-15.10484,-68.35271,2023-09-18,l,2023
14562,-14.98992,-67.70501,2023-09-18,n,2023
14563,-15.06846,-68.25073,2023-09-18,n,2023
14564,-15.06181,-68.27419,2023-09-18,n,2023
14565,-14.97778,-68.22939,2023-09-18,n,2023
14566,-14.97442,-68.22988,2023-09-18,n,2023
14567,-14.92844,-68.39733,2023-09-18,n,2023
14568,-14.65265,-68.55817,2023-09-18,n,2023
14569,-14.6366,-68.58683,2023-09-18,h,2023
14570,-14.63604,-68.58322,2023-09-18,n,2023
14571,-14.63715,-68.59039,2023-09-18,n,2023
14572,-14.6327,-68.58372,2023-09-18,n,2023
14573,-14.63327,-68.58736,2023-09-18,n,2023
14574,-14.51708,-68.27038,2023-09-18,n,2023
14575,-14.51764,-68.27399,2023-09-18,n,2023
14576,-14.51429,-68.27451,2023-09-18,n,2023
14577,-14.57942,-68.80556,2023-09-18,n,2023
14578,-14.54118,-68.69044,2023-09-18,l,2023
14579,-14.53839,-68.6945,2023-09-18,l,2023
14580,-14.46834,-68.52197,2023-09-18,n,2023
14581,-14.29461,-68.49554,2023-09-18,n,2023
14582,-14.29682,-68.50983,2023-09-18,n,2023
14583,-14.29738,-68.5134,2023-09-18,n,2023
14584,-14.29349,-68.51041,2023-09-18,n,2023
14585,-14.29404,-68.51399,2023-09-18,n,2023
14586,-14.51463,-68.27164,2023-09-19,n,2023
14587,-15.12992,-68.2116,2023-09-19,n,2023
14588,-15.07685,-68.12947,2023-09-19,n,2023
14589,-14.57788,-68.47471,2023-09-19,n,2023
14590,-14.57847,-68.47916,2023-09-19,n,2023
14591,-14.39201,-68.54723,2023-09-19,l,2023
14592,-14.3805,-68.49078,2023-09-19,n,2023
14593,-14.37673,-68.49127,2023-09-19,n,2023
14594,-14.37737,-68.49605,2023-09-19,n,2023
14595,-14.37292,-68.49152,2023-09-19,n,2023
14596,-14.29838,-68.50571,2023-09-19,l,2023
14597,-14.57419,-68.47951,2023-09-21,n,2023
14598,-14.31903,-68.51503,2023-09-21,h,2023
14599,-14.31967,-68.52188,2023-09-21,n,2023
14600,-14.32181,-68.54472,2023-09-21,n,2023
14601,-14.32028,-68.51302,2023-09-21,n,2023
14602,-14.32099,-68.5201,2023-09-21,n,2023
14603,-14.31633,-68.54362,2023-09-21,n,2023
14604,-14.57943,-68.47165,2023-09-21,n,2023
14605,-14.418,-68.55319,2023-09-21,n,2023
14606,-14.32156,-68.51498,2023-09-21,n,2023
14607,-14.3226,-68.51998,2023-09-21,n,2023
14608,-14.07229,-68.88119,2023-09-22,n,2023
14609,-14.31732,-68.51955,2023-09-22,n,2023
14610,-14.53894,-68.50068,2023-09-22,n,2023
14611,-14.58922,-68.90456,2023-09-22,n,2023
14612,-15.19037,-67.67854,2023-09-22,n,2023
14613,-15.19169,-67.68549,2023-09-22,n,2023
14614,-15.16061,-67.67833,2023-09-22,n,2023
14615,-14.59411,-68.53634,2023-09-22,n,2023
14616,-14.58856,-68.5318,2023-09-22,n,2023
14617,-14.58941,-68.53638,2023-09-22,n,2023
14618,-14.31198,-68.54137,2023-09-22,n,2023
14619,-14.31236,-68.53976,2023-09-22,n,2023
14620,-14.29933,-68.54637,2023-09-22,n,2023
14621,-14.40656,-68.55942,2023-09-23,n,2023
14622,-14.40716,-68.55578,2023-09-23,n,2023
14623,-14.3226,-68.57966,2023-09-23,n,2023
14624,-14.36103,-68.54007,2023-09-23,n,2023
14625,-14.67436,-67.85891,2023-09-23,n,2023
14626,-14.67495,-67.85526,2023-09-23,n,2023
14627,-14.6783,-67.8558,2023-09-23,n,2023
14628,-14.67771,-67.85944,2023-09-23,n,2023
14629,-14.68106,-67.85994,2023-09-23,n,2023
14630,-14.68164,-67.8563,2023-09-23,n,2023
14631,-14.68383,-67.86404,2023-09-23,n,2023
14632,-14.68441,-67.8604,2023-09-23,n,2023
14633,-14.68499,-67.85681,2023-09-23,n,2023
14634,-14.68556,-67.85323,2023-09-23,n,2023
14635,-14.68718,-67.86451,2023-09-23,n,2023
14636,-14.68833,-67.85735,2023-09-23,n,2023
14637,-14.68889,-67.8538,2023-09-23,n,2023
14638,-14.68776,-67.86091,2023-09-23,n,2023
14639,-14.69165,-67.85798,2023-09-23,n,2023
14640,-14.69221,-67.85444,2023-09-23,n,2023
14641,-14.55427,-68.91679,2023-09-23,n,2023
14642,-14.55368,-68.92039,2023-09-23,n,2023
14643,-15.09292,-68.24852,2023-09-23,n,2023
14644,-15.09351,-68.24483,2023-09-23,n,2023
14645,-15.19067,-67.68015,2023-09-23,n,2023
14646,-15.19113,-67.68052,2023-09-23,n,2023
14647,-15.03209,-68.14638,2023-09-23,n,2023
14648,-15.01849,-68.45953,2023-09-23,n,2023
14649,-14.97583,-68.24337,2023-09-23,n,2023
14650,-14.74058,-67.61964,2023-09-23,n,2023
14651,-14.84477,-68.25988,2023-09-23,n,2023
14652,-14.73697,-67.62028,2023-09-23,n,2023
14653,-14.68861,-67.86314,2023-09-23,n,2023
14654,-14.68666,-67.86293,2023-09-23,l,2023
14655,-14.67729,-67.85042,2023-09-23,n,2023
14656,-14.67804,-67.85505,2023-09-23,n,2023
14657,-14.67369,-67.85088,2023-09-23,n,2023
14658,-14.67443,-67.85545,2023-09-23,n,2023
14659,-14.74618,-68.54234,2023-09-23,n,2023
14660,-14.74874,-68.55816,2023-09-23,n,2023
14661,-14.58685,-68.80891,2023-09-23,l,2023
14662,-14.58337,-68.80923,2023-09-23,n,2023
14663,-14.57641,-68.80994,2023-09-23,n,2023
14664,-14.57704,-68.81382,2023-09-23,n,2023
14665,-14.57295,-68.81038,2023-09-23,n,2023
14666,-14.49291,-68.46947,2023-09-23,n,2023
14667,-14.55348,-68.90872,2023-09-23,n,2023
14668,-14.5541,-68.9126,2023-09-23,n,2023
14669,-14.55133,-68.91724,2023-09-23,n,2023
14670,-14.43831,-68.51207,2023-09-23,n,2023
14671,-14.38214,-68.541,2023-09-23,n,2023
14672,-14.36303,-68.54019,2023-09-23,n,2023
14673,-14.30654,-68.5451,2023-09-23,n,2023
14674,-14.68708,-67.84702,2023-09-24,n,2023
14675,-14.68763,-67.84397,2023-09-24,n,2023
14676,-14.69528,-67.84854,2023-09-24,n,2023
14677,-14.69462,-67.8522,2023-09-24,n,2023
14678,-14.43899,-68.51537,2023-09-24,n,2023
14679,-14.65878,-67.86275,2023-09-24,n,2023
14680,-14.65946,-67.85901,2023-09-24,n,2023
14681,-14.6601,-67.85551,2023-09-24,n,2023
14682,-14.66368,-67.85917,2023-09-24,n,2023
14683,-14.66434,-67.85551,2023-09-24,n,2023
14684,-14.67448,-67.8464,2023-09-24,n,2023
14685,-14.67393,-67.84943,2023-09-24,n,2023
14686,-14.67869,-67.84659,2023-09-24,n,2023
14687,-14.67813,-67.84964,2023-09-24,n,2023
14688,-15.14018,-68.22511,2023-09-24,l,2023
14689,-15.11207,-68.21326,2023-09-24,n,2023
14690,-14.66013,-67.85519,2023-09-24,n,2023
14691,-14.65673,-67.85592,2023-09-24,n,2023
14692,-14.65725,-67.85953,2023-09-24,n,2023
14693,-14.85488,-68.49996,2023-09-24,n,2023
14694,-14.81232,-68.40333,2023-09-24,n,2023
14695,-14.81288,-68.40724,2023-09-24,l,2023
14696,-14.69662,-67.84149,2023-09-24,n,2023
14697,-14.69715,-67.84515,2023-09-24,n,2023
14698,-14.68979,-67.8426,2023-09-24,n,2023
14699,-14.68952,-67.86504,2023-09-24,n,2023
14700,-14.67615,-67.84499,2023-09-24,n,2023
14701,-14.67665,-67.84848,2023-09-24,n,2023
14702,-14.67142,-67.8608,2023-09-24,n,2023
14703,-14.60332,-68.57418,2023-09-24,n,2023
14704,-14.60388,-68.57814,2023-09-24,n,2023
14705,-14.59984,-68.57486,2023-09-24,n,2023
14706,-14.6004,-68.57883,2023-09-24,n,2023
14707,-14.59693,-68.57956,2023-09-24,n,2023
14708,-14.53978,-68.40207,2023-09-24,n,2023
14709,-14.54034,-68.40604,2023-09-24,n,2023
14710,-14.59756,-68.815,2023-09-24,n,2023
14711,-14.53686,-68.40652,2023-09-24,h,2023
14712,-14.5363,-68.40252,2023-09-24,n,2023
14713,-14.59403,-68.81561,2023-09-24,n,2023
14714,-14.59052,-68.81644,2023-09-24,n,2023
14715,-14.58243,-68.81033,2023-09-24,n,2023
14716,-14.58298,-68.81425,2023-09-24,n,2023
14717,-14.58355,-68.81837,2023-09-24,n,2023
14718,-14.57894,-68.81123,2023-09-24,n,2023
14719,-14.5778,-68.8552,2023-09-24,n,2023
14720,-14.40693,-68.55703,2023-09-24,n,2023
14721,-14.36911,-68.54236,2023-09-24,n,2023
14722,-14.36559,-68.54271,2023-09-24,n,2023
14723,-14.29778,-68.49963,2023-09-24,n,2023
14724,-14.29429,-68.50011,2023-09-24,n,2023
14725,-14.29941,-68.56062,2023-09-24,l,2023
14726,-14.65384,-67.86022,2023-09-24,n,2023
14727,-14.67544,-68.55221,2023-09-24,n,2023
14728,-14.65255,-68.56766,2023-09-24,n,2023
14729,-14.64957,-68.57191,2023-09-24,h,2023
14730,-14.64797,-68.56047,2023-09-24,n,2023
14731,-14.6485,-68.5643,2023-09-24,n,2023
14732,-14.64903,-68.5681,2023-09-24,n,2023
14733,-14.6346,-68.49019,2023-09-24,n,2023
14734,-14.64446,-68.561,2023-09-24,n,2023
14735,-14.64499,-68.56478,2023-09-24,n,2023
14736,-14.64552,-68.56856,2023-09-24,n,2023
14737,-14.60313,-68.44716,2023-09-24,n,2023
14738,-14.61924,-68.56027,2023-09-24,n,2023
14739,-14.39965,-68.75015,2023-09-25,n,2023
14740,-14.40542,-68.75219,2023-09-25,n,2023
14741,-14.68612,-67.83974,2023-09-25,h,2023
14742,-14.68666,-67.83707,2023-09-25,n,2023
14743,-14.69082,-67.84515,2023-09-25,n,2023
14744,-14.69194,-67.83963,2023-09-25,n,2023
14745,-14.68506,-67.87377,2023-09-25,n,2023
14746,-14.68594,-67.86939,2023-09-25,n,2023
14747,-14.69137,-67.84244,2023-09-25,n,2023
14748,-14.69642,-67.84618,2023-09-25,n,2023
14749,-14.69062,-67.87507,2023-09-25,n,2023
14750,-14.69705,-67.84306,2023-09-25,n,2023
14751,-14.69765,-67.84007,2023-09-25,n,2023
14752,-14.70305,-67.84215,2023-09-25,n,2023
14753,-14.70378,-67.83852,2023-09-25,n,2023
14754,-14.57604,-68.8196,2023-09-25,n,2023
14755,-14.58251,-68.81824,2023-09-25,n,2023
14756,-14.65069,-68.57607,2023-09-25,n,2023
14757,-14.65142,-68.57251,2023-09-25,n,2023
14758,-14.79593,-68.56979,2023-09-25,n,2023
14759,-14.80098,-68.57478,2023-09-25,n,2023
14760,-14.80024,-68.57309,2023-09-25,n,2023
14761,-14.40549,-68.7487,2023-09-25,n,2023
14762,-14.40772,-68.74638,2023-09-25,n,2023
14763,-15.0632,-68.14107,2023-09-25,n,2023
14764,-15.05526,-68.15166,2023-09-25,n,2023
14765,-14.90295,-68.51215,2023-09-25,n,2023
14766,-14.88231,-68.40208,2023-09-25,n,2023
14767,-14.85378,-68.47641,2023-09-25,n,2023
14768,-14.80416,-68.45602,2023-09-25,n,2023
14769,-14.79849,-68.56841,2023-09-25,n,2023
14770,-14.80506,-68.45366,2023-09-25,n,2023
14771,-14.75722,-68.48608,2023-09-25,n,2023
14772,-14.62048,-68.43169,2023-09-25,n,2023
14773,-14.61595,-68.433,2023-09-25,n,2023
14774,-14.61653,-68.4378,2023-09-25,n,2023
14775,-14.60433,-68.57154,2023-09-25,n,2023
14776,-14.60644,-68.57429,2023-09-25,n,2023
14777,-14.60178,-68.57488,2023-09-25,n,2023
14778,-14.54951,-68.38362,2023-09-25,n,2023
14779,-14.55016,-68.38885,2023-09-25,n,2023
14780,-14.54418,-68.37838,2023-09-25,n,2023
14781,-14.54485,-68.38374,2023-09-25,n,2023
14782,-14.54552,-68.38911,2023-09-25,n,2023
14783,-14.53954,-68.37866,2023-09-25,h,2023
14784,-14.54019,-68.38384,2023-09-25,n,2023
14785,-14.53493,-68.37917,2023-09-25,n,2023
14786,-14.53554,-68.38403,2023-09-25,n,2023
14787,-14.53618,-68.3892,2023-09-25,n,2023
14788,-14.53751,-68.39993,2023-09-25,n,2023
14789,-14.5309,-68.38432,2023-09-25,n,2023
14790,-14.53151,-68.38921,2023-09-25,n,2023
14791,-14.58379,-68.81451,2023-09-25,l,2023
14792,-14.52629,-68.3848,2023-09-25,n,2023
14793,-14.52686,-68.38942,2023-09-25,n,2023
14794,-14.5275,-68.3946,2023-09-25,n,2023
14795,-14.52884,-68.40543,2023-09-25,n,2023
14796,-14.57321,-68.92675,2023-09-25,n,2023
14797,-14.52371,-68.55578,2023-09-25,n,2023
14798,-14.47015,-68.52551,2023-09-25,n,2023
14799,-14.31997,-68.48177,2023-09-25,n,2023
14800,-14.31533,-68.48221,2023-09-25,n,2023
14801,-14.52309,-68.37875,2023-09-26,n,2023
14802,-14.52854,-68.38036,2023-09-26,n,2023
14803,-14.53453,-68.3772,2023-09-26,n,2023
14804,-14.67265,-68.53232,2023-09-26,n,2023
14805,-14.67314,-68.52818,2023-09-26,n,2023
14806,-14.67862,-68.52912,2023-09-26,n,2023
14807,-15.227,-67.73248,2023-09-26,n,2023
14808,-15.14061,-68.32998,2023-09-26,n,2023
14809,-15.11021,-68.28202,2023-09-26,n,2023
14810,-15.03761,-68.2789,2023-09-26,n,2023
14811,-14.66129,-68.69512,2023-09-26,h,2023
14812,-14.66051,-68.68759,2023-09-26,n,2023
14813,-14.64087,-68.56097,2023-09-26,n,2023
14814,-14.65439,-68.69114,2023-09-26,n,2023
14815,-14.65743,-68.72049,2023-09-26,n,2023
14816,-14.60426,-68.5807,2023-09-26,n,2023
14817,-14.57459,-68.3525,2023-09-26,n,2023
14818,-14.5752,-68.35851,2023-09-26,n,2023
14819,-14.57079,-68.35564,2023-09-26,n,2023
14820,-14.53363,-68.36462,2023-09-26,n,2023
14821,-14.54775,-68.49748,2023-09-26,n,2023
14822,-14.52736,-68.36548,2023-09-26,h,2023
14823,-14.52786,-68.37012,2023-09-26,h,2023
14824,-14.52203,-68.37511,2023-09-26,n,2023
14825,-14.50973,-68.50162,2023-09-26,n,2023
14826,-14.8222,-68.53088,2023-09-26,n,2023
14827,-14.34428,-68.53518,2023-09-26,n,2023
14828,-14.34788,-68.53715,2023-09-26,n,2023
14829,-14.27034,-68.53103,2023-09-26,n,2023
14830,-15.03315,-68.31461,2023-09-26,n,2023
14831,-15.03234,-68.31206,2023-09-26,n,2023
14832,-14.87798,-68.25835,2023-09-26,n,2023
14833,-14.74787,-68.50742,2023-09-26,n,2023
14834,-14.74128,-68.50954,2023-09-26,h,2023
14835,-14.69291,-68.35568,2023-09-26,h,2023
14836,-14.69197,-68.35145,2023-09-26,n,2023
14837,-14.74566,-68.50481,2023-09-26,n,2023
14838,-14.7468,-68.51015,2023-09-26,n,2023
14839,-14.69184,-68.35361,2023-09-26,n,2023
14840,-14.69271,-68.35758,2023-09-26,n,2023
14841,-14.67152,-68.52086,2023-09-26,n,2023
14842,-14.65788,-68.71418,2023-09-26,n,2023
14843,-14.65874,-68.71808,2023-09-26,n,2023
14844,-14.67046,-68.5218,2023-09-26,n,2023
14845,-14.65562,-68.71519,2023-09-26,n,2023
14846,-14.65644,-68.71899,2023-09-26,n,2023
14847,-14.57394,-68.53246,2023-09-26,n,2023
14848,-14.52837,-68.35664,2023-09-26,n,2023
14849,-14.52311,-68.3652,2023-09-26,n,2023
14850,-14.52678,-68.3819,2023-09-26,n,2023
14851,-14.52818,-68.35909,2023-09-26,n,2023
14852,-14.3973,-68.54675,2023-09-26,h,2023
14853,-14.38939,-68.54288,2023-09-26,n,2023
14854,-14.52104,-68.36188,2023-09-27,n,2023
14855,-14.52054,-68.36562,2023-09-27,n,2023
14856,-14.52154,-68.35822,2023-09-27,n,2023
14857,-14.6313,-68.33437,2023-09-28,n,2023
14858,-14.62611,-68.34967,2023-09-28,n,2023
14859,-14.64463,-68.7085,2023-09-28,n,2023
14860,-14.56638,-68.3417,2023-09-28,n,2023
14861,-14.67819,-67.57559,2023-09-29,n,2023
14862,-14.68188,-67.57626,2023-09-29,n,2023
14863,-14.67513,-67.84552,2023-09-29,n,2023
14864,-15.1261,-68.33826,2023-09-29,n,2023
14865,-14.6846,-67.57605,2023-09-29,n,2023
14866,-14.67633,-67.56641,2023-09-29,n,2023
14867,-14.67245,-67.56336,2023-09-29,n,2023
14868,-14.62713,-68.4063,2023-09-29,n,2023
14869,-14.66105,-68.70492,2023-09-29,n,2023
14870,-14.66161,-68.70866,2023-09-29,n,2023
14871,-14.65447,-68.68353,2023-09-29,n,2023
14872,-14.54724,-68.69011,2023-09-29,n,2023
14873,-14.50373,-68.51156,2023-09-29,n,2023
14874,-14.49985,-68.50845,2023-09-29,l,2023
14875,-14.46237,-68.53285,2023-09-29,n,2023
14876,-14.31806,-68.4854,2023-09-29,n,2023
14877,-14.31611,-68.54131,2023-09-29,n,2023
14878,-14.31277,-68.54185,2023-09-29,n,2023
14879,-14.30273,-68.54346,2023-09-29,n,2023
14880,-14.24091,-68.54198,2023-09-29,n,2023
14881,-13.99358,-68.92191,2023-09-29,n,2023
14882,-14.65641,-68.67976,2023-09-30,n,2023
14883,-14.65308,-68.68382,2023-09-30,n,2023
14884,-14.47574,-68.5677,2023-09-30,n,2023
14885,-15.14764,-68.24126,2023-10-01,n,2023
14886,-15.1513,-68.24096,2023-10-01,n,2023
14887,-14.68767,-67.59045,2023-10-01,n,2023
14888,-14.57063,-68.71818,2023-10-03,n,2023
14889,-15.13934,-68.23773,2023-10-03,n,2023
14890,-15.14161,-68.24652,2023-10-03,n,2023
14891,-15.14279,-68.23843,2023-10-03,n,2023
14892,-15.14337,-68.23444,2023-10-03,n,2023
14893,-15.14566,-68.24304,2023-10-03,n,2023
14894,-15.14624,-68.23907,2023-10-03,n,2023
14895,-15.26375,-68.09007,2023-10-03,n,2023
14896,-15.15211,-68.24071,2023-10-03,n,2023
14897,-15.14728,-68.23769,2023-10-03,n,2023
14898,-15.14235,-68.23415,2023-10-03,n,2023
14899,-15.14135,-68.23475,2023-10-03,n,2023
14900,-15.00712,-68.16135,2023-10-03,n,2023
14901,-14.96058,-68.28615,2023-10-03,n,2023
14902,-14.92111,-68.40774,2023-10-03,n,2023
14903,-14.77247,-68.30093,2023-10-03,n,2023
14904,-14.76422,-68.30274,2023-10-03,n,2023
14905,-14.76484,-68.3062,2023-10-03,n,2023
14906,-14.71114,-68.34681,2023-10-03,n,2023
14907,-14.70589,-68.34127,2023-10-03,n,2023
14908,-14.70648,-68.34462,2023-10-03,n,2023
14909,-14.70238,-68.34564,2023-10-03,n,2023
14910,-14.70295,-68.34888,2023-10-03,n,2023
14911,-14.70351,-68.35204,2023-10-03,n,2023
14912,-14.70408,-68.35529,2023-10-03,n,2023
14913,-14.61905,-68.56125,2023-10-03,n,2023
14914,-14.63877,-68.6978,2023-10-03,n,2023
14915,-14.57472,-68.47832,2023-10-03,n,2023
14916,-14.57055,-68.47879,2023-10-03,n,2023
14917,-14.48107,-68.51151,2023-10-03,n,2023
14918,-14.48166,-68.51485,2023-10-03,n,2023
14919,-14.47755,-68.51562,2023-10-03,n,2023
14920,-14.42139,-68.54739,2023-10-03,n,2023
14921,-14.40487,-68.55006,2023-10-03,n,2023
14922,-14.3363,-68.54689,2023-10-03,n,2023
14923,-14.3315,-68.54384,2023-10-03,n,2023
14924,-14.3308,-68.56358,2023-10-03,n,2023
14925,-14.32261,-68.54178,2023-10-03,n,2023
14926,-14.32322,-68.54517,2023-10-03,n,2023
14927,-14.32993,-68.54462,2023-10-03,n,2023
14928,-14.32107,-68.54256,2023-10-03,n,2023
14929,-14.42068,-68.54774,2023-10-04,n,2023
14930,-14.58151,-67.981,2023-10-04,n,2023
14931,-14.585,-67.98167,2023-10-04,n,2023
14932,-15.14017,-68.24484,2023-10-04,n,2023
14933,-15.14851,-68.23823,2023-10-04,n,2023
14934,-15.04583,-67.71471,2023-10-04,n,2023
14935,-15.04245,-67.71532,2023-10-04,n,2023
14936,-15.04361,-67.72271,2023-10-04,n,2023
14937,-15.1148,-68.33467,2023-10-04,n,2023
14938,-15.09517,-68.2301,2023-10-04,n,2023
14939,-15.08571,-68.23545,2023-10-04,n,2023
14940,-15.10369,-68.35138,2023-10-04,n,2023
14941,-14.97373,-68.43268,2023-10-04,n,2023
14942,-14.96253,-68.40469,2023-10-04,n,2023
14943,-14.9592,-68.40525,2023-10-04,n,2023
14944,-14.8506,-68.52691,2023-10-04,n,2023
14945,-14.84671,-68.52388,2023-10-04,n,2023
14946,-14.84726,-68.52747,2023-10-04,n,2023
14947,-14.69205,-68.28777,2023-10-04,n,2023
14948,-14.58876,-67.97864,2023-10-04,n,2023
14949,-14.58539,-67.97921,2023-10-04,n,2023
14950,-14.65957,-68.7136,2023-10-04,l,2023
14951,-14.65075,-68.67838,2023-10-04,n,2023
14952,-14.65131,-68.68201,2023-10-04,n,2023
14953,-14.64467,-68.66091,2023-10-04,n,2023
14954,-14.64521,-68.66444,2023-10-04,n,2023
14955,-14.64742,-68.67887,2023-10-04,n,2023
14956,-14.64797,-68.68247,2023-10-04,n,2023
14957,-14.64902,-68.71153,2023-10-04,n,2023
14958,-14.63682,-68.69872,2023-10-04,n,2023
14959,-14.61041,-68.5714,2023-10-04,n,2023
14960,-14.60708,-68.57198,2023-10-04,n,2023
14961,-14.58201,-68.4538,2023-10-04,n,2023
14962,-14.57868,-68.45441,2023-10-04,n,2023
14963,-14.59598,-68.58852,2023-10-04,n,2023
14964,-14.59263,-68.58898,2023-10-04,n,2023
14965,-14.59375,-68.59622,2023-10-04,n,2023
14966,-14.58984,-68.59305,2023-10-04,h,2023
14967,-14.5904,-68.59668,2023-10-04,h,2023
14968,-14.5865,-68.5935,2023-10-04,h,2023
14969,-14.58706,-68.59714,2023-10-04,n,2023
14970,-14.56639,-68.48561,2023-10-04,n,2023
14971,-14.58428,-68.60124,2023-10-04,n,2023
14972,-14.5752,-68.71971,2023-10-04,n,2023
14973,-14.5713,-68.71662,2023-10-04,n,2023
14974,-14.57186,-68.72021,2023-10-04,n,2023
14975,-14.54831,-68.69163,2023-10-04,l,2023
14976,-14.54389,-68.6851,2023-10-04,n,2023
14977,-14.54444,-68.68862,2023-10-04,n,2023
14978,-14.5322,-68.69787,2023-10-04,n,2023
14979,-14.48011,-68.51495,2023-10-04,l,2023
14980,-14.47622,-68.51196,2023-10-04,n,2023
14981,-14.47677,-68.5155,2023-10-04,n,2023
14982,-14.45729,-68.54442,2023-10-04,n,2023
14983,-14.38548,-68.53741,2023-10-04,n,2023
14984,-14.35319,-68.52787,2023-10-04,n,2023
14985,-14.34985,-68.52841,2023-10-04,n,2023
14986,-14.3504,-68.532,2023-10-04,n,2023
14987,-14.32144,-68.54399,2023-10-04,n,2023
14988,-14.3181,-68.54452,2023-10-04,n,2023
14989,-14.27302,-68.53036,2023-10-04,n,2023
14990,-14.24017,-68.58365,2023-10-04,n,2023
14991,-14.24073,-68.58726,2023-10-04,n,2023
14992,-14.64896,-68.67481,2023-10-05,n,2023
14993,-14.65085,-68.67258,2023-10-05,n,2023
14994,-14.64709,-68.67361,2023-10-05,n,2023
14995,-14.64767,-68.67786,2023-10-05,n,2023
14996,-14.58507,-68.7063,2023-10-05,n,2023
14997,-14.5813,-68.70736,2023-10-05,n,2023
14998,-14.58197,-68.71242,2023-10-05,n,2023
14999,-14.57065,-68.71566,2023-10-05,n,2023
15000,-14.54175,-68.71985,2023-10-05,n,2023
15001,-14.53724,-68.71545,2023-10-05,n,2023
15002,-14.53787,-68.60509,2023-10-06,n,2023
15003,-14.97032,-68.27045,2023-10-06,n,2023
15004,-14.89753,-68.51593,2023-10-06,h,2023
15005,-14.89791,-68.51935,2023-10-06,n,2023
15006,-14.72583,-67.61353,2023-10-06,n,2023
15007,-14.5631,-68.47686,2023-10-06,n,2023
15008,-14.56354,-68.48073,2023-10-06,n,2023
15009,-14.55873,-68.4846,2023-10-06,n,2023
15010,-14.6427,-68.57272,2023-10-06,h,2023
15011,-14.64301,-68.57532,2023-10-06,n,2023
15012,-14.61489,-68.56079,2023-10-06,n,2023
15013,-14.57517,-68.89665,2023-10-06,n,2023
15014,-14.51294,-68.50328,2023-10-06,n,2023
15015,-14.47961,-68.48763,2023-10-06,n,2023
15016,-14.47431,-68.48717,2023-10-06,h,2023
15017,-14.47484,-68.49178,2023-10-06,n,2023
15018,-14.47536,-68.49625,2023-10-06,n,2023
15019,-14.46709,-68.51573,2023-10-06,n,2023
15020,-14.46756,-68.51986,2023-10-06,n,2023
15021,-14.39644,-68.55107,2023-10-06,n,2023
15022,-14.30747,-68.51398,2023-10-06,n,2023
15023,-14.39661,-68.55054,2023-10-07,n,2023
15024,-14.58762,-68.69029,2023-10-07,n,2023
15025,-14.59586,-68.82185,2023-10-07,n,2023
15026,-14.60059,-68.82334,2023-10-07,n,2023
15027,-14.59929,-68.82396,2023-10-07,n,2023
15028,-14.65207,-68.71288,2023-10-07,n,2023
15029,-14.69183,-68.71224,2023-10-07,n,2023
15030,-14.55982,-68.66865,2023-10-07,n,2023
15031,-14.93365,-68.49942,2023-10-07,n,2023
15032,-14.93007,-68.44775,2023-10-07,n,2023
15033,-14.93102,-68.45239,2023-10-07,n,2023
15034,-14.93409,-68.4984,2023-10-07,n,2023
15035,-14.92806,-68.50014,2023-10-07,n,2023
15036,-14.52911,-68.499,2023-10-07,n,2023
15037,-14.24362,-68.60081,2023-10-08,n,2023
15038,-14.24546,-68.58813,2023-10-08,n,2023
15039,-14.2461,-68.58376,2023-10-08,n,2023
15040,-14.25964,-68.54158,2023-10-08,n,2023
15041,-14.26326,-68.54217,2023-10-08,n,2023
15042,-14.55752,-68.37684,2023-10-08,n,2023
15043,-14.5181,-68.73164,2023-10-08,n,2023
15044,-14.51871,-68.72735,2023-10-08,n,2023
15045,-14.552,-68.67556,2023-10-08,n,2023
15046,-14.55147,-68.67926,2023-10-08,n,2023
15047,-14.58796,-68.71404,2023-10-08,n,2023
15048,-14.61244,-68.56687,2023-10-08,n,2023
15049,-14.61183,-68.57124,2023-10-08,n,2023
15050,-14.5933,-68.80605,2023-10-08,n,2023
15051,-14.59785,-68.82568,2023-10-08,n,2023
15052,-14.59841,-68.82176,2023-10-08,n,2023
15053,-14.65954,-68.70396,2023-10-08,n,2023
15054,-14.69012,-68.69906,2023-10-08,n,2023
15055,-14.74251,-68.32387,2023-10-08,n,2023
15056,-14.74622,-68.32426,2023-10-08,n,2023
15057,-14.74678,-68.32029,2023-10-08,n,2023
15058,-15.03309,-68.29369,2023-10-08,n,2023
15059,-15.02875,-68.29263,2023-10-08,n,2023
15060,-14.44094,-68.47778,2023-10-08,n,2023
15061,-14.33476,-68.55182,2023-10-09,n,2023
15062,-15.13985,-68.32133,2023-10-10,n,2023
15063,-15.09016,-68.32377,2023-10-10,n,2023
15064,-15.02234,-68.17591,2023-10-10,n,2023
15065,-15.02268,-68.25327,2023-10-10,n,2023
15066,-15.0309,-68.33645,2023-10-10,n,2023
15067,-14.95259,-68.26965,2023-10-10,l,2023
15068,-14.95316,-68.27358,2023-10-10,n,2023
15069,-14.94969,-68.27422,2023-10-10,n,2023
15070,-14.91588,-68.41328,2023-10-10,n,2023
15071,-14.81993,-68.29336,2023-10-10,n,2023
15072,-14.67965,-67.85233,2023-10-10,l,2023
15073,-14.68016,-67.85221,2023-10-10,n,2023
15074,-14.73596,-68.36214,2023-10-10,n,2023
15075,-14.73653,-68.3661,2023-10-10,n,2023
15076,-14.73246,-68.36263,2023-10-10,n,2023
15077,-14.73303,-68.36662,2023-10-10,n,2023
15078,-14.73225,-68.41121,2023-10-10,l,2023
15079,-14.66959,-68.44845,2023-10-10,n,2023
15080,-14.66554,-68.4451,2023-10-10,n,2023
15081,-14.66609,-68.44904,2023-10-10,n,2023
15082,-14.66205,-68.44567,2023-10-10,n,2023
15083,-14.6626,-68.44961,2023-10-10,n,2023
15084,-14.65855,-68.44622,2023-10-10,n,2023
15085,-14.6591,-68.45015,2023-10-10,n,2023
15086,-14.65964,-68.45407,2023-10-10,n,2023
15087,-14.65505,-68.44676,2023-10-10,n,2023
15088,-14.65816,-68.4454,2023-10-10,n,2023
15089,-14.65872,-68.44933,2023-10-10,n,2023
15090,-14.65928,-68.45324,2023-10-10,n,2023
15091,-14.65466,-68.44595,2023-10-10,n,2023
15092,-14.65522,-68.44987,2023-10-10,n,2023
15093,-14.65117,-68.4465,2023-10-10,n,2023
15094,-14.65173,-68.4504,2023-10-10,n,2023
15095,-14.64767,-68.44704,2023-10-10,n,2023
15096,-14.64823,-68.45094,2023-10-10,n,2023
15097,-14.67381,-68.73202,2023-10-10,l,2023
15098,-14.67029,-68.73268,2023-10-10,l,2023
15099,-14.62375,-68.4548,2023-10-10,l,2023
15100,-14.62027,-68.45551,2023-10-10,l,2023
15101,-14.64399,-68.67432,2023-10-10,l,2023
15102,-14.60125,-68.39684,2023-10-10,n,2023
15103,-14.59777,-68.39745,2023-10-10,n,2023
15104,-14.59454,-68.47589,2023-10-10,n,2023
15105,-14.60944,-68.58201,2023-10-10,n,2023
15106,-14.59105,-68.47649,2023-10-10,n,2023
15107,-14.56661,-68.48092,2023-10-10,n,2023
15108,-14.58963,-68.69859,2023-10-10,l,2023
15109,-14.59127,-68.71048,2023-10-10,n,2023
15110,-14.58311,-68.7037,2023-10-10,l,2023
15111,-14.5834,-68.70307,2023-10-10,l,2023
15112,-14.59701,-68.82441,2023-10-10,l,2023
15113,-14.54053,-68.45341,2023-10-10,h,2023
15114,-14.53989,-68.449,2023-10-10,n,2023
15115,-14.54118,-68.45787,2023-10-10,n,2023
15116,-14.58053,-68.73355,2023-10-10,l,2023
15117,-14.53766,-68.45828,2023-10-10,h,2023
15118,-14.53701,-68.45379,2023-10-10,n,2023
15119,-14.53831,-68.46275,2023-10-10,n,2023
15120,-14.57002,-68.71043,2023-10-10,l,2023
15121,-14.50281,-68.56593,2023-10-10,l,2023
15122,-14.50339,-68.57005,2023-10-10,l,2023
15123,-14.49169,-68.51239,2023-10-10,n,2023
15124,-14.48115,-68.51378,2023-10-10,n,2023
15125,-14.47764,-68.51427,2023-10-10,n,2023
15126,-14.46817,-68.47192,2023-10-10,l,2023
15127,-14.46712,-68.51589,2023-10-10,l,2023
15128,-14.45324,-68.46742,2023-10-10,l,2023
15129,-14.45376,-68.47113,2023-10-10,n,2023
15130,-14.44974,-68.46793,2023-10-10,l,2023
15131,-14.45026,-68.47166,2023-10-10,l,2023
15132,-14.46049,-68.54549,2023-10-10,n,2023
15133,-14.45699,-68.54611,2023-10-10,n,2023
15134,-14.45698,-68.54584,2023-10-10,n,2023
15135,-14.40843,-68.55742,2023-10-10,n,2023
15136,-14.40384,-68.55025,2023-10-10,l,2023
15137,-14.40495,-68.55811,2023-10-10,n,2023
15138,-14.39625,-68.54726,2023-10-10,l,2023
15139,-14.38163,-68.54521,2023-10-10,l,2023
15140,-14.36954,-68.51008,2023-10-10,l,2023
15141,-14.31561,-68.53826,2023-10-10,l,2023
15142,-14.28817,-68.54679,2023-10-10,l,2023
15143,-14.24202,-68.54953,2023-10-10,l,2023
15144,-14.24257,-68.55351,2023-10-10,l,2023
15145,-14.24231,-68.55265,2023-10-10,n,2023
15146,-14.24212,-68.60132,2023-10-10,l,2023
15147,-14.24386,-68.55958,2023-10-11,n,2023
15148,-14.2447,-68.55553,2023-10-11,n,2023
15149,-14.26516,-68.54582,2023-10-11,n,2023
15150,-14.26595,-68.54198,2023-10-11,n,2023
15151,-14.27108,-68.54689,2023-10-11,n,2023
15152,-14.27186,-68.54314,2023-10-11,n,2023
15153,-14.28873,-68.55077,2023-10-11,n,2023
15154,-14.28948,-68.5471,2023-10-11,n,2023
15155,-14.60509,-68.64505,2023-10-11,n,2023
15156,-15.11283,-68.32622,2023-10-11,n,2023
15157,-15.11065,-68.32919,2023-10-11,n,2023
15158,-15.00406,-68.26558,2023-10-11,n,2023
15159,-14.92928,-68.49606,2023-10-11,n,2023
15160,-14.68892,-67.8561,2023-10-11,n,2023
15161,-14.64265,-68.57071,2023-10-11,n,2023
15162,-14.604,-68.44675,2023-10-11,n,2023
15163,-14.58524,-68.44776,2023-10-11,n,2023
15164,-14.58047,-68.44728,2023-10-11,n,2023
15165,-14.58247,-68.45038,2023-10-11,n,2023
15166,-14.57655,-68.4785,2023-10-11,n,2023
15167,-14.53807,-68.43496,2023-10-11,l,2023
15168,-14.53399,-68.44008,2023-10-11,n,2023
15169,-14.53298,-68.50918,2023-10-11,n,2023
15170,-14.49528,-68.51086,2023-10-11,n,2023
15171,-14.47139,-68.46853,2023-10-11,n,2023
15172,-14.47192,-68.47301,2023-10-11,n,2023
15173,-14.49809,-68.51224,2023-10-11,n,2023
15174,-14.49343,-68.51279,2023-10-11,n,2023
15175,-14.47375,-68.4696,2023-10-11,n,2023
15176,-14.46913,-68.47041,2023-10-11,n,2023
15177,-14.46973,-68.47517,2023-10-11,n,2023
15178,-14.46514,-68.47622,2023-10-11,n,2023
15179,-14.45853,-68.46107,2023-10-11,n,2023
15180,-14.45501,-68.47066,2023-10-11,n,2023
15181,-14.45038,-68.47137,2023-10-11,n,2023
15182,-14.45089,-68.47552,2023-10-11,n,2023
15183,-14.4452,-68.4677,2023-10-11,n,2023
15184,-14.44573,-68.47195,2023-10-11,n,2023
15185,-14.44168,-68.4774,2023-10-11,n,2023
15186,-14.39275,-68.54208,2023-10-11,n,2023
15187,-14.3934,-68.54752,2023-10-11,n,2023
15188,-14.39513,-68.54478,2023-10-11,n,2023
15189,-14.29133,-68.54866,2023-10-11,n,2023
15190,-14.28664,-68.54906,2023-10-11,n,2023
15191,-14.27491,-68.53003,2023-10-11,n,2023
15192,-14.28896,-68.54705,2023-10-11,n,2023
15193,-14.25915,-68.5359,2023-10-11,n,2023
15194,-14.25106,-68.54689,2023-10-11,n,2023
15195,-14.52384,-68.45456,2023-10-12,n,2023
15196,-14.5242,-68.45159,2023-10-12,n,2023
15197,-14.52944,-68.45447,2023-10-12,n,2023
15198,-14.52345,-68.45352,2023-10-12,n,2023
15199,-14.52903,-68.45349,2023-10-12,n,2023
15200,-14.59819,-68.71542,2023-10-12,n,2023
15201,-14.60018,-68.71551,2023-10-12,n,2023
15202,-15.10981,-68.3348,2023-10-12,n,2023
15203,-15.11311,-68.33217,2023-10-12,n,2023
15204,-14.23681,-68.53552,2023-10-12,n,2023
15205,-14.5219,-68.49548,2023-10-13,n,2023
15206,-14.89085,-68.34726,2023-10-14,n,2023
15207,-14.89417,-68.34779,2023-10-14,n,2023
15208,-15.05933,-68.15424,2023-10-14,n,2023
15209,-15.06266,-68.15482,2023-10-14,n,2023
15210,-15.12569,-68.24927,2023-10-14,n,2023
15211,-15.13737,-68.23996,2023-10-14,n,2023
15212,-15.13068,-68.34949,2023-10-14,n,2023
15213,-15.12958,-68.35662,2023-10-14,n,2023
15214,-15.13013,-68.35306,2023-10-14,n,2023
15215,-15.15404,-68.24271,2023-10-14,n,2023
15216,-15.15515,-68.23553,2023-10-14,n,2023
15217,-15.15632,-67.68208,2023-10-14,n,2023
15218,-15.18478,-68.17019,2023-10-14,n,2023
15219,-15.15448,-68.24158,2023-10-14,n,2023
15220,-15.13239,-68.20267,2023-10-14,n,2023
15221,-15.12537,-68.25296,2023-10-14,n,2023
15222,-15.1262,-68.25782,2023-10-14,n,2023
15223,-15.12881,-68.31883,2023-10-14,n,2023
15224,-15.13205,-68.33791,2023-10-14,n,2023
15225,-15.12829,-68.33854,2023-10-14,n,2023
15226,-15.04818,-68.27491,2023-10-14,n,2023
15227,-14.97005,-68.43314,2023-10-14,n,2023
15228,-14.88265,-68.34956,2023-10-14,n,2023
15229,-14.8297,-68.33259,2023-10-14,n,2023
15230,-14.86674,-68.55336,2023-10-14,n,2023
15231,-14.83817,-68.49725,2023-10-14,n,2023
15232,-14.66685,-68.69859,2023-10-14,n,2023
15233,-14.65797,-68.69099,2023-10-14,n,2023
15234,-14.64725,-68.71777,2023-10-14,n,2023
15235,-14.58286,-68.54093,2023-10-14,n,2023
15236,-14.58091,-68.55188,2023-10-14,n,2023
15237,-14.59045,-68.62997,2023-10-14,n,2023
15238,-14.59114,-68.63405,2023-10-14,n,2023
15239,-14.59183,-68.63815,2023-10-14,n,2023
15240,-14.58679,-68.6309,2023-10-14,n,2023
15241,-14.58747,-68.63493,2023-10-14,n,2023
15242,-14.59818,-68.71984,2023-10-14,n,2023
15243,-14.58508,-68.62993,2023-10-14,n,2023
15244,-14.59594,-68.71866,2023-10-14,n,2023
15245,-14.53792,-68.46152,2023-10-14,n,2023
15246,-14.55277,-68.57356,2023-10-14,n,2023
15247,-14.57855,-68.72833,2023-10-14,n,2023
15248,-14.59085,-68.82537,2023-10-14,n,2023
15249,-14.59159,-68.82983,2023-10-14,n,2023
15250,-14.58783,-68.82994,2023-10-14,n,2023
15251,-14.4927,-68.51358,2023-10-14,l,2023
15252,-14.46402,-68.48097,2023-10-14,n,2023
15253,-14.44165,-68.46336,2023-10-14,n,2023
15254,-14.44155,-68.4619,2023-10-14,n,2023
15255,-14.43853,-68.51321,2023-10-14,n,2023
15256,-14.43927,-68.51766,2023-10-14,n,2023
15257,-14.65947,-68.69245,2023-10-15,n,2023
15258,-14.66343,-68.69298,2023-10-15,n,2023
15259,-14.66245,-68.69858,2023-10-15,n,2023
15260,-14.66218,-68.69499,2023-10-15,n,2023
15261,-14.73744,-68.43359,2023-10-15,n,2023
15262,-14.82352,-68.32856,2023-10-15,n,2023
15263,-14.82815,-68.3247,2023-10-15,n,2023
15264,-14.82896,-68.32003,2023-10-15,n,2023
15265,-14.83198,-68.32543,2023-10-15,n,2023
15266,-14.83279,-68.3208,2023-10-15,n,2023
15267,-15.04989,-68.27355,2023-10-15,n,2023
15268,-15.12,-68.24433,2023-10-15,n,2023
15269,-15.12378,-68.24512,2023-10-15,n,2023
15270,-15.1222,-68.2541,2023-10-15,n,2023
15271,-15.123,-68.24955,2023-10-15,n,2023
15272,-15.12604,-68.25456,2023-10-15,n,2023
15273,-14.46354,-68.45863,2023-10-15,n,2023
15274,-14.46333,-68.48269,2023-10-15,n,2023
15275,-14.96988,-68.43371,2023-10-15,n,2023
15276,-14.70874,-67.60539,2023-10-15,n,2023
15277,-14.67936,-68.5424,2023-10-15,n,2023
15278,-14.67881,-68.73721,2023-10-15,n,2023
15279,-14.64471,-68.52985,2023-10-15,n,2023
15280,-14.64136,-68.53038,2023-10-15,n,2023
15281,-14.62573,-68.44796,2023-10-15,n,2023
15282,-14.62624,-68.45147,2023-10-15,n,2023
15283,-14.62239,-68.44852,2023-10-15,n,2023
15284,-14.64818,-68.71609,2023-10-15,n,2023
15285,-14.63434,-68.69212,2023-10-15,n,2023
15286,-14.61317,-68.57152,2023-10-15,n,2023
15287,-14.61142,-68.58293,2023-10-15,n,2023
15288,-14.56521,-68.40891,2023-10-15,n,2023
15289,-14.58158,-68.54322,2023-10-15,n,2023
15290,-14.58211,-68.54675,2023-10-15,n,2023
15291,-14.58316,-68.55386,2023-10-15,n,2023
15292,-14.59545,-68.63766,2023-10-15,l,2023
15293,-14.57928,-68.55083,2023-10-15,n,2023
15294,-14.57981,-68.55439,2023-10-15,n,2023
15295,-14.59209,-68.63813,2023-10-15,n,2023
15296,-14.59264,-68.64191,2023-10-15,n,2023
15297,-14.58709,-68.62734,2023-10-15,n,2023
15298,-14.59659,-68.71595,2023-10-15,n,2023
15299,-14.57878,-68.71179,2023-10-15,n,2023
15300,-14.59626,-68.83175,2023-10-15,n,2023
15301,-14.57719,-68.70882,2023-10-15,n,2023
15302,-14.55374,-68.57397,2023-10-15,n,2023
15303,-14.49136,-68.47644,2023-10-15,n,2023
15304,-14.49805,-68.56808,2023-10-15,l,2023
15305,-14.46811,-68.45801,2023-10-15,n,2023
15306,-14.46864,-68.46154,2023-10-15,n,2023
15307,-14.46916,-68.46503,2023-10-15,n,2023
15308,-14.46967,-68.46852,2023-10-15,n,2023
15309,-14.46425,-68.45502,2023-10-15,n,2023
15310,-14.46478,-68.45858,2023-10-15,n,2023
15311,-14.4653,-68.46212,2023-10-15,n,2023
15312,-14.46144,-68.45914,2023-10-15,n,2023
15313,-14.46196,-68.4627,2023-10-15,n,2023
15314,-14.46125,-68.48095,2023-10-15,n,2023
15315,-14.37118,-68.51128,2023-10-15,n,2023
15316,-14.26799,-68.54227,2023-10-15,n,2023
15317,-14.69046,-67.57693,2023-10-16,n,2023
15318,-14.58925,-68.63282,2023-10-16,n,2023
15319,-14.61011,-68.58383,2023-10-16,n,2023
15320,-14.61075,-68.5806,2023-10-16,n,2023
15321,-14.6559,-68.60353,2023-10-16,n,2023
15322,-14.6613,-68.60415,2023-10-16,n,2023
15323,-14.66817,-68.69614,2023-10-16,n,2023
15324,-14.90104,-68.37151,2023-10-16,n,2023
15325,-14.90163,-68.36855,2023-10-16,n,2023
15326,-15.05424,-68.27979,2023-10-16,n,2023
15327,-15.12132,-68.24175,2023-10-16,n,2023
15328,-15.1208,-68.24436,2023-10-16,n,2023
15329,-15.1254,-68.24817,2023-10-16,n,2023
15330,-15.12591,-68.24561,2023-10-16,n,2023
15331,-15.12642,-68.24303,2023-10-16,n,2023
15332,-15.12476,-68.25821,2023-10-16,h,2023
15333,-14.74438,-67.60851,2023-10-16,n,2023
15334,-14.7462,-67.61063,2023-10-16,n,2023
15335,-14.3578,-68.58943,2023-10-16,n,2023
15336,-14.31351,-68.54471,2023-10-16,n,2023
15337,-14.30825,-68.53702,2023-10-16,n,2023
15338,-14.2368,-68.05673,2023-10-16,n,2023
15339,-14.27855,-68.53767,2023-10-16,n,2023
15340,-14.24979,-68.54561,2023-10-16,n,2023
15341,-15.05099,-67.70653,2023-10-17,n,2023
15342,-15.05362,-67.70669,2023-10-17,n,2023
15343,-15.04515,-68.12663,2023-10-17,n,2023
15344,-15.05191,-68.1283,2023-10-17,n,2023
15345,-15.05335,-68.12174,2023-10-17,n,2023
15346,-15.05365,-68.31709,2023-10-17,n,2023
15347,-15.04577,-68.12709,2023-10-17,n,2023
15348,-15.047,-68.12168,2023-10-17,n,2023
15349,-15.05246,-68.12906,2023-10-17,n,2023
15350,-15.05402,-68.12217,2023-10-17,n,2023
15351,-15.0605,-68.25233,2023-10-17,n,2023
15352,-15.05314,-68.31709,2023-10-17,n,2023
15353,-14.56344,-68.66634,2023-10-17,n,2023
15354,-14.56379,-68.66316,2023-10-17,n,2023
15355,-14.56421,-68.65929,2023-10-17,n,2023
15356,-14.54735,-68.86874,2023-10-17,n,2023
15357,-15.05192,-67.70351,2023-10-17,n,2023
15358,-15.05305,-67.70399,2023-10-17,n,2023
15359,-15.04873,-68.12134,2023-10-17,n,2023
15360,-15.05342,-68.3147,2023-10-17,n,2023
15361,-15.05401,-68.30928,2023-10-17,n,2023
15362,-15.05666,-68.28452,2023-10-17,n,2023
15363,-15.05713,-68.28024,2023-10-17,n,2023
15364,-14.72149,-67.6,2023-10-17,h,2023
15365,-14.64646,-68.57081,2023-10-17,n,2023
15366,-14.64683,-68.57417,2023-10-17,n,2023
15367,-14.64608,-68.67433,2023-10-17,n,2023
15368,-14.64643,-68.67751,2023-10-17,n,2023
15369,-14.64682,-68.68104,2023-10-17,n,2023
15370,-14.64082,-68.68014,2023-10-17,n,2023
15371,-14.63606,-68.69063,2023-10-17,n,2023
15372,-14.61232,-68.57998,2023-10-17,n,2023
15373,-14.6027,-68.82213,2023-10-17,h,2023
15374,-14.60319,-68.8268,2023-10-17,n,2023
15375,-14.58635,-68.72292,2023-10-17,n,2023
15376,-14.60424,-68.82552,2023-10-17,h,2023
15377,-14.60375,-68.82121,2023-10-17,n,2023
15378,-14.58671,-68.72203,2023-10-17,n,2023
15379,-14.58716,-68.72604,2023-10-17,n,2023
15380,-14.59798,-68.82281,2023-10-17,n,2023
15381,-14.59861,-68.82839,2023-10-17,n,2023
15382,-14.53896,-68.50493,2023-10-17,h,2023
15383,-14.5472,-68.57893,2023-10-17,h,2023
15384,-14.54811,-68.58712,2023-10-17,h,2023
15385,-14.54762,-68.58269,2023-10-17,n,2023
15386,-14.5417,-68.68876,2023-10-17,l,2023
15387,-14.54235,-68.69467,2023-10-17,n,2023
15388,-14.52833,-68.72852,2023-10-17,n,2023
15389,-14.46031,-68.47721,2023-10-17,h,2023
15390,-14.46074,-68.48126,2023-10-17,n,2023
15391,-14.45971,-68.47742,2023-10-17,h,2023
15392,-14.46018,-68.48154,2023-10-17,n,2023
15393,-14.4414,-68.52126,2023-10-17,n,2023
15394,-14.44191,-68.52583,2023-10-17,n,2023
15395,-14.37614,-68.51033,2023-10-17,n,2023
15396,-14.37486,-68.51032,2023-10-17,n,2023
15397,-14.2726,-68.53264,2023-10-17,h,2023
15398,-14.27186,-68.53022,2023-10-17,n,2023
15399,-14.27244,-68.53519,2023-10-17,n,2023
15400,-14.27257,-68.53328,2023-10-18,n,2023
15401,-14.43093,-68.82311,2023-10-18,n,2023
15402,-14.43534,-68.82322,2023-10-18,n,2023
15403,-14.56352,-68.65871,2023-10-18,n,2023
15404,-14.56659,-68.6694,2023-10-18,n,2023
15405,-14.56702,-68.66609,2023-10-18,n,2023
15406,-14.56746,-68.6627,2023-10-18,n,2023
15407,-14.57113,-68.66887,2023-10-18,n,2023
15408,-15.04166,-68.11798,2023-10-18,n,2023
15409,-15.04102,-68.12309,2023-10-18,n,2023
15410,-15.04618,-68.11912,2023-10-18,n,2023
15411,-15.04553,-68.12436,2023-10-18,n,2023
15412,-15.06989,-68.26175,2023-10-18,n,2023
15413,-15.08707,-68.31617,2023-10-18,n,2023
15414,-15.11295,-68.2561,2023-10-18,n,2023
15415,-15.11746,-68.25706,2023-10-18,n,2023
15416,-15.13613,-68.21985,2023-10-18,n,2023
15417,-15.13678,-68.22305,2023-10-18,n,2023
15418,-15.15228,-68.32793,2023-10-18,n,2023
15419,-15.10871,-68.22945,2023-10-18,n,2023
15420,-15.10087,-68.21994,2023-10-18,n,2023
15421,-15.10435,-68.21954,2023-10-18,n,2023
15422,-15.10649,-68.23035,2023-10-18,n,2023
15423,-15.06941,-68.25046,2023-10-18,n,2023
15424,-15.05204,-68.28067,2023-10-18,n,2023
15425,-14.98324,-68.26939,2023-10-18,n,2023
15426,-14.98271,-68.32538,2023-10-18,n,2023
15427,-14.95007,-68.3376,2023-10-18,n,2023
15428,-14.64645,-67.96777,2023-10-19,n,2023
15429,-14.56473,-68.66032,2023-10-19,n,2023
15430,-14.94493,-67.72229,2023-10-19,n,2023
15431,-14.94778,-67.72735,2023-10-19,n,2023
15432,-14.94842,-67.72304,2023-10-19,n,2023
15433,-15.05613,-67.70194,2023-10-19,n,2023
15434,-15.04562,-68.28638,2023-10-19,n,2023
15435,-15.07102,-68.25829,2023-10-19,n,2023
15436,-15.13009,-68.20686,2023-10-19,n,2023
15437,-15.13477,-68.22336,2023-10-19,n,2023
15438,-15.14597,-68.2542,2023-10-19,n,2023
15439,-15.12893,-68.20736,2023-10-19,n,2023
15440,-15.1308,-68.24135,2023-10-19,n,2023
15441,-15.10956,-68.22608,2023-10-19,n,2023
15442,-15.11029,-68.23024,2023-10-19,n,2023
15443,-15.09788,-68.28127,2023-10-19,n,2023
15444,-15.09859,-68.28533,2023-10-19,n,2023
15445,-15.09594,-68.29446,2023-10-19,n,2023
15446,-15.08627,-68.31213,2023-10-19,n,2023
15447,-15.06871,-68.26157,2023-10-19,n,2023
15448,-15.06048,-68.2634,2023-10-19,l,2023
15449,-15.06119,-68.26738,2023-10-19,n,2023
15450,-15.0626,-68.27528,2023-10-19,n,2023
15451,-15.05921,-68.2802,2023-10-19,n,2023
15452,-15.05161,-68.28551,2023-10-19,n,2023
15453,-15.04747,-68.28625,2023-10-19,n,2023
15454,-15.05383,-68.32162,2023-10-19,n,2023
15455,-15.04068,-68.29605,2023-10-19,n,2023
15456,-15.04208,-68.30376,2023-10-19,n,2023
15457,-15.01278,-68.3145,2023-10-19,n,2023
15458,-15.01342,-68.31814,2023-10-19,n,2023
15459,-14.8426,-67.40623,2023-10-19,n,2023
15460,-14.14676,-68.58836,2023-10-20,n,2023
15461,-14.1475,-68.58402,2023-10-20,n,2023
15462,-14.15029,-68.58941,2023-10-20,n,2023
15463,-14.15103,-68.58504,2023-10-20,n,2023
15464,-14.30811,-68.44822,2023-10-20,n,2023
15465,-14.31166,-68.44898,2023-10-20,n,2023
15466,-14.63721,-67.97419,2023-10-20,n,2023
15467,-14.6379,-67.97012,2023-10-20,n,2023
15468,-14.64068,-67.97492,2023-10-20,n,2023
15469,-14.64137,-67.97086,2023-10-20,n,2023
15470,-14.97924,-68.43304,2023-10-20,n,2023
15471,-14.97863,-68.43163,2023-10-20,n,2023
15472,-15.15659,-67.67545,2023-10-20,l,2023
15473,-15.10227,-67.66161,2023-10-20,n,2023
15474,-14.58731,-68.62965,2023-10-20,n,2023
15475,-14.5673,-68.65485,2023-10-20,n,2023
15476,-14.58688,-67.97801,2023-10-21,n,2023
15477,-14.98738,-68.19724,2023-10-21,n,2023
15478,-15.00876,-68.31324,2023-10-21,n,2023
15479,-15.07836,-68.39832,2023-10-21,l,2023
15480,-15.0786,-68.39628,2023-10-21,n,2023
15481,-15.03431,-68.29786,2023-10-21,n,2023
15482,-15.03493,-68.30241,2023-10-21,n,2023
15483,-14.99201,-68.26875,2023-10-21,n,2023
15484,-14.96733,-68.19868,2023-10-21,n,2023
15485,-14.68853,-67.8633,2023-10-21,n,2023
15486,-14.74376,-68.4171,2023-10-21,n,2023
15487,-14.65121,-67.96447,2023-10-21,n,2023
15488,-14.63757,-67.97465,2023-10-21,n,2023
15489,-14.5853,-67.97693,2023-10-21,n,2023
15490,-14.33585,-68.10233,2023-10-21,n,2023
15491,-14.33216,-68.10288,2023-10-21,n,2023
15492,-14.32847,-68.10353,2023-10-21,n,2023
15493,-14.38653,-68.5609,2023-10-21,n,2023
15494,-14.33166,-68.54803,2023-10-21,n,2023
15495,-14.31368,-68.44569,2023-10-21,l,2023
15496,-14.30991,-68.44613,2023-10-21,l,2023
15497,-14.31587,-68.54556,2023-10-21,l,2023
15498,-14.51446,-68.72948,2023-10-22,n,2023
15499,-14.52153,-68.72814,2023-10-22,n,2023
15500,-14.52242,-68.72396,2023-10-22,n,2023
15501,-14.54935,-68.66088,2023-10-22,n,2023
15502,-14.55611,-68.66085,2023-10-22,n,2023
15503,-14.55429,-68.66949,2023-10-22,n,2023
15504,-14.58149,-68.63645,2023-10-22,n,2023
15505,-14.58286,-68.62994,2023-10-22,h,2023
15506,-14.52007,-68.72798,2023-10-22,n,2023
15507,-14.55515,-68.66074,2023-10-22,n,2023
15508,-14.55327,-68.66932,2023-10-22,n,2023
15509,-14.58079,-68.636,2023-10-22,n,2023
15510,-14.58214,-68.62981,2023-10-22,h,2023
15511,-14.33759,-68.10223,2023-10-22,h,2023
15512,-14.33849,-68.09793,2023-10-22,n,2023
15513,-14.33376,-68.10308,2023-10-22,n,2023
15514,-14.33472,-68.09868,2023-10-22,h,2023
15515,-14.34102,-68.0999,2023-10-22,n,2023
15516,-14.34016,-68.10386,2023-10-22,n,2023
15517,-14.57751,-67.98371,2023-10-22,n,2023
15518,-14.57877,-67.97766,2023-10-22,h,2023
15519,-14.57957,-67.97383,2023-10-22,n,2023
15520,-14.58496,-67.97909,2023-10-22,n,2023
15521,-14.58589,-67.97459,2023-10-22,n,2023
15522,-14.57488,-67.98479,2023-10-22,n,2023
15523,-14.57608,-67.97925,2023-10-22,n,2023
15524,-14.57697,-67.97513,2023-10-22,n,2023
15525,-14.58219,-67.98102,2023-10-22,n,2023
15526,-14.5833,-67.97588,2023-10-22,h,2023
15527,-14.58029,-67.98983,2023-10-22,n,2023
15528,-14.58416,-67.97191,2023-10-22,n,2023
15529,-15.02921,-68.29987,2023-10-22,n,2023
15530,-15.03552,-68.30108,2023-10-22,n,2023
15531,-15.03655,-68.2962,2023-10-22,n,2023
15532,-15.04369,-68.29352,2023-10-22,n,2023
15533,-14.9901,-68.27603,2023-10-22,n,2023
15534,-14.99711,-68.275,2023-10-22,n,2023
15535,-15.02494,-68.3409,2023-10-22,n,2023
15536,-15.02859,-68.30509,2023-10-22,n,2023
15537,-15.02938,-68.29735,2023-10-22,n,2023
15538,-15.03165,-68.34264,2023-10-22,n,2023
15539,-15.02585,-68.3399,2023-10-22,n,2023
15540,-15.03256,-68.3417,2023-10-22,n,2023
15541,-14.14163,-68.58902,2023-10-22,n,2023
15542,-14.1485,-68.58767,2023-10-22,n,2023
15543,-14.3084,-68.44627,2023-10-22,n,2023
15544,-14.57414,-67.97777,2023-10-22,h,2023
15545,-14.57542,-67.96555,2023-10-22,n,2023
15546,-14.58101,-67.979,2023-10-22,n,2023
15547,-14.58202,-67.96944,2023-10-22,n,2023
15548,-14.57418,-67.97677,2023-10-22,h,2023
15549,-14.58103,-67.9783,2023-10-22,n,2023
15550,-14.58204,-67.96808,2023-10-22,n,2023
15551,-14.51913,-68.72935,2023-10-22,n,2023
15552,-14.51994,-68.7215,2023-10-22,n,2023
15553,-14.55355,-68.65615,2023-10-22,n,2023
15554,-14.55303,-68.66109,2023-10-22,n,2023
15555,-14.5543,-68.64894,2023-10-22,n,2023
15556,-14.56012,-68.65765,2023-10-22,n,2023
15557,-14.56686,-68.65756,2023-10-22,n,2023
15558,-14.57655,-68.62933,2023-10-22,n,2023
15559,-14.58307,-68.63145,2023-10-22,n,2023
15560,-14.5836,-68.62641,2023-10-22,n,2023
15561,-14.58418,-68.62086,2023-10-22,n,2023
15562,-14.5796,-68.63004,2023-10-22,n,2023
15563,-14.58015,-68.62452,2023-10-22,n,2023
15564,-14.58076,-68.61824,2023-10-22,n,2023
15565,-14.58669,-68.62653,2023-10-22,n,2023
15566,-14.63819,-68.58411,2023-10-22,n,2023
15567,-14.64497,-68.58394,2023-10-22,n,2023
15568,-14.9942,-68.19823,2023-10-22,h,2023
15569,-14.99447,-68.20068,2023-10-22,n,2023
15570,-14.9892,-68.19981,2023-10-22,h,2023
15571,-15.00183,-68.31222,2023-10-22,n,2023
15572,-14.99107,-68.19799,2023-10-22,n,2023
15573,-14.98636,-68.20186,2023-10-22,n,2023
15574,-14.99979,-68.31409,2023-10-22,n,2023
15575,-15.12751,-68.21246,2023-10-22,n,2023
15576,-15.12102,-68.20115,2023-10-22,h,2023
15577,-15.12134,-68.2039,2023-10-22,n,2023
15578,-15.12165,-68.2066,2023-10-22,n,2023
15579,-15.12195,-68.20924,2023-10-22,l,2023
15580,-15.11708,-68.25785,2023-10-22,n,2023
15581,-15.11201,-68.25902,2023-10-22,h,2023
15582,-15.11234,-68.26202,2023-10-22,n,2023
15583,-15.11586,-68.33978,2023-10-22,n,2023
15584,-15.10694,-68.35363,2023-10-22,n,2023
15585,-15.08778,-68.22836,2023-10-22,l,2023
15586,-15.11452,-68.33832,2023-10-22,n,2023
15587,-15.10454,-68.34237,2023-10-22,n,2023
15588,-15.10566,-68.35181,2023-10-22,n,2023
15589,-15.08569,-68.22751,2023-10-22,n,2023
15590,-15.086,-68.23014,2023-10-22,n,2023
15591,-15.03633,-68.34039,2023-10-22,h,2023
15592,-15.036,-68.33749,2023-10-22,n,2023
15593,-15.03124,-68.34157,2023-10-22,n,2023
15594,-14.97719,-68.43307,2023-10-22,l,2023
15595,-14.96044,-68.42451,2023-10-22,h,2023
15596,-14.82215,-68.41539,2023-10-22,h,2023
15597,-14.8218,-68.41234,2023-10-22,n,2023
15598,-14.68389,-67.87743,2023-10-22,n,2023
15599,-14.74979,-68.43916,2023-10-22,n,2023
15600,-14.67969,-67.88456,2023-10-22,n,2023
15601,-14.68992,-68.69781,2023-10-22,n,2023
15602,-14.68432,-68.74142,2023-10-22,n,2023
15603,-14.65356,-68.56717,2023-10-22,n,2023
15604,-14.57932,-67.97525,2023-10-22,n,2023
15605,-14.57434,-67.976,2023-10-22,n,2023
15606,-14.5758,-67.9884,2023-10-22,n,2023
15607,-14.64474,-68.58218,2023-10-22,n,2023
15608,-14.56994,-67.9817,2023-10-22,n,2023
15609,-14.57062,-67.98752,2023-10-22,l,2023
15610,-14.63952,-68.58273,2023-10-22,n,2023
15611,-14.62581,-68.50901,2023-10-22,n,2023
15612,-14.62647,-68.51472,2023-10-22,n,2023
15613,-14.62685,-68.5181,2023-10-22,n,2023
15614,-14.61975,-68.54808,2023-10-22,n,2023
15615,-14.61448,-68.54812,2023-10-22,n,2023
15616,-14.61484,-68.55128,2023-10-22,l,2023
15617,-14.60653,-68.57099,2023-10-22,n,2023
15618,-14.60763,-68.58084,2023-10-22,n,2023
15619,-14.61097,-68.57265,2023-10-22,n,2023
15620,-14.60681,-68.58197,2023-10-22,n,2023
15621,-14.59049,-68.62251,2023-10-22,n,2023
15622,-14.59095,-68.62643,2023-10-22,n,2023
15623,-14.58521,-68.62263,2023-10-22,h,2023
15624,-14.58561,-68.62598,2023-10-22,n,2023
15625,-14.58657,-68.63409,2023-10-22,n,2023
15626,-14.5871,-68.63866,2023-10-22,n,2023
15627,-14.58009,-68.62409,2023-10-22,h,2023
15628,-14.58087,-68.63068,2023-10-22,h,2023
15629,-14.58127,-68.6341,2023-10-22,h,2023
15630,-14.58048,-68.62736,2023-10-22,n,2023
15631,-14.60314,-68.82104,2023-10-22,n,2023
15632,-14.58169,-68.63773,2023-10-22,l,2023
15633,-14.55908,-68.49009,2023-10-22,n,2023
15634,-14.58075,-68.72051,2023-10-22,n,2023
15635,-14.55746,-68.65712,2023-10-22,h,2023
15636,-14.55786,-68.66058,2023-10-22,h,2023
15637,-14.55162,-68.65251,2023-10-22,h,2023
15638,-14.55132,-68.64989,2023-10-22,n,2023
15639,-14.55232,-68.65855,2023-10-22,n,2023
15640,-14.55195,-68.65532,2023-10-22,l,2023
15641,-14.5466,-68.6549,2023-10-22,h,2023
15642,-14.54721,-68.66023,2023-10-22,n,2023
15643,-14.5469,-68.65757,2023-10-22,l,2023
15644,-14.53824,-68.72131,2023-10-22,n,2023
15645,-14.53861,-68.72458,2023-10-22,n,2023
15646,-14.53304,-68.72242,2023-10-22,h,2023
15647,-14.53334,-68.72507,2023-10-22,h,2023
15648,-14.53244,-68.7172,2023-10-22,l,2023
15649,-14.52778,-68.72298,2023-10-22,n,2023
15650,-14.52209,-68.71967,2023-10-22,n,2023
15651,-14.52238,-68.72231,2023-10-22,n,2023
15652,-14.52268,-68.72495,2023-10-22,n,2023
15653,-14.51718,-68.7234,2023-10-22,n,2023
15654,-14.51748,-68.72609,2023-10-22,n,2023
15655,-14.5178,-68.72887,2023-10-22,n,2023
15656,-14.52295,-68.72091,2023-10-22,h,2023
15657,-14.52326,-68.72353,2023-10-22,n,2023
15658,-14.52357,-68.72614,2023-10-22,n,2023
15659,-14.51802,-68.72425,2023-10-22,h,2023
15660,-14.51834,-68.72694,2023-10-22,n,2023
15661,-14.51867,-68.72975,2023-10-22,l,2023
15662,-14.34066,-68.10049,2023-10-22,n,2023
15663,-14.34103,-68.10078,2023-10-22,n,2023
15664,-14.336,-68.10134,2023-10-22,n,2023
15665,-14.14846,-68.58964,2023-10-23,n,2023
15666,-14.52707,-68.10909,2023-10-23,n,2023
15667,-14.5322,-68.10931,2023-10-23,n,2023
15668,-14.55736,-67.98759,2023-10-23,h,2023
15669,-14.55777,-67.98423,2023-10-23,n,2023
15670,-14.55705,-67.99014,2023-10-23,n,2023
15671,-14.56246,-67.98849,2023-10-23,n,2023
15672,-14.56284,-67.98534,2023-10-23,n,2023
15673,-14.57539,-68.62346,2023-10-23,n,2023
15674,-14.57879,-68.63631,2023-10-23,n,2023
15675,-14.58377,-68.63637,2023-10-23,n,2023
15676,-14.68121,-67.88307,2023-10-23,n,2023
15677,-14.68673,-67.8809,2023-10-23,n,2023
15678,-14.69341,-67.86916,2023-10-23,n,2023
15679,-14.69376,-67.86624,2023-10-23,h,2023
15680,-14.58534,-68.82162,2023-10-23,n,2023
15681,-14.58998,-68.82388,2023-10-23,n,2023
15682,-14.58847,-68.82404,2023-10-23,n,2023
15683,-15.04938,-68.31151,2023-10-23,n,2023
15684,-15.05439,-68.31252,2023-10-23,n,2023
15685,-14.69163,-67.8878,2023-10-23,n,2023
15686,-14.69073,-67.87838,2023-10-23,l,2023
15687,-14.56077,-67.98804,2023-10-23,n,2023
15688,-14.55309,-67.97959,2023-10-23,n,2023
15689,-14.55354,-67.98413,2023-10-23,n,2023
15690,-14.55427,-67.99146,2023-10-23,n,2023
15691,-14.54676,-67.98468,2023-10-23,h,2023
15692,-14.54732,-67.99035,2023-10-23,h,2023
15693,-14.5489,-68.00628,2023-10-23,n,2023
15694,-14.54809,-67.9981,2023-10-23,l,2023
15695,-14.57771,-68.63559,2023-10-23,n,2023
15696,-14.32025,-68.4435,2023-10-23,n,2023
15697,-14.32169,-68.44623,2023-10-23,n,2023
15698,-14.15408,-68.59231,2023-10-23,n,2023
15699,-14.15631,-68.59517,2023-10-23,n,2023
15700,-14.15652,-68.59269,2023-10-23,n,2023
15701,-14.15492,-68.58491,2023-10-23,l,2023
15702,-14.14832,-68.58422,2023-10-23,n,2023
15703,-14.1499,-68.59187,2023-10-23,n,2023
15704,-14.14913,-68.58813,2023-10-23,l,2023
15705,-14.69325,-67.87563,2023-10-23,n,2023
15706,-14.69228,-67.87106,2023-10-23,l,2023
15707,-14.59172,-68.61538,2023-10-24,n,2023
15708,-14.69747,-67.86234,2023-10-24,n,2023
15709,-14.59358,-68.62833,2023-10-24,n,2023
15710,-14.5838,-68.82522,2023-10-24,n,2023
15711,-14.14692,-68.3261,2023-10-24,n,2023
15712,-14.13861,-68.58882,2023-10-24,n,2023
15713,-14.14225,-68.58916,2023-10-24,n,2023
15714,-14.14285,-68.585,2023-10-24,n,2023
15715,-14.1459,-68.58947,2023-10-24,n,2023
15716,-14.14958,-68.58965,2023-10-24,n,2023
15717,-14.15017,-68.58551,2023-10-24,n,2023
15718,-14.15325,-68.5898,2023-10-24,n,2023
15719,-14.15384,-68.58567,2023-10-24,n,2023
15720,-14.15692,-68.58998,2023-10-24,n,2023
15721,-14.30381,-68.44749,2023-10-24,n,2023
15722,-14.30746,-68.44804,2023-10-24,n,2023
15723,-14.3081,-68.44357,2023-10-24,n,2023
15724,-14.31424,-68.45284,2023-10-24,n,2023
15725,-14.31541,-68.44463,2023-10-24,n,2023
15726,-14.31607,-68.44002,2023-10-24,n,2023
15727,-14.31973,-68.44057,2023-10-24,n,2023
15728,-14.52052,-68.11576,2023-10-24,n,2023
15729,-14.5373,-67.99391,2023-10-24,n,2023
15730,-14.53792,-67.98935,2023-10-24,n,2023
15731,-14.52428,-68.11604,2023-10-24,n,2023
15732,-14.54104,-67.99454,2023-10-24,n,2023
15733,-14.54167,-67.98997,2023-10-24,n,2023
15734,-14.57443,-67.9751,2023-10-24,n,2023
15735,-14.82751,-67.40887,2023-10-24,n,2023
15736,-14.51451,-68.73866,2023-10-24,n,2023
15737,-14.51512,-68.73447,2023-10-24,n,2023
15738,-14.5181,-68.73936,2023-10-24,n,2023
15739,-14.53315,-68.73731,2023-10-24,n,2023
15740,-14.55008,-68.56809,2023-10-24,n,2023
15741,-14.53332,-68.7404,2023-10-24,n,2023
15742,-14.53393,-68.73606,2023-10-24,n,2023
15743,-14.54465,-68.65993,2023-10-24,n,2023
15744,-14.54183,-68.73232,2023-10-24,n,2023
15745,-14.55663,-68.65377,2023-10-24,n,2023
15746,-14.56701,-68.63264,2023-10-24,n,2023
15747,-14.56764,-68.62818,2023-10-24,n,2023
15748,-14.56828,-68.62365,2023-10-24,n,2023
15749,-14.5706,-68.6335,2023-10-24,n,2023
15750,-14.57246,-68.62027,2023-10-24,n,2023
15751,-14.56997,-68.63791,2023-10-24,n,2023
15752,-14.57123,-68.62904,2023-10-24,n,2023
15753,-14.57418,-68.63436,2023-10-24,n,2023
15754,-14.57541,-68.62568,2023-10-24,n,2023
15755,-14.58022,-68.64408,2023-10-24,n,2023
15756,-14.5839,-68.64425,2023-10-24,n,2023
15757,-14.58449,-68.6401,2023-10-24,n,2023
15758,-14.58681,-68.62382,2023-10-24,n,2023
15759,-14.58804,-68.61512,2023-10-24,n,2023
15760,-14.58758,-68.6444,2023-10-24,n,2023
15761,-14.58988,-68.62827,2023-10-24,n,2023
15762,-14.59108,-68.61982,2023-10-24,n,2023
15763,-14.66697,-68.68965,2023-10-24,n,2023
15764,-14.66639,-68.69369,2023-10-24,n,2023
15765,-14.66887,-68.70232,2023-10-24,n,2023
15766,-14.92389,-68.13903,2023-10-24,n,2023
15767,-14.9245,-68.13474,2023-10-24,n,2023
15768,-14.98429,-68.20464,2023-10-24,n,2023
15769,-15.04528,-68.29044,2023-10-24,n,2023
15770,-15.11669,-68.269,2023-10-24,n,2023
15771,-15.1204,-68.26966,2023-10-24,n,2023
15772,-15.13049,-68.25999,2023-10-24,n,2023
15773,-15.13725,-68.34892,2023-10-24,n,2023
15774,-15.2532,-68.09307,2023-10-24,n,2023
15775,-14.67734,-68.67687,2023-10-24,l,2023
15776,-14.67289,-68.67801,2023-10-24,n,2023
15777,-14.66616,-68.6919,2023-10-24,n,2023
15778,-14.67591,-68.67557,2023-10-24,n,2023
15779,-14.66472,-68.69099,2023-10-24,n,2023
15780,-14.58866,-68.42825,2023-10-24,h,2023
15781,-14.58942,-68.43238,2023-10-24,n,2023
15782,-14.58491,-68.43367,2023-10-24,n,2023
15783,-14.5894,-68.61133,2023-10-24,n,2023
15784,-14.5903,-68.61619,2023-10-24,n,2023
15785,-14.59267,-68.62898,2023-10-24,n,2023
15786,-14.58166,-68.64534,2023-10-24,n,2023
15787,-14.58237,-68.64916,2023-10-24,n,2023
15788,-14.57362,-68.62736,2023-10-24,n,2023
15789,-14.5772,-68.64651,2023-10-24,n,2023
15790,-14.57791,-68.65035,2023-10-24,n,2023
15791,-14.56991,-68.63258,2023-10-24,n,2023
15792,-14.56524,-68.63265,2023-10-24,n,2023
15793,-14.54711,-68.66084,2023-10-24,n,2023
15794,-14.54655,-68.65984,2023-10-24,n,2023
15795,-14.51462,-68.74059,2023-10-24,n,2023
15796,-14.50899,-68.7353,2023-10-24,n,2023
15797,-14.50992,-68.74038,2023-10-24,n,2023
15798,-14.14311,-68.59006,2023-10-24,n,2023
15799,-14.30907,-68.44076,2023-10-25,n,2023
15800,-14.31244,-68.44131,2023-10-25,n,2023
15801,-14.30867,-68.50645,2023-10-25,n,2023
15802,-14.53518,-67.99291,2023-10-25,n,2023
15803,-14.53853,-67.99342,2023-10-25,n,2023
15804,-14.54886,-68.57581,2023-10-25,n,2023
15805,-14.56,-68.63531,2023-10-25,n,2023
15806,-14.56281,-68.63938,2023-10-25,n,2023
15807,-14.56342,-68.63567,2023-10-25,n,2023
15808,-14.56402,-68.63197,2023-10-25,n,2023
15809,-14.56622,-68.63982,2023-10-25,n,2023
15810,-14.56682,-68.63611,2023-10-25,n,2023
15811,-14.56742,-68.63242,2023-10-25,n,2023
15812,-14.69587,-67.85748,2023-10-25,n,2023
15813,-14.6992,-67.85805,2023-10-25,n,2023
15814,-14.69863,-67.86162,2023-10-25,n,2023
15815,-14.70254,-67.85861,2023-10-25,n,2023
15816,-14.70311,-67.85501,2023-10-25,n,2023
15817,-14.58128,-68.65414,2023-10-25,n,2023
15818,-14.58465,-68.65482,2023-10-25,n,2023
15819,-14.98477,-68.43336,2023-10-25,n,2023
15820,-15.13165,-68.26083,2023-10-25,n,2023
15821,-14.5647,-68.629,2023-10-26,n,2023
15822,-14.56722,-68.66338,2023-10-26,n,2023
15823,-14.56811,-68.65861,2023-10-26,n,2023
15824,-14.56893,-68.65419,2023-10-26,n,2023
15825,-14.57119,-68.66608,2023-10-26,n,2023
15826,-14.57224,-68.66048,2023-10-26,n,2023
15827,-14.57311,-68.65578,2023-10-26,n,2023
15828,-14.57004,-68.67226,2023-10-26,n,2023
15829,-14.57395,-68.65128,2023-10-26,n,2023
15830,-14.57622,-68.66314,2023-10-26,n,2023
15831,-14.57413,-68.67439,2023-10-26,n,2023
15832,-14.57516,-68.66883,2023-10-26,n,2023
15833,-14.57715,-68.65813,2023-10-26,n,2023
15834,-14.57809,-68.65308,2023-10-26,n,2023
15835,-14.57906,-68.64784,2023-10-26,n,2023
15836,-14.57924,-68.67099,2023-10-26,n,2023
15837,-14.58025,-68.66557,2023-10-26,n,2023
15838,-14.58124,-68.6602,2023-10-26,n,2023
15839,-14.58224,-68.65483,2023-10-26,n,2023
15840,-14.93927,-67.73208,2023-10-26,n,2023
15841,-14.94345,-67.73215,2023-10-26,n,2023
15842,-14.72035,-68.09394,2023-10-27,n,2023
15843,-14.8424,-68.31025,2023-10-27,n,2023
15844,-14.84294,-68.31458,2023-10-27,n,2023
15845,-14.61119,-68.82784,2023-10-28,n,2023
15846,-14.61159,-68.82452,2023-10-28,n,2023
15847,-14.53794,-68.65571,2023-10-30,n,2023
15848,-14.5385,-68.65215,2023-10-30,n,2023
15849,-14.5562,-68.64781,2023-10-30,n,2023
15850,-14.55676,-68.64424,2023-10-30,n,2023
15851,-14.55952,-68.64835,2023-10-30,n,2023
15852,-14.58607,-68.82028,2023-10-30,n,2023
15853,-14.59783,-68.74554,2023-10-30,n,2023
15854,-14.6129,-68.64945,2023-10-30,n,2023
15855,-14.61346,-68.6459,2023-10-30,n,2023
15856,-14.58939,-68.82082,2023-10-30,n,2023
15857,-14.60875,-68.82764,2023-10-30,n,2023
15858,-14.67036,-68.69549,2023-10-30,n,2023
15859,-14.67368,-68.69604,2023-10-30,n,2023
15860,-14.3992,-68.55201,2023-10-30,n,2023
15861,-14.27266,-68.53458,2023-10-30,n,2023
15862,-14.6174,-68.64646,2023-10-31,n,2023
15863,-14.67432,-68.55215,2023-10-31,n,2023
15864,-14.67812,-68.55333,2023-10-31,n,2023
15865,-14.9734,-68.30766,2023-10-31,n,2023
15866,-14.97718,-68.30855,2023-10-31,n,2023
15867,-14.994,-68.18226,2023-10-31,n,2023
15868,-14.97506,-68.3101,2023-10-31,n,2023
15869,-14.97598,-68.30498,2023-10-31,n,2023
15870,-14.91303,-68.25749,2023-10-31,n,2023
15871,-14.28307,-68.53951,2023-10-31,n,2023
15872,-15.13364,-68.23518,2023-11-02,n,2023
15873,-15.03218,-68.32215,2023-11-02,n,2023
15874,-14.97886,-68.30914,2023-11-02,n,2023
15875,-14.77382,-67.42226,2023-11-02,n,2023
15876,-14.78726,-68.33071,2023-11-02,n,2023
15877,-14.68194,-68.55286,2023-11-02,n,2023
15878,-14.67598,-68.55164,2023-11-02,h,2023
15879,-14.68173,-68.55272,2023-11-02,n,2023
15880,-14.67575,-68.55151,2023-11-02,h,2023
15881,-14.33707,-68.56075,2023-11-03,n,2023
15882,-14.6637,-67.57042,2023-11-03,n,2023
15883,-14.5924,-68.65992,2023-11-03,n,2023
15884,-15.00554,-68.27101,2023-11-03,n,2023
15885,-15.06095,-68.30813,2023-11-03,n,2023
15886,-15.06031,-68.31316,2023-11-03,n,2023
15887,-14.2802,-68.53075,2023-11-03,n,2023
15888,-14.74565,-68.44585,2023-11-04,n,2023
15889,-14.76032,-67.42838,2023-11-05,n,2023
15890,-14.76374,-67.42897,2023-11-05,n,2023
15891,-14.76436,-67.4252,2023-11-05,n,2023
15892,-15.14141,-68.20817,2023-11-05,n,2023
15893,-15.13529,-68.21311,2023-11-05,n,2023
15894,-15.13195,-68.21373,2023-11-05,n,2023
15895,-15.1286,-68.2143,2023-11-05,n,2023
15896,-15.03571,-67.75367,2023-11-05,n,2023
15897,-15.03172,-67.75047,2023-11-05,n,2023
15898,-15.03231,-67.75421,2023-11-05,n,2023
15899,-15.0329,-67.75791,2023-11-05,n,2023
15900,-15.02892,-67.75475,2023-11-05,n,2023
15901,-15.03913,-68.33322,2023-11-05,n,2023
15902,-15.0397,-68.33691,2023-11-05,n,2023
15903,-15.01036,-68.17019,2023-11-05,n,2023
15904,-15.03353,-68.31929,2023-11-05,n,2023
15905,-15.03578,-68.33378,2023-11-05,n,2023
15906,-15.03635,-68.33746,2023-11-05,n,2023
15907,-14.93773,-67.729,2023-11-05,n,2023
15908,-15.03019,-68.31989,2023-11-05,n,2023
15909,-14.93433,-67.72952,2023-11-05,n,2023
15910,-15.02743,-68.34628,2023-11-05,n,2023
15911,-14.77503,-67.43087,2023-11-05,n,2023
15912,-14.77039,-67.42377,2023-11-05,n,2023
15913,-14.76072,-67.4293,2023-11-05,n,2023
15914,-14.66625,-67.55807,2023-11-05,n,2023
15915,-14.77829,-68.42193,2023-11-05,n,2023
15916,-14.77495,-68.42248,2023-11-05,n,2023
15917,-14.7716,-68.42303,2023-11-05,n,2023
15918,-14.71383,-68.37356,2023-11-05,n,2023
15919,-14.77883,-67.43022,2023-11-06,n,2023
15920,-14.93088,-67.74116,2023-11-06,n,2023
15921,-14.93165,-67.73698,2023-11-06,n,2023
15922,-14.93247,-67.73954,2023-11-06,n,2023
15923,-15.03135,-67.75726,2023-11-06,n,2023
15924,-15.03222,-67.75253,2023-11-06,n,2023
15925,-15.035,-67.76269,2023-11-06,n,2023
15926,-15.04016,-68.33311,2023-11-06,n,2023
15927,-15.04473,-67.76324,2023-11-06,l,2023
15928,-15.04048,-67.75947,2023-11-06,l,2023
15929,-15.03683,-67.76003,2023-11-06,l,2023
15930,-15.03319,-67.7607,2023-11-06,l,2023
15931,-14.934,-67.73872,2023-11-06,n,2023
15932,-14.93043,-67.73975,2023-11-06,n,2023
15933,-14.5694,-68.64623,2023-11-06,n,2023
15934,-14.56503,-68.64254,2023-11-06,h,2023
15935,-14.56562,-68.64705,2023-11-06,n,2023
15936,-14.56068,-68.63899,2023-11-06,n,2023
15937,-14.56125,-68.64336,2023-11-06,n,2023
15938,-14.56633,-68.64496,2023-11-06,n,2023
15939,-14.56196,-68.64133,2023-11-06,n,2023
15940,-14.38426,-68.54955,2023-11-06,n,2023
15941,-14.93846,-67.72106,2023-11-08,h,2023
15942,-14.93886,-67.72523,2023-11-08,n,2023
15943,-14.94221,-67.72061,2023-11-08,n,2023
15944,-14.93576,-67.72342,2023-11-08,h,2023
15945,-14.60298,-68.80788,2023-11-08,n,2023
15946,-14.60659,-68.80776,2023-11-08,n,2023
15947,-14.69052,-67.55268,2023-11-08,n,2023
15948,-14.69833,-67.5573,2023-11-08,h,2023
15949,-15.03132,-67.60596,2023-11-09,n,2023
15950,-14.78945,-67.45773,2023-11-10,n,2023
15951,-14.92796,-67.62672,2023-11-10,n,2023
15952,-14.92739,-67.63031,2023-11-10,n,2023
15953,-15.03061,-68.35855,2023-11-10,n,2023
15954,-15.05308,-68.34743,2023-11-10,n,2023
15955,-15.05584,-68.35162,2023-11-10,n,2023
15956,-15.05642,-68.34803,2023-11-10,n,2023
15957,-14.92571,-67.62885,2023-11-10,n,2023
15958,-14.66755,-68.39355,2023-11-10,n,2023
15959,-14.61504,-68.42563,2023-11-10,n,2023
15960,-14.61304,-68.47997,2023-11-10,n,2023
15961,-14.6089,-68.4765,2023-11-10,n,2023
15962,-14.60956,-68.48059,2023-11-10,n,2023
15963,-14.62086,-68.68322,2023-11-10,n,2023
15964,-14.61736,-68.6836,2023-11-10,n,2023
15965,-14.55981,-68.48334,2023-11-10,n,2023
15966,-15.03029,-67.60837,2023-11-11,n,2023
15967,-15.01834,-67.62196,2023-11-11,n,2023
15968,-14.92568,-67.6291,2023-11-11,l,2023
15969,-14.9223,-67.62981,2023-11-11,l,2023
15970,-14.79922,-67.45518,2023-11-11,n,2023
15971,-14.79529,-67.45202,2023-11-11,n,2023
15972,-14.79584,-67.45573,2023-11-11,n,2023
15973,-14.79638,-67.45944,2023-11-11,l,2023
15974,-14.79191,-67.45258,2023-11-11,n,2023
15975,-14.79299,-67.46,2023-11-11,n,2023
15976,-14.78961,-67.46056,2023-11-11,n,2023
15977,-14.78568,-67.45737,2023-11-11,n,2023
15978,-14.78622,-67.46109,2023-11-11,l,2023
15979,-14.78175,-67.45419,2023-11-11,l,2023
15980,-14.77836,-67.45469,2023-11-11,l,2023
15981,-14.76996,-67.4446,2023-11-11,l,2023
15982,-14.76497,-67.43409,2023-11-11,n,2023
15983,-14.76604,-67.44146,2023-11-11,n,2023
15984,-14.76658,-67.44514,2023-11-11,l,2023
15985,-14.73272,-67.61826,2023-11-11,l,2023
15986,-14.7002,-67.56204,2023-11-11,l,2023
15987,-14.68785,-67.54874,2023-11-11,l,2023
15988,-14.69096,-67.5941,2023-11-11,l,2023
15989,-14.66729,-67.83923,2023-11-11,n,2023
15990,-14.66388,-67.83981,2023-11-11,l,2023
15991,-14.6296,-68.42129,2023-11-11,l,2023
15992,-14.63014,-68.42509,2023-11-11,n,2023
15993,-14.62354,-68.55424,2023-11-11,l,2023
15994,-14.62412,-68.55833,2023-11-11,n,2023
15995,-14.62469,-68.56239,2023-11-11,n,2023
15996,-14.5602,-68.48504,2023-11-11,n,2023
15997,-14.79543,-67.45293,2023-11-12,n,2023
15998,-14.79944,-67.46107,2023-11-12,n,2023
15999,-14.80018,-67.45737,2023-11-12,n,2023
16000,-14.80092,-67.45369,2023-11-12,n,2023
16001,-14.80567,-67.45811,2023-11-12,n,2023
16002,-14.8064,-67.45449,2023-11-12,n,2023
16003,-14.91753,-67.63641,2023-11-12,n,2023
16004,-14.92328,-67.63609,2023-11-12,n,2023
16005,-14.91764,-67.63608,2023-11-12,n,2023
16006,-14.92341,-67.63574,2023-11-12,n,2023
16007,-14.93042,-67.62454,2023-11-12,n,2023
16008,-14.86228,-67.40791,2023-11-12,n,2023
16009,-14.78088,-67.46062,2023-11-12,n,2023
16010,-14.77654,-67.46115,2023-11-12,n,2023
16011,-14.76484,-67.43752,2023-11-12,n,2023
16012,-14.76686,-67.45403,2023-11-12,n,2023
16013,-14.77994,-67.46015,2023-11-12,n,2023
16014,-14.7756,-67.46069,2023-11-12,n,2023
16015,-14.76373,-67.43713,2023-11-12,n,2023
16016,-14.76587,-67.45361,2023-11-12,n,2023
16017,-14.66401,-67.84588,2023-11-12,n,2023
16018,-14.68326,-68.55524,2023-11-12,n,2023
16019,-14.66977,-68.67639,2023-11-12,n,2023
16020,-14.55712,-68.47783,2023-11-12,n,2023
16021,-14.92006,-67.62995,2023-11-13,n,2023
16022,-14.9283,-67.62685,2023-11-13,n,2023
16023,-14.92974,-67.62046,2023-11-13,n,2023
16024,-14.92181,-67.6289,2023-11-13,n,2023
16025,-14.92348,-67.62167,2023-11-13,n,2023
16026,-14.92994,-67.6264,2023-11-13,n,2023
16027,-14.93133,-67.62039,2023-11-13,n,2023
16028,-14.66047,-68.6084,2023-11-13,n,2023
16029,-14.66082,-68.60548,2023-11-13,n,2023
16030,-14.66099,-68.60764,2023-11-13,n,2023
16031,-14.66132,-68.60476,2023-11-13,n,2023
16032,-15.07925,-67.70336,2023-11-13,n,2023
16033,-15.03163,-67.60729,2023-11-13,n,2023
16034,-15.01579,-67.63026,2023-11-13,n,2023
16035,-15.00942,-67.62765,2023-11-13,h,2023
16036,-15.00986,-67.63182,2023-11-13,n,2023
16037,-14.93317,-67.61832,2023-11-13,h,2023
16038,-14.93273,-67.61426,2023-11-13,n,2023
16039,-14.80049,-67.47342,2023-11-13,n,2023
16040,-14.75319,-67.44247,2023-11-14,n,2023
16041,-14.75694,-67.44748,2023-11-14,n,2023
16042,-14.75749,-67.4432,2023-11-14,n,2023
16043,-14.75805,-67.4389,2023-11-14,n,2023
16044,-15.04322,-67.61346,2023-11-14,n,2023
16045,-15.0437,-67.60977,2023-11-14,n,2023
16046,-15.04807,-67.60973,2023-11-14,n,2023
16047,-14.70683,-67.55046,2023-11-15,n,2023
16048,-14.75014,-67.44778,2023-11-15,n,2023
16049,-14.751,-67.44801,2023-11-15,n,2023
16050,-14.75382,-67.45229,2023-11-15,n,2023
16051,-14.75438,-67.44858,2023-11-15,n,2023
16052,-14.76623,-67.46189,2023-11-15,n,2023
16053,-14.76906,-67.46613,2023-11-15,n,2023
16054,-14.77919,-67.46777,2023-11-15,n,2023
16055,-14.80055,-67.44096,2023-11-15,n,2023
16056,-14.79836,-67.47841,2023-11-15,n,2023
16057,-14.80337,-67.44523,2023-11-15,n,2023
16058,-14.80393,-67.4415,2023-11-15,n,2023
16059,-14.80173,-67.47897,2023-11-15,n,2023
16060,-14.80675,-67.44578,2023-11-15,n,2023
16061,-14.80566,-67.47587,2023-11-15,n,2023
16062,-14.80511,-67.47954,2023-11-15,n,2023
16063,-14.81069,-67.44259,2023-11-15,n,2023
16064,-14.80904,-67.47643,2023-11-15,n,2023
16065,-14.81407,-67.44314,2023-11-15,n,2023
16066,-14.81241,-67.477,2023-11-15,n,2023
16067,-14.81297,-67.47331,2023-11-15,n,2023
16068,-14.81971,-67.45168,2023-11-15,n,2023
16069,-14.81635,-67.47384,2023-11-15,n,2023
16070,-14.82027,-67.44796,2023-11-15,n,2023
16071,-14.8203,-67.47066,2023-11-15,n,2023
16072,-14.82086,-67.46699,2023-11-15,n,2023
16073,-14.82253,-67.45589,2023-11-15,n,2023
16074,-14.8231,-67.45219,2023-11-15,n,2023
16075,-14.8248,-67.46379,2023-11-15,n,2023
16076,-14.82536,-67.46009,2023-11-15,n,2023
16077,-15.04581,-67.61284,2023-11-15,n,2023
16078,-15.04635,-67.60927,2023-11-15,n,2023
16079,-15.04946,-67.77667,2023-11-15,n,2023
16080,-14.81709,-67.47307,2023-11-15,n,2023
16081,-14.81312,-67.47385,2023-11-15,n,2023
16082,-14.81401,-67.47904,2023-11-15,n,2023
16083,-14.80362,-67.44263,2023-11-15,n,2023
16084,-14.81002,-67.47968,2023-11-15,n,2023
16085,-14.80602,-67.48028,2023-11-15,n,2023
16086,-14.79711,-67.47626,2023-11-15,n,2023
16087,-14.76553,-67.46011,2023-11-15,n,2023
16088,-14.76059,-67.45543,2023-11-15,n,2023
16089,-14.75375,-67.43996,2023-11-15,n,2023
16090,-14.75566,-67.45078,2023-11-15,n,2023
16091,-14.7566,-67.45613,2023-11-15,n,2023
16092,-14.74975,-67.44064,2023-11-15,n,2023
16093,-14.75071,-67.44604,2023-11-15,n,2023
16094,-14.75166,-67.45146,2023-11-15,n,2023
16095,-14.80146,-68.31333,2023-11-15,n,2023
16096,-14.7985,-68.31876,2023-11-15,n,2023
16097,-14.71072,-68.34898,2023-11-15,n,2023
16098,-14.58799,-68.46809,2023-11-15,n,2023
16099,-14.5474,-68.54862,2023-11-15,n,2023
16100,-14.82851,-67.45806,2023-11-15,n,2023
16101,-14.82268,-67.44845,2023-11-15,n,2023
16102,-14.82363,-67.45376,2023-11-15,n,2023
16103,-14.82457,-67.45899,2023-11-15,n,2023
16104,-14.81872,-67.44929,2023-11-15,n,2023
16105,-14.82247,-67.47023,2023-11-15,n,2023
16106,-14.82628,-67.45485,2023-11-15,n,2023
16107,-14.82718,-67.46009,2023-11-15,n,2023
16108,-14.82142,-67.4505,2023-11-15,n,2023
16109,-14.82233,-67.45581,2023-11-15,n,2023
16110,-14.82105,-67.47226,2023-11-15,n,2023
16111,-14.81159,-67.44115,2023-11-15,n,2023
16112,-15.04319,-67.7795,2023-11-16,n,2023
16113,-15.05008,-67.7394,2023-11-16,n,2023
16114,-15.05084,-67.73499,2023-11-16,n,2023
16115,-15.0469,-67.78007,2023-11-16,n,2023
16116,-15.05141,-67.77596,2023-11-16,n,2023
16117,-15.05445,-67.75824,2023-11-16,n,2023
16118,-14.98596,-68.43996,2023-11-16,n,2023
16119,-14.65685,-67.8457,2023-11-16,n,2023
16120,-14.7084,-67.54994,2023-11-16,n,2023
16121,-14.65991,-67.85017,2023-11-16,n,2023
16122,-14.66063,-67.84609,2023-11-16,n,2023
16123,-14.74846,-67.44902,2023-11-16,n,2023
16124,-14.74772,-67.45335,2023-11-16,n,2023
16125,-14.7492,-67.44469,2023-11-16,n,2023
16126,-14.74994,-67.44038,2023-11-16,n,2023
16127,-14.75069,-67.43607,2023-11-16,n,2023
16128,-14.75137,-67.45396,2023-11-16,n,2023
16129,-14.75434,-67.43668,2023-11-16,n,2023
16130,-14.75428,-67.45895,2023-11-16,n,2023
16131,-14.75502,-67.45459,2023-11-16,n,2023
16132,-14.75793,-67.45959,2023-11-16,n,2023
16133,-14.76158,-67.46021,2023-11-16,n,2023
16134,-14.76448,-67.46523,2023-11-16,n,2023
16135,-14.76738,-67.47029,2023-11-16,n,2023
16136,-14.76814,-67.46587,2023-11-16,n,2023
16137,-14.78199,-67.47288,2023-11-16,n,2023
16138,-14.78563,-67.47355,2023-11-16,n,2023
16139,-14.78928,-67.47421,2023-11-16,n,2023
16140,-14.79294,-67.47487,2023-11-16,n,2023
16141,-14.79584,-67.4799,2023-11-16,n,2023
16142,-14.80252,-67.44044,2023-11-16,n,2023
16143,-14.80616,-67.44109,2023-11-16,n,2023
16144,-14.79532,-67.47771,2023-11-16,n,2023
16145,-14.80221,-67.43835,2023-11-16,n,2023
16146,-14.80585,-67.439,2023-11-16,n,2023
16147,-14.8095,-67.43964,2023-11-16,n,2023
16148,-14.81314,-67.44028,2023-11-16,n,2023
16149,-14.81968,-67.44585,2023-11-16,n,2023
16150,-14.81726,-67.48141,2023-11-16,n,2023
16151,-14.81802,-67.47703,2023-11-16,n,2023
16152,-14.81878,-67.47265,2023-11-16,n,2023
16153,-14.82332,-67.44656,2023-11-16,n,2023
16154,-14.82619,-67.45164,2023-11-16,n,2023
16155,-14.82242,-67.47338,2023-11-16,n,2023
16156,-14.82318,-67.469,2023-11-16,n,2023
16157,-14.82394,-67.46463,2023-11-16,n,2023
16158,-14.82469,-67.46026,2023-11-16,n,2023
16159,-14.82545,-67.45594,2023-11-16,n,2023
16160,-14.82694,-67.44732,2023-11-16,n,2023
16161,-14.82681,-67.46976,2023-11-16,n,2023
16162,-14.82756,-67.46541,2023-11-16,n,2023
16163,-14.82831,-67.46107,2023-11-16,n,2023
16164,-14.82907,-67.45672,2023-11-16,n,2023
16165,-14.82981,-67.4524,2023-11-16,n,2023
16166,-15.05697,-67.75732,2023-11-16,n,2023
16167,-15.05364,-67.75785,2023-11-16,n,2023
16168,-15.02767,-67.60802,2023-11-16,n,2023
16169,-15.04968,-67.77682,2023-11-16,n,2023
16170,-15.04771,-67.77779,2023-11-16,n,2023
16171,-15.04385,-67.77474,2023-11-16,n,2023
16172,-15.03998,-67.7717,2023-11-16,n,2023
16173,-15.04051,-67.77528,2023-11-16,n,2023
16174,-14.80679,-67.39846,2023-11-16,n,2023
16175,-14.81603,-67.48132,2023-11-16,n,2023
16176,-14.8127,-67.48185,2023-11-16,n,2023
16177,-14.80937,-67.48238,2023-11-16,n,2023
16178,-14.79054,-67.47075,2023-11-16,n,2023
16179,-14.7872,-67.47128,2023-11-16,h,2023
16180,-14.78469,-67.46867,2023-11-16,n,2023
16181,-14.78523,-67.47225,2023-11-16,n,2023
16182,-14.7819,-67.47278,2023-11-16,n,2023
16183,-14.78244,-67.47636,2023-11-16,n,2023
16184,-14.76204,-67.43198,2023-11-16,n,2023
16185,-14.76749,-67.46777,2023-11-16,n,2023
16186,-14.75871,-67.43253,2023-11-16,n,2023
16187,-14.75586,-67.45865,2023-11-16,n,2023
16188,-14.74926,-67.4377,2023-11-16,n,2023
16189,-14.75035,-67.44486,2023-11-16,n,2023
16190,-14.75199,-67.4556,2023-11-16,n,2023
16191,-14.75253,-67.45918,2023-11-16,n,2023
16192,-14.74702,-67.4454,2023-11-16,n,2023
16193,-14.74757,-67.44898,2023-11-16,n,2023
16194,-14.74811,-67.45256,2023-11-16,n,2023
16195,-14.74866,-67.45615,2023-11-16,n,2023
16196,-14.83625,-68.33293,2023-11-16,n,2023
16197,-14.83291,-68.33344,2023-11-16,l,2023
16198,-14.70098,-68.55446,2023-11-16,n,2023
16199,-14.60828,-68.4514,2023-11-16,n,2023
16200,-14.6232,-68.55188,2023-11-16,n,2023
16201,-14.61432,-68.53826,2023-11-16,n,2023
16202,-14.6054,-68.73267,2023-11-16,n,2023
16203,-14.60152,-68.72962,2023-11-16,n,2023
16204,-14.60205,-68.73323,2023-11-16,n,2023
16205,-14.6056,-68.80413,2023-11-16,n,2023
16206,-14.57685,-68.67867,2023-11-16,n,2023
16207,-14.5457,-68.49085,2023-11-16,n,2023
16208,-14.54624,-68.49451,2023-11-16,n,2023
16209,-14.54235,-68.49138,2023-11-16,n,2023
16210,-14.5429,-68.49504,2023-11-16,n,2023
16211,-14.55388,-68.68592,2023-11-16,n,2023
16212,-14.84752,-67.40524,2023-11-17,l,2023
16213,-14.83402,-67.4527,2023-11-17,l,2023
16214,-14.76423,-67.46773,2023-11-17,l,2023
16215,-14.75577,-67.43333,2023-11-17,l,2023
16216,-14.76032,-67.46832,2023-11-17,l,2023
16217,-14.72212,-67.59634,2023-11-17,l,2023
16218,-14.70939,-67.5609,2023-11-17,l,2023
16219,-14.70104,-67.58877,2023-11-17,n,2023
16220,-14.70172,-67.59389,2023-11-17,l,2023
16221,-14.69777,-67.59444,2023-11-17,l,2023
16222,-14.68921,-67.5904,2023-11-17,l,2023
16223,-14.68527,-67.59093,2023-11-17,l,2023
16224,-14.77363,-68.50941,2023-11-17,n,2023
16225,-14.77251,-68.50941,2023-11-17,n,2023
16226,-14.77301,-68.51321,2023-11-17,n,2023
16227,-14.76884,-68.51382,2023-11-17,n,2023
16228,-14.62417,-68.54986,2023-11-17,n,2023
16229,-14.62039,-68.62009,2023-11-17,n,2023
16230,-14.4058,-68.5507,2023-11-17,n,2023
16231,-14.38864,-68.54915,2023-11-17,n,2023
16232,-14.68905,-67.5858,2023-11-18,n,2023
16233,-14.69693,-67.58132,2023-11-18,n,2023
16234,-14.71294,-67.57109,2023-11-18,n,2023
16235,-14.71951,-67.57275,2023-11-18,n,2023
16236,-14.69372,-67.58167,2023-11-18,n,2023
16237,-14.69513,-67.5753,2023-11-18,n,2023
16238,-14.70035,-67.58302,2023-11-18,n,2023
16239,-14.71639,-67.57307,2023-11-18,n,2023
16240,-14.72295,-67.57471,2023-11-18,n,2023
16241,-15.05579,-67.60477,2023-11-18,n,2023
16242,-15.05646,-67.61107,2023-11-18,n,2023
16243,-15.05506,-67.60598,2023-11-18,h,2023
16244,-15.0558,-67.61237,2023-11-18,n,2023
16245,-15.0501,-67.61075,2023-11-18,n,2023
16246,-15.04358,-67.60191,2023-11-18,h,2023
16247,-15.06354,-67.77686,2023-11-18,n,2023
16248,-14.84859,-67.44601,2023-11-18,n,2023
16249,-14.84286,-67.44343,2023-11-18,n,2023
16250,-14.84323,-67.44675,2023-11-18,n,2023
16251,-14.8436,-67.45013,2023-11-18,n,2023
16252,-14.84398,-67.45352,2023-11-18,n,2023
16253,-14.84435,-67.4569,2023-11-18,n,2023
16254,-14.83935,-67.46095,2023-11-18,n,2023
16255,-14.82526,-67.43156,2023-11-18,n,2023
16256,-14.84649,-67.44736,2023-11-18,n,2023
16257,-14.84074,-67.44478,2023-11-18,h,2023
16258,-14.84193,-67.45487,2023-11-18,n,2023
16259,-14.84233,-67.45824,2023-11-18,n,2023
16260,-14.82265,-67.42951,2023-11-18,n,2023
16261,-14.78556,-67.4855,2023-11-18,n,2023
16262,-14.85169,-68.3896,2023-11-18,h,2023
16263,-14.85209,-68.39327,2023-11-18,n,2023
16264,-14.74275,-67.44343,2023-11-18,n,2023
16265,-14.75449,-67.54927,2023-11-18,n,2023
16266,-14.75528,-67.55644,2023-11-18,n,2023
16267,-14.75567,-67.56002,2023-11-18,n,2023
16268,-14.75409,-67.54564,2023-11-18,l,2023
16269,-14.74868,-67.54617,2023-11-18,h,2023
16270,-14.74946,-67.55324,2023-11-18,h,2023
16271,-14.75105,-67.5677,2023-11-18,h,2023
16272,-14.75145,-67.57133,2023-11-18,h,2023
16273,-14.74828,-67.54258,2023-11-18,n,2023
16274,-14.74906,-67.5497,2023-11-18,n,2023
16275,-14.74985,-67.55682,2023-11-18,n,2023
16276,-14.75065,-67.56406,2023-11-18,n,2023
16277,-14.75025,-67.56042,2023-11-18,l,2023
16278,-14.74403,-67.55363,2023-11-18,h,2023
16279,-14.74246,-67.53935,2023-11-18,n,2023
16280,-14.74365,-67.55015,2023-11-18,n,2023
16281,-14.74442,-67.55717,2023-11-18,n,2023
16282,-14.74521,-67.56438,2023-11-18,n,2023
16283,-14.74561,-67.56802,2023-11-18,n,2023
16284,-14.74601,-67.57169,2023-11-18,n,2023
16285,-14.74326,-67.54665,2023-11-18,l,2023
16286,-14.73825,-67.55078,2023-11-18,h,2023
16287,-14.73903,-67.55798,2023-11-18,h,2023
16288,-14.73943,-67.56157,2023-11-18,h,2023
16289,-14.73982,-67.56512,2023-11-18,h,2023
16290,-14.73624,-67.53246,2023-11-18,n,2023
16291,-14.73745,-67.54348,2023-11-18,n,2023
16292,-14.73785,-67.54717,2023-11-18,n,2023
16293,-14.73864,-67.55437,2023-11-18,n,2023
16294,-14.7402,-67.56868,2023-11-18,n,2023
16295,-14.74061,-67.57233,2023-11-18,n,2023
16296,-14.74573,-67.61924,2023-11-18,n,2023
16297,-14.74611,-67.62271,2023-11-18,n,2023
16298,-14.73364,-67.55866,2023-11-18,h,2023
16299,-14.73442,-67.56585,2023-11-18,h,2023
16300,-14.73481,-67.56942,2023-11-18,h,2023
16301,-14.73521,-67.57313,2023-11-18,h,2023
16302,-14.7403,-67.61987,2023-11-18,h,2023
16303,-14.73085,-67.5331,2023-11-18,n,2023
16304,-14.73122,-67.5365,2023-11-18,n,2023
16305,-14.73324,-67.55503,2023-11-18,n,2023
16306,-14.73403,-67.56227,2023-11-18,n,2023
16307,-14.73563,-67.57697,2023-11-18,n,2023
16308,-14.73605,-67.58083,2023-11-18,n,2023
16309,-14.75152,-67.54485,2023-11-18,h,2023
16310,-14.74106,-67.45628,2023-11-18,n,2023
16311,-14.74146,-67.45962,2023-11-18,n,2023
16312,-14.75195,-67.54844,2023-11-18,n,2023
16313,-14.75237,-67.55202,2023-11-18,n,2023
16314,-14.75322,-67.55923,2023-11-18,n,2023
16315,-14.75406,-67.56639,2023-11-18,n,2023
16316,-14.75448,-67.56994,2023-11-18,n,2023
16317,-14.75279,-67.55564,2023-11-18,l,2023
16318,-14.74693,-67.5523,2023-11-18,h,2023
16319,-14.74862,-67.5667,2023-11-18,h,2023
16320,-14.74652,-67.54884,2023-11-18,n,2023
16321,-14.74734,-67.55583,2023-11-18,n,2023
16322,-14.74819,-67.56307,2023-11-18,n,2023
16323,-14.74905,-67.57036,2023-11-18,n,2023
16324,-14.74611,-67.54534,2023-11-18,l,2023
16325,-14.74777,-67.55943,2023-11-18,l,2023
16326,-14.74111,-67.54937,2023-11-18,h,2023
16327,-14.74194,-67.55644,2023-11-18,h,2023
16328,-14.74236,-67.56002,2023-11-18,h,2023
16329,-14.73898,-67.53114,2023-11-18,n,2023
16330,-14.7394,-67.53475,2023-11-18,n,2023
16331,-14.73983,-67.53842,2023-11-18,n,2023
16332,-14.74027,-67.54214,2023-11-18,n,2023
16333,-14.7407,-67.54582,2023-11-18,n,2023
16334,-14.74153,-67.55289,2023-11-18,n,2023
16335,-14.7432,-67.56718,2023-11-18,n,2023
16336,-14.74362,-67.57079,2023-11-18,n,2023
16337,-14.73613,-67.55357,2023-11-18,h,2023
16338,-14.73739,-67.56435,2023-11-18,h,2023
16339,-14.7378,-67.56788,2023-11-18,h,2023
16340,-14.73867,-67.5753,2023-11-18,h,2023
16341,-14.74369,-67.61832,2023-11-18,h,2023
16342,-14.73358,-67.53176,2023-11-18,n,2023
16343,-14.73399,-67.5352,2023-11-18,n,2023
16344,-14.73571,-67.54995,2023-11-18,n,2023
16345,-14.73656,-67.55719,2023-11-18,n,2023
16346,-14.73698,-67.56079,2023-11-18,n,2023
16347,-14.73823,-67.5715,2023-11-18,n,2023
16348,-14.74409,-67.6218,2023-11-18,n,2023
16349,-14.72858,-67.53574,2023-11-18,h,2023
16350,-14.73116,-67.55783,2023-11-18,h,2023
16351,-14.73241,-67.5686,2023-11-18,h,2023
16352,-14.73284,-67.57227,2023-11-18,h,2023
16353,-14.72274,-67.48562,2023-11-18,n,2023
16354,-14.7282,-67.53244,2023-11-18,n,2023
16355,-14.73158,-67.56144,2023-11-18,n,2023
16356,-14.732,-67.56504,2023-11-18,n,2023
16357,-14.73328,-67.57605,2023-11-18,n,2023
16358,-14.73373,-67.57987,2023-11-18,n,2023
16359,-14.71738,-67.48633,2023-11-18,h,2023
16360,-14.71776,-67.48962,2023-11-18,h,2023
16361,-14.72321,-67.53646,2023-11-18,h,2023
16362,-14.72618,-67.56207,2023-11-18,h,2023
16363,-14.72745,-67.57302,2023-11-18,h,2023
16364,-14.717,-67.48306,2023-11-18,n,2023
16365,-14.72361,-67.53992,2023-11-18,n,2023
16366,-14.72533,-67.55474,2023-11-18,n,2023
16367,-14.72576,-67.55842,2023-11-18,n,2023
16368,-14.7266,-67.5657,2023-11-18,n,2023
16369,-14.72789,-67.57677,2023-11-18,n,2023
16370,-14.72832,-67.58056,2023-11-18,n,2023
16371,-14.71203,-67.48716,2023-11-18,h,2023
16372,-14.71165,-67.48388,2023-11-18,n,2023
16373,-14.71242,-67.4905,2023-11-18,n,2023
16374,-14.71281,-67.49387,2023-11-18,n,2023
16375,-14.71824,-67.54078,2023-11-18,n,2023
16376,-14.71864,-67.54426,2023-11-18,n,2023
16377,-14.72078,-67.5627,2023-11-18,n,2023
16378,-14.70746,-67.49475,2023-11-18,h,2023
16379,-14.70785,-67.49811,2023-11-18,n,2023
16380,-14.71498,-67.55988,2023-11-18,n,2023
16381,-14.69979,-67.47544,2023-11-18,n,2023
16382,-14.70018,-67.47887,2023-11-18,n,2023
16383,-14.7021,-67.49553,2023-11-18,n,2023
16384,-14.70248,-67.49881,2023-11-18,n,2023
16385,-14.71042,-67.56784,2023-11-18,n,2023
16386,-14.69747,-67.50258,2023-11-18,h,2023
16387,-14.69482,-67.47952,2023-11-18,n,2023
16388,-14.6971,-67.49937,2023-11-18,n,2023
16389,-14.69785,-67.50591,2023-11-18,n,2023
16390,-14.69209,-67.50323,2023-11-18,h,2023
16391,-14.69248,-67.50662,2023-11-18,h,2023
16392,-14.70008,-67.57313,2023-11-18,h,2023
16393,-14.70051,-67.57687,2023-11-18,n,2023
16394,-14.68673,-67.50399,2023-11-18,n,2023
16395,-14.68712,-67.50741,2023-11-18,n,2023
16396,-14.69514,-67.57779,2023-11-18,n,2023
16397,-14.68688,-67.55329,2023-11-18,h,2023
16398,-14.68102,-67.50173,2023-11-18,n,2023
16399,-14.67604,-67.50585,2023-11-18,n,2023
16400,-14.68552,-67.58961,2023-11-18,n,2023
16401,-14.68591,-67.59306,2023-11-18,n,2023
16402,-14.67069,-67.50671,2023-11-18,n,2023
16403,-14.67737,-67.56594,2023-11-18,n,2023
16404,-14.66774,-67.57764,2023-11-18,n,2023
16405,-14.66813,-67.58108,2023-11-18,n,2023
16406,-14.66233,-67.57823,2023-11-18,n,2023
16407,-14.65191,-67.58296,2023-11-18,n,2023
16408,-14.6505,-67.58427,2023-11-18,n,2023
16409,-14.71731,-68.45787,2023-11-18,n,2023
16410,-14.71778,-68.46202,2023-11-18,n,2023
16411,-14.71156,-68.45825,2023-11-18,h,2023
16412,-14.71196,-68.46187,2023-11-18,n,2023
16413,-14.26892,-68.04934,2023-11-18,n,2023
16414,-14.26338,-68.05002,2023-11-18,n,2023
16415,-14.26454,-68.04878,2023-11-18,n,2023
16416,-14.85495,-67.43729,2023-11-19,n,2023
16417,-14.85978,-67.4379,2023-11-19,n,2023
16418,-14.64952,-67.58969,2023-11-20,n,2023
16419,-14.67157,-67.51313,2023-11-20,n,2023
16420,-14.67513,-67.51375,2023-11-20,n,2023
16421,-14.67453,-67.5179,2023-11-20,n,2023
16422,-14.67808,-67.51851,2023-11-20,n,2023
16423,-14.67868,-67.51438,2023-11-20,n,2023
16424,-14.68164,-67.51908,2023-11-20,n,2023
16425,-14.68225,-67.51492,2023-11-20,n,2023
16426,-14.68643,-67.51128,2023-11-20,n,2023
16427,-14.68999,-67.51183,2023-11-20,n,2023
16428,-14.69356,-67.51242,2023-11-20,n,2023
16429,-14.69712,-67.51301,2023-11-20,n,2023
16430,-14.70007,-67.51774,2023-11-20,n,2023
16431,-14.70068,-67.5136,2023-11-20,n,2023
16432,-14.70364,-67.51829,2023-11-20,n,2023
16433,-14.70424,-67.51417,2023-11-20,n,2023
16434,-14.7072,-67.51883,2023-11-20,n,2023
16435,-14.70781,-67.5147,2023-11-20,n,2023
16436,-14.70212,-67.51637,2023-11-20,n,2023
16437,-14.70568,-67.51692,2023-11-20,n,2023
16438,-14.70925,-67.51748,2023-11-20,n,2023
16439,-14.70984,-67.51333,2023-11-20,n,2023
16440,-14.70985,-67.53886,2023-11-20,n,2023
16441,-14.71341,-67.51389,2023-11-20,n,2023
16442,-14.714,-67.5097,2023-11-20,n,2023
16443,-14.71519,-67.52696,2023-11-20,n,2023
16444,-14.71757,-67.51028,2023-11-20,n,2023
16445,-14.71341,-67.53946,2023-11-20,n,2023
16446,-14.714,-67.53532,2023-11-20,n,2023
16447,-14.71697,-67.51446,2023-11-20,n,2023
16448,-14.71935,-67.52336,2023-11-20,n,2023
16449,-14.72113,-67.51086,2023-11-20,h,2023
16450,-14.72173,-67.50665,2023-11-20,n,2023
16451,-14.71875,-67.52754,2023-11-20,n,2023
16452,-14.72291,-67.52396,2023-11-20,n,2023
16453,-14.72351,-67.51978,2023-11-20,n,2023
16454,-14.7253,-67.50723,2023-11-20,n,2023
16455,-14.72947,-67.47795,2023-11-20,n,2023
16456,-14.72647,-67.52455,2023-11-20,n,2023
16457,-14.72886,-67.50781,2023-11-20,n,2023
16458,-14.68181,-67.83527,2023-11-20,n,2023
16459,-14.72707,-67.52036,2023-11-20,n,2023
16460,-14.72945,-67.50367,2023-11-20,n,2023
16461,-14.73304,-67.47852,2023-11-20,n,2023
16462,-14.73364,-67.47433,2023-11-20,n,2023
16463,-14.73063,-67.52094,2023-11-20,n,2023
16464,-14.73243,-67.50839,2023-11-20,n,2023
16465,-14.73302,-67.50423,2023-11-20,n,2023
16466,-14.73003,-67.52514,2023-11-20,n,2023
16467,-14.73362,-67.50005,2023-11-20,n,2023
16468,-14.73602,-67.48328,2023-11-20,n,2023
16469,-14.73661,-67.4791,2023-11-20,n,2023
16470,-14.7342,-67.5215,2023-11-20,n,2023
16471,-14.73839,-67.49221,2023-11-20,n,2023
16472,-14.73899,-67.48804,2023-11-20,n,2023
16473,-14.73776,-67.52208,2023-11-20,n,2023
16474,-14.73836,-67.5179,2023-11-20,n,2023
16475,-14.74256,-67.48862,2023-11-20,n,2023
16476,-14.74376,-67.48021,2023-11-20,n,2023
16477,-14.74673,-67.48499,2023-11-20,n,2023
16478,-14.74548,-67.51915,2023-11-20,n,2023
16479,-14.75321,-67.51612,2023-11-20,n,2023
16480,-14.7538,-67.51198,2023-11-20,n,2023
16481,-14.75737,-67.51253,2023-11-20,n,2023
16482,-14.76513,-67.5094,2023-11-20,n,2023
16483,-14.76036,-67.56752,2023-11-20,n,2023
16484,-14.76391,-67.56815,2023-11-20,n,2023
16485,-14.76744,-67.56888,2023-11-20,n,2023
16486,-14.76806,-67.56465,2023-11-20,n,2023
16487,-14.7716,-67.56534,2023-11-20,n,2023
16488,-14.77221,-67.5611,2023-11-20,n,2023
16489,-14.7716,-67.59033,2023-11-20,n,2023
16490,-14.77575,-67.56178,2023-11-20,n,2023
16491,-14.78602,-67.4912,2023-11-20,n,2023
16492,-14.77104,-67.59415,2023-11-20,n,2023
16493,-14.77637,-67.55759,2023-11-20,n,2023
16494,-14.77991,-67.55824,2023-11-20,n,2023
16495,-14.77516,-67.59084,2023-11-20,n,2023
16496,-14.7896,-67.49172,2023-11-20,n,2023
16497,-14.78408,-67.55465,2023-11-20,n,2023
16498,-14.77871,-67.59142,2023-11-20,n,2023
16499,-14.78345,-67.55893,2023-11-20,n,2023
16500,-14.78227,-67.59195,2023-11-20,n,2023
16501,-14.78762,-67.55532,2023-11-20,n,2023
16502,-14.78825,-67.55106,2023-11-20,n,2023
16503,-14.78641,-67.58857,2023-11-20,n,2023
16504,-14.78699,-67.58457,2023-11-20,n,2023
16505,-14.7918,-67.55172,2023-11-20,n,2023
16506,-14.79242,-67.54745,2023-11-20,n,2023
16507,-14.7978,-67.53561,2023-11-20,n,2023
16508,-14.79236,-67.59759,2023-11-20,n,2023
16509,-14.79294,-67.59367,2023-11-20,n,2023
16510,-14.79352,-67.58965,2023-11-20,n,2023
16511,-14.79591,-67.59818,2023-11-20,n,2023
16512,-14.79649,-67.59421,2023-11-20,n,2023
16513,-14.79708,-67.59021,2023-11-20,n,2023
16514,-14.7989,-67.60264,2023-11-20,n,2023
16515,-14.79948,-67.59869,2023-11-20,n,2023
16516,-14.79798,-67.60181,2023-11-20,n,2023
16517,-14.79854,-67.59786,2023-11-20,n,2023
16518,-14.96907,-67.66542,2023-11-20,n,2023
16519,-14.9726,-67.66617,2023-11-20,n,2023
16520,-14.53347,-68.6744,2023-11-20,n,2023
16521,-14.53402,-68.67749,2023-11-20,n,2023
16522,-14.52748,-68.66442,2023-11-20,n,2023
16523,-14.46049,-68.53141,2023-11-21,n,2023
16524,-15.33001,-68.06021,2023-11-22,n,2023
16525,-14.56485,-68.65002,2023-11-22,n,2023
16526,-14.4921,-68.50945,2023-11-22,n,2023
16527,-14.46072,-68.53342,2023-11-22,n,2023
16528,-14.45566,-68.52451,2023-11-22,n,2023
16529,-14.41665,-68.54964,2023-11-22,l,2023
16530,-14.3915,-68.47602,2023-11-22,n,2023
16531,-14.30264,-68.44109,2023-11-22,n,2023
16532,-15.17349,-67.87705,2023-11-23,n,2023
16533,-15.24273,-67.71215,2023-11-23,l,2023
16534,-15.23774,-67.71233,2023-11-23,n,2023
16535,-15.24152,-67.70857,2023-11-23,n,2023
16536,-15.24222,-67.71433,2023-11-23,n,2023
16537,-15.23724,-67.71458,2023-11-23,n,2023
16538,-15.17554,-67.87495,2023-11-23,n,2023
16539,-15.17515,-67.87546,2023-11-23,n,2023
16540,-14.95004,-68.42053,2023-11-23,n,2023
16541,-14.605,-68.55211,2023-11-23,n,2023
16542,-14.49368,-68.50976,2023-11-23,n,2023
16543,-14.51626,-68.50486,2023-11-28,n,2023
16544,-14.63846,-68.49784,2023-11-30,n,2023
16545,-14.50682,-68.63641,2023-11-30,n,2023
16546,-14.50727,-68.63876,2023-11-30,n,2023
16547,-14.45507,-68.53036,2023-11-30,n,2023
16548,-15.02945,-68.3153,2023-12-02,n,2023
16549,-14.74767,-67.62646,2023-12-02,n,2023
16550,-14.58082,-68.42161,2023-12-10,n,2023
16551,-15.21289,-67.69083,2023-12-13,n,2023
16552,-14.55635,-68.49564,2023-12-13,l,2023
16553,-14.54876,-68.46748,2023-12-13,n,2023
16554,-14.55287,-68.49628,2023-12-13,n,2023
16555,-14.54527,-68.46801,2023-12-13,n,2023
16556,-14.5062,-68.57108,2023-12-13,l,2023
16557,-15.20545,-67.69295,2023-12-24,n,2023
16558,-15.20685,-67.69557,2023-12-25,n,2023
16559,-14.38712,-68.54776,2023-12-28,n,2023
16560,-15.08402,-67.71517,2024-01-07,n,2024
16561,-15.20451,-68.16071,2024-01-08,n,2024
16562,-14.87368,-68.55167,2024-01-08,n,2024
16563,-14.87035,-68.5522,2024-01-08,n,2024
16564,-14.83031,-68.55869,2024-01-08,n,2024
16565,-14.83087,-68.56229,2024-01-08,n,2024
16566,-14.82698,-68.55925,2024-01-08,n,2024
16567,-14.82754,-68.56284,2024-01-08,l,2024
16568,-14.79014,-68.51057,2024-01-08,n,2024
16569,-14.63155,-68.40759,2024-01-08,n,2024
16570,-14.32713,-68.55738,2024-01-08,n,2024
16571,-14.32379,-68.55795,2024-01-08,n,2024
16572,-14.32436,-68.56159,2024-01-08,n,2024
16573,-14.74988,-68.53711,2024-01-09,n,2024
16574,-14.71945,-68.56988,2024-01-09,n,2024
16575,-14.71977,-68.5678,2024-01-09,n,2024
16576,-14.22232,-68.54935,2024-01-12,n,2024
16577,-14.21785,-68.55096,2024-01-12,h,2024
16578,-14.21867,-68.55538,2024-01-12,n,2024
16579,-14.54693,-68.60589,2024-02-08,n,2024
16580,-14.30202,-68.52018,2024-02-08,n,2024
16581,-14.89785,-68.54366,2024-03-12,n,2024
16582,-14.62041,-68.27062,2024-03-13,n,2024
16583,-15.00212,-68.04206,2024-03-13,n,2024
16584,-14.82121,-68.51511,2024-03-13,n,2024
16585,-14.39693,-68.54704,2024-03-16,n,2024
16586,-14.52032,-68.54373,2024-04-21,n,2024
16587,-14.52097,-68.54978,2024-04-21,n,2024
16588,-14.81179,-68.30243,2024-04-23,n,2024
16589,-14.6788,-68.28212,2024-04-26,n,2024
16590,-14.6804,-68.28211,2024-04-26,n,2024
16591,-15.08851,-67.68684,2024-04-29,n,2024
16592,-14.84953,-68.25368,2024-04-29,n,2024
16593,-14.87112,-68.39258,2024-04-29,n,2024
16594,-14.86834,-68.39681,2024-04-29,n,2024
16595,-14.8976,-68.32648,2024-05-10,n,2024
16596,-14.30447,-68.54308,2024-06-04,n,2024
16597,-14.30497,-68.54135,2024-06-04,n,2024
16598,-14.4708,-69.07376,2024-06-05,n,2024
16599,-14.47549,-69.06662,2024-06-05,n,2024
16600,-14.47426,-69.07412,2024-06-05,n,2024
16601,-14.47893,-69.06703,2024-06-05,n,2024
16602,-14.48173,-69.07135,2024-06-05,n,2024
16603,-14.48233,-69.06772,2024-06-05,n,2024
16604,-14.48359,-69.0696,2024-06-05,n,2024
16605,-14.47878,-69.05997,2024-06-06,n,2024
16606,-14.47953,-69.05585,2024-06-06,n,2024
16607,-14.4775,-69.05808,2024-06-06,n,2024
16608,-14.47829,-69.05393,2024-06-06,n,2024
16609,-14.66299,-68.51145,2024-06-06,n,2024
16610,-14.48392,-69.05224,2024-06-06,n,2024
16611,-14.47682,-69.05355,2024-06-06,n,2024
16612,-14.48434,-69.05184,2024-06-07,n,2024
16613,-14.96357,-68.28371,2024-06-07,n,2024
16614,-14.95843,-68.27992,2024-06-07,n,2024
16615,-14.95902,-68.28468,2024-06-07,n,2024
16616,-14.44159,-69.03553,2024-06-07,n,2024
16617,-14.48318,-69.03879,2024-06-08,n,2024
16618,-14.48837,-69.04053,2024-06-08,n,2024
16619,-14.73023,-68.48699,2024-06-08,n,2024
16620,-14.39285,-68.54671,2024-06-09,n,2024
16621,-14.86637,-68.41702,2024-06-09,l,2024
16622,-14.86813,-68.42603,2024-06-09,l,2024
16623,-14.86868,-68.42883,2024-06-09,n,2024
16624,-14.86265,-68.42487,2024-06-09,n,2024
16625,-14.39273,-68.54836,2024-06-10,n,2024
16626,-14.63125,-67.5552,2024-06-10,n,2024
16627,-14.71754,-68.43977,2024-06-22,n,2024
16628,-14.89705,-68.36191,2024-06-22,n,2024
16629,-14.71699,-68.43589,2024-06-22,n,2024
16630,-14.71349,-68.43643,2024-06-22,n,2024
16631,-14.3715,-68.56833,2024-06-26,n,2024
16632,-14.37206,-68.56477,2024-06-26,n,2024
16633,-14.7031,-68.24643,2024-06-28,n,2024
16634,-14.64499,-68.48299,2024-07-02,n,2024
16635,-14.77136,-68.36744,2024-07-04,n,2024
16636,-14.67299,-68.7139,2024-07-04,n,2024
16637,-14.5531,-68.55469,2024-07-17,n,2024
16638,-14.5538,-68.55854,2024-07-17,n,2024
16639,-14.55191,-68.55561,2024-07-17,n,2024
16640,-14.55258,-68.55945,2024-07-17,n,2024
16641,-14.47869,-68.6825,2024-07-18,n,2024
16642,-14.46869,-68.68423,2024-07-18,n,2024
16643,-14.4648,-68.68121,2024-07-18,l,2024
16644,-14.45868,-68.68588,2024-07-18,n,2024
16645,-14.94839,-68.36163,2024-07-19,n,2024
16646,-14.94466,-68.36228,2024-07-19,n,2024
16647,-14.94868,-68.36479,2024-07-19,n,2024
16648,-14.94494,-68.3654,2024-07-19,n,2024
16649,-14.73262,-67.60981,2024-07-19,n,2024
16650,-14.73319,-67.61404,2024-07-19,n,2024
16651,-14.73186,-67.61345,2024-07-19,n,2024
16652,-14.92629,-68.37589,2024-07-20,n,2024
16653,-14.9266,-68.3786,2024-07-20,n,2024
16654,-14.88927,-68.38747,2024-07-20,n,2024
16655,-14.61666,-68.58331,2024-07-20,n,2024
16656,-14.61522,-68.58361,2024-07-20,n,2024
16657,-14.54913,-68.55537,2024-07-20,h,2024
16658,-14.76969,-68.28204,2024-07-21,h,2024
16659,-14.76969,-68.28446,2024-07-21,h,2024
16660,-14.69441,-68.27299,2024-07-21,n,2024
16661,-14.69255,-68.26401,2024-07-21,n,2024
16662,-14.69347,-68.26845,2024-07-21,h,2024
16663,-14.6893,-68.2701,2024-07-21,n,2024
16664,-14.68832,-68.26551,2024-07-21,n,2024
16665,-14.69552,-68.26845,2024-07-21,n,2024
16666,-14.77016,-68.27998,2024-07-21,h,2024
16667,-14.77273,-68.27839,2024-07-21,h,2024
16668,-15.10763,-67.66148,2024-07-23,n,2024
16669,-14.98753,-68.17765,2024-07-23,n,2024
16670,-14.57307,-68.88633,2024-08-04,n,2024
16671,-14.7991,-68.43044,2024-08-04,l,2024
16672,-14.86935,-68.39228,2024-08-08,n,2024
16673,-14.88956,-68.30659,2024-08-09,n,2024
16674,-14.89376,-68.3071,2024-08-09,n,2024
16675,-14.89445,-68.30333,2024-08-09,n,2024
16676,-14.27458,-68.54616,2024-08-11,n,2024
16677,-15.04751,-67.72433,2024-08-12,n,2024
16678,-14.83997,-68.24602,2024-08-13,l,2024
16679,-14.87478,-68.42322,2024-08-14,n,2024
16680,-14.74527,-68.50674,2024-08-14,n,2024
16681,-14.88268,-68.1956,2024-08-15,n,2024
16682,-14.71968,-67.59406,2024-08-15,n,2024
16683,-14.79005,-68.43823,2024-08-15,n,2024
16684,-14.7421,-68.25895,2024-08-15,n,2024
16685,-14.74252,-68.26224,2024-08-15,n,2024
16686,-14.76054,-68.46986,2024-08-15,n,2024
16687,-14.74725,-68.44778,2024-08-15,l,2024
16688,-14.6952,-68.2748,2024-08-15,n,2024
16689,-14.83586,-68.39372,2024-08-16,n,2024
16690,-14.78452,-68.36862,2024-08-17,h,2024
16691,-14.77966,-68.37386,2024-08-17,h,2024
16692,-14.77883,-68.36984,2024-08-17,n,2024
16693,-14.77393,-68.37492,2024-08-17,n,2024
16694,-14.78301,-68.36686,2024-08-17,n,2024
16695,-14.78381,-68.37087,2024-08-17,n,2024
16696,-14.7846,-68.37482,2024-08-17,n,2024
16697,-14.77812,-68.37209,2024-08-17,h,2024
16698,-14.77891,-68.3761,2024-08-17,n,2024
16699,-14.73646,-68.25352,2024-08-17,h,2024
16700,-14.73745,-68.25845,2024-08-17,n,2024
16701,-14.73516,-68.252,2024-08-18,n,2024
16702,-14.73574,-68.24797,2024-08-18,n,2024
16703,-14.73922,-68.24847,2024-08-18,n,2024
16704,-14.06713,-68.87624,2024-08-18,n,2024
16705,-14.06777,-68.87996,2024-08-18,n,2024
16706,-14.90878,-68.41776,2024-08-18,n,2024
16707,-14.90468,-68.41892,2024-08-18,n,2024
16708,-14.85806,-68.28171,2024-08-18,n,2024
16709,-14.85377,-68.28207,2024-08-18,n,2024
16710,-14.85459,-68.2823,2024-08-18,n,2024
16711,-14.79345,-68.49683,2024-08-18,n,2024
16712,-14.79411,-68.50049,2024-08-18,n,2024
16713,-14.72973,-68.31266,2024-08-18,n,2024
16714,-14.7262,-68.31727,2024-08-18,n,2024
16715,-14.72035,-68.3176,2024-08-19,n,2024
16716,-14.72947,-68.32769,2024-08-19,n,2024
16717,-14.7308,-68.34126,2024-08-19,n,2024
16718,-14.73222,-68.33279,2024-08-19,n,2024
16719,-14.73294,-68.32849,2024-08-19,n,2024
16720,-14.73291,-68.35025,2024-08-19,n,2024
16721,-14.7364,-68.35093,2024-08-19,n,2024
16722,-15.18721,-67.6809,2024-08-19,n,2024
16723,-15.18687,-67.68032,2024-08-19,n,2024
16724,-15.12547,-67.69067,2024-08-19,n,2024
16725,-15.12207,-67.69127,2024-08-19,n,2024
16726,-15.19541,-68.15611,2024-08-19,n,2024
16727,-15.13299,-68.20476,2024-08-19,n,2024
16728,-15.04814,-68.14771,2024-08-19,n,2024
16729,-14.95892,-68.33491,2024-08-19,l,2024
16730,-14.95557,-68.33547,2024-08-19,n,2024
16731,-14.95739,-68.36892,2024-08-19,n,2024
16732,-14.95403,-68.36945,2024-08-19,n,2024
16733,-14.73477,-68.35048,2024-08-19,n,2024
16734,-14.57673,-68.89302,2024-08-19,n,2024
16735,-14.15255,-68.83801,2024-08-19,n,2024
16736,-14.60458,-68.37452,2024-08-20,n,2024
16737,-14.93034,-68.33778,2024-08-20,n,2024
16738,-14.92661,-68.33825,2024-08-20,n,2024
16739,-14.92551,-68.33703,2024-08-20,n,2024
16740,-14.68655,-68.32973,2024-08-20,n,2024
16741,-14.68716,-68.33417,2024-08-20,n,2024
16742,-14.68344,-68.33459,2024-08-20,n,2024
16743,-14.68031,-68.33939,2024-08-20,n,2024
16744,-14.6766,-68.33994,2024-08-20,n,2024
16745,-14.49276,-68.51139,2024-08-20,n,2024
16746,-14.48901,-68.51188,2024-08-20,n,2024
16747,-14.69479,-68.54318,2024-08-21,n,2024
16748,-14.69708,-68.32821,2024-08-22,n,2024
16749,-14.70212,-68.32935,2024-08-22,n,2024
16750,-15.08945,-67.69125,2024-08-23,n,2024
16751,-15.08461,-67.69218,2024-08-23,h,2024
16752,-14.62883,-68.59659,2024-08-23,n,2024
16753,-14.62415,-68.59694,2024-08-23,n,2024
16754,-14.63152,-68.59719,2024-08-24,n,2024
16755,-14.6309,-68.601,2024-08-24,n,2024
16756,-14.63425,-68.6017,2024-08-24,n,2024
16757,-14.63399,-68.59876,2024-08-24,n,2024
16758,-14.63457,-68.60241,2024-08-24,n,2024
16759,-14.66441,-68.73927,2024-08-27,n,2024
16760,-15.13787,-68.31393,2024-08-28,n,2024
16761,-15.13682,-68.31364,2024-08-28,n,2024
16762,-14.89374,-68.52782,2024-08-29,n,2024
16763,-14.91,-68.2803,2024-08-29,n,2024
16764,-14.76133,-68.30042,2024-08-30,n,2024
16765,-14.76215,-68.29576,2024-08-30,n,2024
16766,-14.7651,-68.30116,2024-08-30,n,2024
16767,-15.09583,-68.09477,2024-08-30,n,2024
16768,-15.09637,-68.09836,2024-08-30,l,2024
16769,-15.09712,-68.28586,2024-08-30,n,2024
16770,-15.07457,-68.24905,2024-08-30,n,2024
16771,-15.0751,-68.25265,2024-08-30,n,2024
16772,-14.90941,-68.43035,2024-08-30,n,2024
16773,-14.7937,-68.33151,2024-08-30,n,2024
16774,-14.7909,-68.33562,2024-08-30,n,2024
16775,-14.76673,-68.28774,2024-08-30,n,2024
16776,-14.76287,-68.28468,2024-08-30,l,2024
16777,-14.7634,-68.28825,2024-08-30,n,2024
16778,-14.75781,-68.29644,2024-08-30,n,2024
16779,-14.75834,-68.30002,2024-08-30,n,2024
16780,-14.75888,-68.30359,2024-08-30,n,2024
16781,-14.75448,-68.29697,2024-08-30,n,2024
16782,-14.74623,-68.28727,2024-08-30,l,2024
16783,-14.7473,-68.29446,2024-08-30,n,2024
16784,-14.74836,-68.30162,2024-08-30,l,2024
16785,-14.7429,-68.28781,2024-08-30,l,2024
16786,-14.74397,-68.29499,2024-08-30,n,2024
16787,-14.65262,-68.3182,2024-08-31,n,2024
16788,-14.65784,-68.31877,2024-08-31,n,2024
16789,-14.82935,-68.43671,2024-08-31,n,2024
16790,-14.83011,-68.43288,2024-08-31,n,2024
16791,-14.75025,-68.31438,2024-08-31,n,2024
16792,-14.74567,-68.31114,2024-08-31,n,2024
16793,-14.74617,-68.31494,2024-08-31,n,2024
16794,-14.73563,-68.29797,2024-08-31,n,2024
16795,-14.62185,-68.18797,2024-08-31,n,2024
16796,-14.6339,-68.60004,2024-08-31,n,2024
16797,-14.63451,-68.60477,2024-08-31,n,2024
16798,-14.57627,-68.4117,2024-08-31,n,2024
16799,-14.85822,-68.38517,2024-08-31,n,2024
16800,-14.85873,-68.38903,2024-08-31,n,2024
16801,-15.32688,-68.05711,2024-08-31,n,2024
16802,-14.96754,-68.3351,2024-08-31,n,2024
16803,-14.37537,-68.49196,2024-09-01,n,2024
16804,-14.37445,-68.49628,2024-09-01,n,2024
16805,-14.72697,-68.28703,2024-09-02,n,2024
16806,-14.85595,-68.38526,2024-09-02,n,2024
16807,-14.6487,-68.50817,2024-09-02,h,2024
16808,-14.64698,-68.50747,2024-09-02,n,2024
16809,-14.64772,-68.51119,2024-09-02,n,2024
16810,-14.57611,-68.36041,2024-09-02,n,2024
16811,-14.57261,-68.37254,2024-09-02,h,2024
16812,-14.57187,-68.36886,2024-09-02,n,2024
16813,-14.56631,-68.3708,2024-09-02,n,2024
16814,-14.56703,-68.37439,2024-09-02,n,2024
16815,-14.55937,-68.36593,2024-09-02,h,2024
16816,-14.56008,-68.36943,2024-09-02,n,2024
16817,-14.56079,-68.37292,2024-09-02,n,2024
16818,-14.55089,-68.3659,2024-09-03,n,2024
16819,-14.55378,-68.37022,2024-09-03,n,2024
16820,-14.56486,-68.37824,2024-09-03,n,2024
16821,-14.93113,-68.45465,2024-09-03,n,2024
16822,-14.89088,-68.25549,2024-09-03,n,2024
16823,-14.86293,-68.24532,2024-09-03,n,2024
16824,-14.89666,-68.45377,2024-09-03,h,2024
16825,-14.89592,-68.44974,2024-09-03,n,2024
16826,-14.86316,-68.24517,2024-09-03,n,2024
16827,-14.8996,-68.45342,2024-09-03,n,2024
16828,-14.89472,-68.4501,2024-09-03,n,2024
16829,-14.87057,-68.43475,2024-09-03,n,2024
16830,-14.86643,-68.43568,2024-09-03,n,2024
16831,-14.74386,-68.27985,2024-09-03,n,2024
16832,-14.74449,-68.28344,2024-09-03,n,2024
16833,-14.73966,-68.28072,2024-09-03,n,2024
16834,-14.68869,-68.75257,2024-09-03,n,2024
16835,-14.68081,-68.75573,2024-09-03,n,2024
16836,-14.68144,-68.75929,2024-09-03,n,2024
16837,-14.64176,-68.63135,2024-09-03,n,2024
16838,-14.63765,-68.63216,2024-09-03,n,2024
16839,-14.56921,-68.34766,2024-09-03,n,2024
16840,-14.56994,-68.35166,2024-09-03,n,2024
16841,-14.56504,-68.34859,2024-09-03,n,2024
16842,-14.56579,-68.35273,2024-09-03,n,2024
16843,-14.56647,-68.35648,2024-09-03,n,2024
16844,-14.56712,-68.36005,2024-09-03,n,2024
16845,-14.56843,-68.3673,2024-09-03,n,2024
16846,-14.56162,-68.35366,2024-09-03,l,2024
16847,-14.56298,-68.36116,2024-09-03,n,2024
16848,-14.55884,-68.36223,2024-09-03,n,2024
16849,-14.55393,-68.35914,2024-09-03,l,2024
16850,-14.55471,-68.36337,2024-09-03,n,2024
16851,-14.55539,-68.36712,2024-09-03,n,2024
16852,-14.54969,-68.35971,2024-09-03,n,2024
16853,-14.55125,-68.36819,2024-09-03,n,2024
16854,-14.55784,-68.35442,2024-09-03,l,2024
16855,-14.55925,-68.36249,2024-09-03,n,2024
16856,-14.55439,-68.3595,2024-09-03,n,2024
16857,-14.55512,-68.36366,2024-09-03,n,2024
16858,-14.55016,-68.36009,2024-09-03,n,2024
16859,-14.55163,-68.36849,2024-09-03,n,2024
16860,-14.54672,-68.36523,2024-09-03,n,2024
16861,-14.37822,-68.49004,2024-09-03,n,2024
16862,-14.06859,-68.8725,2024-09-03,n,2024
16863,-14.54523,-68.36264,2024-09-04,n,2024
16864,-14.54588,-68.35876,2024-09-04,n,2024
16865,-14.54941,-68.35928,2024-09-04,n,2024
16866,-14.5536,-68.35593,2024-09-04,n,2024
16867,-14.55424,-68.35204,2024-09-04,n,2024
16868,-14.6922,-68.75694,2024-09-04,n,2024
16869,-14.80582,-68.35787,2024-09-04,n,2024
16870,-15.08382,-68.32926,2024-09-04,l,2024
16871,-15.02679,-68.45835,2024-09-04,n,2024
16872,-14.8695,-68.27637,2024-09-04,n,2024
16873,-14.86614,-68.27686,2024-09-04,n,2024
16874,-14.82279,-68.35141,2024-09-04,n,2024
16875,-14.82,-68.35558,2024-09-04,l,2024
16876,-14.81665,-68.35614,2024-09-04,l,2024
16877,-14.82927,-68.51366,2024-09-04,n,2024
16878,-14.79809,-68.51146,2024-09-04,n,2024
16879,-14.79475,-68.512,2024-09-04,n,2024
16880,-14.72782,-68.47852,2024-09-04,n,2024
16881,-14.69311,-68.75435,2024-09-04,n,2024
16882,-14.57343,-68.83326,2024-09-04,n,2024
16883,-14.56639,-68.34663,2024-09-04,n,2024
16884,-14.56246,-68.34347,2024-09-04,n,2024
16885,-14.5591,-68.34399,2024-09-04,n,2024
16886,-14.55968,-68.34771,2024-09-04,l,2024
16887,-14.56026,-68.35141,2024-09-04,l,2024
16888,-14.55354,-68.35241,2024-09-04,n,2024
16889,-14.54961,-68.34924,2024-09-04,n,2024
16890,-14.55018,-68.35294,2024-09-04,n,2024
16891,-14.54683,-68.35347,2024-09-04,n,2024
16892,-14.71434,-68.35577,2024-09-05,n,2024
16893,-14.57042,-68.34081,2024-09-05,n,2024
16894,-14.66828,-68.53075,2024-09-06,n,2024
16895,-14.66863,-68.53371,2024-09-06,n,2024
16896,-14.8404,-68.32928,2024-09-07,n,2024
16897,-14.83993,-68.33356,2024-09-07,n,2024
16898,-14.66511,-68.53403,2024-09-07,h,2024
16899,-14.66537,-68.5353,2024-09-07,h,2024
16900,-14.66468,-68.52853,2024-09-07,n,2024
16901,-14.63188,-68.28935,2024-09-07,n,2024
16902,-14.64015,-68.29752,2024-09-07,l,2024
16903,-14.63405,-68.28991,2024-09-07,n,2024
16904,-14.57784,-68.83837,2024-09-08,n,2024
16905,-14.57849,-68.83395,2024-09-08,n,2024
16906,-14.36922,-68.51846,2024-09-08,n,2024
16907,-14.82128,-68.38596,2024-09-09,n,2024
16908,-14.82464,-68.38651,2024-09-09,n,2024
16909,-15.07487,-68.10133,2024-09-09,n,2024
16910,-15.07821,-68.10188,2024-09-09,n,2024
16911,-15.18851,-67.68224,2024-09-09,n,2024
16912,-15.07361,-68.10635,2024-09-09,n,2024
16913,-14.99032,-68.16933,2024-09-09,n,2024
16914,-14.99096,-68.17325,2024-09-09,n,2024
16915,-14.98618,-68.16625,2024-09-09,n,2024
16916,-14.94559,-68.36011,2024-09-09,n,2024
16917,-14.93463,-68.40338,2024-09-09,n,2024
16918,-14.91633,-68.35741,2024-09-09,n,2024
16919,-14.85484,-68.46587,2024-09-09,n,2024
16920,-14.82997,-68.55538,2024-09-09,n,2024
16921,-14.70508,-68.29919,2024-09-09,n,2024
16922,-14.74132,-68.52187,2024-09-09,l,2024
16923,-14.70158,-68.29987,2024-09-09,n,2024
16924,-14.70289,-68.30789,2024-09-09,n,2024
16925,-14.69939,-68.30861,2024-09-09,n,2024
16926,-14.69388,-68.29707,2024-09-09,n,2024
16927,-14.69588,-68.30929,2024-09-09,n,2024
16928,-14.69035,-68.29758,2024-09-09,n,2024
16929,-14.69104,-68.30182,2024-09-09,n,2024
16930,-14.69171,-68.30591,2024-09-09,n,2024
16931,-14.69236,-68.30984,2024-09-09,l,2024
16932,-14.68818,-68.30641,2024-09-09,n,2024
16933,-14.6881,-68.74976,2024-09-09,n,2024
16934,-14.68579,-68.75748,2024-09-09,l,2024
16935,-14.68168,-68.75401,2024-09-09,n,2024
16936,-14.57683,-68.81963,2024-09-09,n,2024
16937,-14.57945,-68.83595,2024-09-09,l,2024
16938,-14.57959,-68.88091,2024-09-09,n,2024
16939,-14.57461,-68.89394,2024-09-09,l,2024
16940,-14.62004,-68.19553,2024-09-10,n,2024
16941,-14.68142,-68.30886,2024-09-10,n,2024
16942,-14.68211,-68.305,2024-09-10,n,2024
16943,-14.6828,-68.30118,2024-09-10,n,2024
16944,-14.68564,-68.30944,2024-09-10,n,2024
16945,-14.68492,-68.31347,2024-09-10,n,2024
16946,-14.68636,-68.3054,2024-09-10,n,2024
16947,-14.68705,-68.30158,2024-09-10,n,2024
16948,-14.6877,-68.2979,2024-09-10,n,2024
16949,-14.68288,-68.30094,2024-09-10,n,2024
16950,-14.68493,-68.31318,2024-09-10,n,2024
16951,-14.68568,-68.30916,2024-09-10,n,2024
16952,-14.68643,-68.30514,2024-09-10,n,2024
16953,-14.68713,-68.30134,2024-09-10,n,2024
16954,-14.68781,-68.29768,2024-09-10,n,2024
16955,-15.23526,-68.13997,2024-09-10,n,2024
16956,-14.83534,-68.28519,2024-09-10,n,2024
16957,-14.86075,-68.46484,2024-09-10,n,2024
16958,-14.85725,-68.46524,2024-09-10,n,2024
16959,-14.84637,-68.4384,2024-09-10,n,2024
16960,-14.82877,-68.54543,2024-09-10,n,2024
16961,-14.83041,-68.58178,2024-09-10,n,2024
16962,-14.79539,-68.58666,2024-09-10,n,2024
16963,-14.79189,-68.58717,2024-09-10,n,2024
16964,-14.75097,-68.52456,2024-09-10,n,2024
16965,-14.74733,-68.54937,2024-09-10,n,2024
16966,-14.74254,-68.56609,2024-09-10,n,2024
16967,-14.68499,-68.29741,2024-09-10,n,2024
16968,-14.68721,-68.31274,2024-09-10,n,2024
16969,-14.68155,-68.298,2024-09-10,n,2024
16970,-14.6821,-68.30178,2024-09-10,n,2024
16971,-14.6792,-68.30619,2024-09-10,h,2024
16972,-14.67866,-68.30239,2024-09-10,n,2024
16973,-14.62085,-68.19411,2024-09-10,n,2024
16974,-14.6865,-68.75812,2024-09-10,n,2024
16975,-14.68183,-68.75041,2024-09-10,l,2024
16976,-14.67896,-68.75563,2024-09-10,n,2024
16977,-14.583,-68.83791,2024-09-10,n,2024
16978,-14.57952,-68.83878,2024-09-10,n,2024
16979,-14.33556,-68.53474,2024-09-10,n,2024
16980,-14.33614,-68.53884,2024-09-10,n,2024
16981,-14.71187,-68.51433,2024-09-11,n,2024
16982,-14.71834,-68.51205,2024-09-11,n,2024
16983,-14.71746,-68.51642,2024-09-11,n,2024
16984,-14.71649,-68.51812,2024-09-11,n,2024
16985,-14.71743,-68.51364,2024-09-11,n,2024
16986,-14.71825,-68.50974,2024-09-11,n,2024
16987,-15.03215,-68.26731,2024-09-11,n,2024
16988,-15.03809,-68.26704,2024-09-11,n,2024
16989,-14.5774,-68.89017,2024-09-11,n,2024
16990,-14.58457,-68.89178,2024-09-11,n,2024
16991,-14.9445,-68.34029,2024-09-11,l,2024
16992,-14.90928,-68.31824,2024-09-11,n,2024
16993,-14.83806,-68.56802,2024-09-11,n,2024
16994,-14.82636,-68.54926,2024-09-11,n,2024
16995,-14.75014,-68.5703,2024-09-11,n,2024
16996,-14.72845,-68.50859,2024-09-11,n,2024
16997,-14.72325,-68.50442,2024-09-11,n,2024
16998,-14.72379,-68.50885,2024-09-11,l,2024
16999,-14.7186,-68.50468,2024-09-11,n,2024
17000,-14.71914,-68.50912,2024-09-11,n,2024
17001,-14.7145,-68.50945,2024-09-11,n,2024
17002,-14.70982,-68.50951,2024-09-11,n,2024
17003,-14.71041,-68.51436,2024-09-11,n,2024
17004,-14.71101,-68.51935,2024-09-11,n,2024
17005,-14.70631,-68.5192,2024-09-11,n,2024
17006,-14.61983,-68.19467,2024-09-11,n,2024
17007,-14.58409,-68.83778,2024-09-11,n,2024
17008,-14.58459,-68.84186,2024-09-11,n,2024
17009,-14.57954,-68.8396,2024-09-11,n,2024
17010,-14.66385,-68.714,2024-09-12,n,2024
17011,-14.58614,-68.88918,2024-09-12,n,2024
17012,-14.58714,-68.89929,2024-09-12,n,2024
17013,-14.5807,-68.90004,2024-09-12,n,2024
17014,-14.58547,-68.89267,2024-09-12,h,2024
17015,-14.57035,-68.84249,2024-09-13,n,2024
17016,-14.56912,-68.83766,2024-09-13,n,2024
17017,-14.58254,-68.88829,2024-09-13,n,2024
17018,-14.58646,-68.88905,2024-09-13,n,2024
17019,-14.70152,-68.52228,2024-09-13,n,2024
17020,-14.82002,-68.50332,2024-09-13,n,2024
17021,-14.82206,-68.54694,2024-09-13,n,2024
17022,-14.82568,-68.55081,2024-09-13,n,2024
17023,-14.82613,-68.54732,2024-09-13,n,2024
17024,-14.83563,-68.28562,2024-09-13,n,2024
17025,-14.83443,-68.28673,2024-09-13,n,2024
17026,-14.82057,-68.51784,2024-09-13,n,2024
17027,-14.74595,-68.40755,2024-09-13,n,2024
17028,-14.7495,-68.4068,2024-09-13,h,2024
17029,-14.74103,-68.47344,2024-09-13,n,2024
17030,-14.66949,-68.29646,2024-09-13,n,2024
17031,-14.66826,-68.5074,2024-09-13,n,2024
17032,-14.67118,-68.50906,2024-09-13,n,2024
17033,-14.56395,-68.88941,2024-09-14,n,2024
17034,-14.58508,-68.84176,2024-09-14,n,2024
17035,-14.66629,-68.51874,2024-09-14,n,2024
17036,-14.79938,-68.48881,2024-09-14,n,2024
17037,-14.8027,-68.48935,2024-09-14,n,2024
17038,-14.80327,-68.48576,2024-09-14,n,2024
17039,-14.99213,-68.1987,2024-09-14,n,2024
17040,-15.03107,-68.15366,2024-09-14,n,2024
17041,-14.94493,-68.21297,2024-09-14,n,2024
17042,-14.79377,-68.32115,2024-09-14,n,2024
17043,-14.75675,-68.24139,2024-09-14,n,2024
17044,-14.79347,-68.54925,2024-09-14,n,2024
17045,-14.71935,-68.3885,2024-09-14,n,2024
17046,-14.671,-68.73838,2024-09-14,n,2024
17047,-14.63877,-68.57301,2024-09-14,n,2024
17048,-14.63499,-68.57353,2024-09-14,n,2024
17049,-14.63481,-68.5722,2024-09-14,n,2024
17050,-14.75178,-68.23954,2024-09-15,n,2024
17051,-14.75555,-68.24034,2024-09-15,n,2024
17052,-14.58008,-68.40817,2024-09-16,n,2024
17053,-14.72194,-67.59618,2024-09-17,n,2024
17054,-14.60777,-67.96692,2024-09-18,n,2024
17055,-14.60831,-67.96272,2024-09-18,n,2024
17056,-14.61298,-67.96319,2024-09-18,n,2024
17057,-14.61249,-67.967,2024-09-18,n,2024
17058,-14.94206,-68.34,2024-09-18,n,2024
17059,-14.77289,-68.33062,2024-09-18,n,2024
17060,-14.61172,-67.95571,2024-09-18,h,2024
17061,-14.6127,-67.96043,2024-09-18,n,2024
17062,-14.60715,-67.95725,2024-09-18,h,2024
17063,-14.60829,-67.96302,2024-09-18,n,2024
17064,-14.66123,-68.37817,2024-09-18,n,2024
17065,-14.65568,-68.37993,2024-09-18,h,2024
17066,-14.63591,-68.51532,2024-09-18,n,2024
17067,-14.50899,-68.50707,2024-09-18,n,2024
17068,-14.39154,-68.54836,2024-09-18,n,2024
17069,-14.60451,-67.96247,2024-09-19,n,2024
17070,-14.60513,-67.95813,2024-09-19,n,2024
17071,-14.608,-67.96307,2024-09-19,n,2024
17072,-14.6086,-67.95895,2024-09-19,n,2024
17073,-14.61208,-67.95965,2024-09-19,n,2024
17074,-14.57485,-68.84639,2024-09-19,n,2024
17075,-14.39102,-68.54838,2024-09-19,n,2024
17076,-14.35715,-68.58449,2024-09-19,n,2024
17077,-14.35778,-68.58807,2024-09-19,n,2024
17078,-14.35841,-68.5917,2024-09-19,n,2024
17079,-14.35301,-68.58514,2024-09-19,n,2024
17080,-14.3536,-68.58852,2024-09-19,n,2024
17081,-14.35009,-68.59283,2024-09-19,n,2024
17082,-14.34758,-68.59213,2024-09-20,n,2024
17083,-14.35547,-68.58913,2024-09-20,n,2024
17084,-14.5945,-67.96597,2024-09-20,n,2024
17085,-14.59514,-67.96211,2024-09-20,n,2024
17086,-14.59802,-67.96633,2024-09-20,n,2024
17087,-14.59867,-67.96239,2024-09-20,n,2024
17088,-14.60503,-67.96719,2024-09-20,n,2024
17089,-14.60571,-67.96311,2024-09-20,n,2024
17090,-14.60919,-67.96373,2024-09-20,n,2024
17091,-14.60848,-67.96799,2024-09-20,n,2024
17092,-14.5767,-68.84556,2024-09-20,n,2024
17093,-14.58038,-68.84574,2024-09-20,n,2024
17094,-14.98798,-68.18346,2024-09-20,n,2024
17095,-14.99218,-68.17991,2024-09-20,n,2024
17096,-14.99366,-68.19252,2024-09-20,n,2024
17097,-15.04061,-68.27364,2024-09-20,n,2024
17098,-15.04117,-68.27728,2024-09-20,n,2024
17099,-15.02278,-68.2914,2024-09-20,n,2024
17100,-15.02334,-68.29504,2024-09-20,n,2024
17101,-14.96838,-68.36039,2024-09-20,n,2024
17102,-15.32496,-68.06063,2024-09-20,n,2024
17103,-14.35436,-68.58518,2024-09-20,n,2024
17104,-14.40439,-68.5546,2024-09-20,l,2024
17105,-14.40383,-68.55097,2024-09-20,l,2024
17106,-14.40774,-68.55408,2024-09-20,n,2024
17107,-14.40718,-68.55045,2024-09-20,n,2024
17108,-14.57784,-68.84654,2024-09-20,n,2024
17109,-14.58117,-68.84608,2024-09-20,n,2024
17110,-14.58229,-68.83108,2024-09-20,n,2024
17111,-14.63373,-68.57261,2024-09-20,n,2024
17112,-14.63317,-68.56896,2024-09-20,n,2024
17113,-14.67521,-68.7529,2024-09-20,l,2024
17114,-14.67909,-68.75596,2024-09-20,l,2024
17115,-14.67854,-68.7524,2024-09-20,l,2024
17116,-14.68134,-68.74844,2024-09-20,n,2024
17117,-14.58839,-67.96638,2024-09-20,n,2024
17118,-14.59179,-67.96593,2024-09-20,n,2024
17119,-14.59518,-67.96551,2024-09-20,n,2024
17120,-14.60754,-67.95609,2024-09-20,n,2024
17121,-14.61154,-67.95945,2024-09-20,n,2024
17122,-14.61095,-67.9557,2024-09-20,n,2024
17123,-14.61491,-67.95889,2024-09-20,n,2024
17124,-14.69018,-68.28487,2024-09-20,n,2024
17125,-14.78012,-68.54042,2024-09-20,n,2024
17126,-14.7675,-68.32769,2024-09-20,n,2024
17127,-14.77141,-68.33071,2024-09-20,l,2024
17128,-14.77085,-68.32712,2024-09-20,n,2024
17129,-14.76973,-68.31998,2024-09-20,n,2024
17130,-14.77029,-68.32354,2024-09-20,h,2024
17131,-14.82124,-68.51887,2024-09-20,n,2024
17132,-15.17213,-67.6819,2024-09-21,n,2024
17133,-14.84743,-68.5547,2024-09-21,n,2024
17134,-14.60871,-67.95688,2024-09-21,n,2024
17135,-14.58629,-68.22836,2024-09-22,n,2024
17136,-14.59272,-68.22892,2024-09-22,n,2024
17137,-14.99178,-68.19392,2024-09-22,n,2024
17138,-14.99271,-68.18962,2024-09-22,n,2024
17139,-14.59125,-68.21387,2024-09-22,n,2024
17140,-14.58969,-68.22936,2024-09-22,n,2024
17141,-15.12962,-68.22274,2024-09-22,n,2024
17142,-14.9723,-68.36607,2024-09-22,n,2024
17143,-14.7972,-68.46327,2024-09-22,n,2024
17144,-14.7377,-68.53853,2024-09-22,h,2024
17145,-14.73738,-68.53561,2024-09-22,n,2024
17146,-14.73671,-68.53709,2024-09-22,h,2024
17147,-14.73705,-68.53996,2024-09-22,n,2024
17148,-14.70374,-68.5245,2024-09-22,n,2024
17149,-14.70422,-68.52856,2024-09-22,n,2024
17150,-14.69888,-68.52779,2024-09-22,n,2024
17151,-14.67714,-68.75269,2024-09-22,h,2024
17152,-14.67663,-68.74818,2024-09-22,n,2024
17153,-14.49534,-68.51494,2024-09-22,n,2024
17154,-14.69659,-68.53235,2024-09-23,n,2024
17155,-14.67269,-68.73188,2024-09-23,n,2024
17156,-14.67326,-68.72715,2024-09-23,n,2024
17157,-14.67761,-68.73242,2024-09-23,n,2024
17158,-14.6782,-68.72749,2024-09-23,n,2024
17159,-14.99861,-68.17054,2024-09-23,n,2024
17160,-14.99896,-68.16755,2024-09-23,n,2024
17161,-15.00414,-68.16775,2024-09-23,n,2024
17162,-15.00376,-68.17091,2024-09-23,n,2024
17163,-14.73186,-68.54185,2024-09-23,h,2024
17164,-14.68058,-68.52119,2024-09-23,n,2024
17165,-14.67358,-68.52159,2024-09-23,n,2024
17166,-14.67484,-68.51726,2024-09-23,n,2024
17167,-14.67543,-68.52305,2024-09-23,n,2024
17168,-14.91613,-68.46198,2024-09-23,n,2024
17169,-14.8466,-68.49167,2024-09-23,n,2024
17170,-14.71836,-68.51463,2024-09-23,n,2024
17171,-14.66785,-68.36742,2024-09-23,n,2024
17172,-14.66168,-68.369,2024-09-23,h,2024
17173,-14.69543,-68.52797,2024-09-23,n,2024
17174,-14.6881,-68.52378,2024-09-23,h,2024
17175,-14.68184,-68.52463,2024-09-23,h,2024
17176,-14.67948,-68.51351,2024-09-23,n,2024
17177,-14.68059,-68.51875,2024-09-23,n,2024
17178,-14.66399,-68.36729,2024-09-23,h,2024
17179,-14.69662,-68.52644,2024-09-23,n,2024
17180,-14.68934,-68.52229,2024-09-23,h,2024
17181,-14.68191,-68.5174,2024-09-23,n,2024
17182,-14.68305,-68.52298,2024-09-23,n,2024
17183,-14.67462,-68.51328,2024-09-23,n,2024
17184,-14.67572,-68.51863,2024-09-23,n,2024
17185,-14.67689,-68.5243,2024-09-23,n,2024
17186,-14.67473,-68.73026,2024-09-23,h,2024
17187,-14.67556,-68.73428,2024-09-23,h,2024
17188,-14.5615,-68.30278,2024-09-24,n,2024
17189,-14.56212,-68.29845,2024-09-24,n,2024
17190,-14.56522,-68.30316,2024-09-24,n,2024
17191,-14.56584,-68.29887,2024-09-24,n,2024
17192,-14.56956,-68.29929,2024-09-24,n,2024
17193,-14.57267,-68.30403,2024-09-24,n,2024
17194,-14.57014,-68.30576,2024-09-24,n,2024
17195,-14.57073,-68.30145,2024-09-24,n,2024
17196,-14.68573,-68.51965,2024-09-24,n,2024
17197,-14.69061,-68.51168,2024-09-24,n,2024
17198,-14.69302,-68.52108,2024-09-24,n,2024
17199,-14.69668,-68.52171,2024-09-24,n,2024
17200,-14.6973,-68.51737,2024-09-24,n,2024
17201,-14.70098,-68.51782,2024-09-24,n,2024
17202,-14.80553,-68.48467,2024-09-24,n,2024
17203,-14.8264,-68.49654,2024-09-24,n,2024
17204,-14.82702,-68.49213,2024-09-24,n,2024
17205,-14.83009,-68.49697,2024-09-24,n,2024
17206,-14.99229,-68.19466,2024-09-24,n,2024
17207,-14.99866,-68.17676,2024-09-24,n,2024
17208,-15.00244,-68.17713,2024-09-24,n,2024
17209,-15.18696,-67.68027,2024-09-24,n,2024
17210,-15.19485,-68.16573,2024-09-24,n,2024
17211,-14.89607,-68.22913,2024-09-24,n,2024
17212,-14.89141,-68.22985,2024-09-24,n,2024
17213,-14.63771,-68.63538,2024-09-24,n,2024
17214,-14.56949,-68.29504,2024-09-24,n,2024
17215,-14.56489,-68.2961,2024-09-24,l,2024
17216,-14.56114,-68.30167,2024-09-24,n,2024
17217,-14.46842,-68.53752,2024-09-24,l,2024
17218,-14.46915,-68.53629,2024-09-24,l,2024
17219,-14.67242,-68.52006,2024-09-24,n,2024
17220,-14.67271,-68.51877,2024-09-24,n,2024
17221,-14.67709,-68.74763,2024-09-24,n,2024
17222,-14.6778,-68.75153,2024-09-24,n,2024
17223,-14.99345,-68.19395,2024-09-25,n,2024
17224,-15.03267,-68.13348,2024-09-25,n,2024
17225,-15.03325,-68.12983,2024-09-25,n,2024
17226,-15.03662,-68.13032,2024-09-25,n,2024
17227,-15.03996,-68.13086,2024-09-25,n,2024
17228,-15.18694,-67.68343,2024-09-25,n,2024
17229,-15.05206,-68.1431,2024-09-25,n,2024
17230,-15.05233,-68.14297,2024-09-25,n,2024
17231,-14.99646,-68.17693,2024-09-25,n,2024
17232,-14.99916,-68.19336,2024-09-25,l,2024
17233,-14.94989,-68.09181,2024-09-25,n,2024
17234,-14.89623,-68.22746,2024-09-25,n,2024
17235,-14.89271,-68.22801,2024-09-25,n,2024
17236,-14.89865,-68.50442,2024-09-25,n,2024
17237,-14.89517,-68.50495,2024-09-25,n,2024
17238,-14.89754,-68.50465,2024-09-25,n,2024
17239,-14.70214,-67.59549,2024-09-25,n,2024
17240,-14.79919,-68.18475,2024-09-25,n,2024
17241,-14.79984,-68.18876,2024-09-25,n,2024
17242,-14.82308,-68.48528,2024-09-25,l,2024
17243,-14.82164,-68.54204,2024-09-25,n,2024
17244,-14.73901,-68.548,2024-09-25,n,2024
17245,-14.70157,-68.51508,2024-09-25,l,2024
17246,-14.70283,-68.52278,2024-09-25,n,2024
17247,-14.68119,-68.7495,2024-09-25,n,2024
17248,-14.6777,-68.74979,2024-09-25,n,2024
17249,-14.65038,-68.62428,2024-09-25,n,2024
17250,-14.64539,-68.63736,2024-09-25,n,2024
17251,-14.64195,-68.63803,2024-09-25,n,2024
17252,-14.62423,-68.57265,2024-09-25,n,2024
17253,-14.58635,-68.76833,2024-09-25,l,2024
17254,-14.58015,-68.92776,2024-09-25,n,2024
17255,-14.57671,-68.92831,2024-09-25,n,2024
17256,-14.56117,-68.91918,2024-09-25,l,2024
17257,-14.55775,-68.91984,2024-09-25,n,2024
17258,-14.20809,-68.65592,2024-09-25,n,2024
17259,-13.9959,-68.92346,2024-09-25,n,2024
17260,-14.922,-68.29255,2024-09-28,n,2024
17261,-14.38785,-68.533,2024-09-28,h,2024
17262,-14.37851,-68.49031,2024-09-28,n,2024
17263,-14.381,-68.53409,2024-09-28,l,2024
17264,-14.387,-68.53528,2024-09-28,h,2024
17265,-14.37791,-68.49239,2024-09-28,n,2024
17266,-14.38011,-68.53617,2024-09-28,n,2024
17267,-14.75149,-67.62522,2024-09-29,h,2024
17268,-14.738,-67.61346,2024-09-29,n,2024
17269,-14.74845,-67.62363,2024-09-29,n,2024
17270,-14.74913,-67.62714,2024-09-29,n,2024
17271,-14.73574,-67.61539,2024-09-29,n,2024
17272,-14.38016,-68.52995,2024-09-30,n,2024
17273,-14.38071,-68.52639,2024-09-30,n,2024
17274,-14.38457,-68.54529,2024-09-30,n,2024
17275,-14.38845,-68.54227,2024-09-30,n,2024
17276,-14.50271,-68.50226,2024-09-30,n,2024
17277,-14.50327,-68.49871,2024-09-30,n,2024
17278,-14.56646,-68.46528,2024-09-30,n,2024
17279,-14.87557,-68.259,2024-09-30,n,2024
17280,-15.09413,-67.67265,2024-09-30,n,2024
17281,-15.09811,-67.66958,2024-09-30,n,2024
17282,-15.09421,-67.6703,2024-09-30,n,2024
17283,-15.09506,-67.67525,2024-09-30,n,2024
17284,-15.09031,-67.67101,2024-09-30,n,2024
17285,-15.08642,-67.67177,2024-09-30,n,2024
17286,-15.09861,-68.21802,2024-09-30,n,2024
17287,-14.87856,-68.24361,2024-09-30,n,2024
17288,-14.87778,-68.26197,2024-09-30,n,2024
17289,-14.60291,-67.96496,2024-09-30,n,2024
17290,-14.60369,-67.96954,2024-09-30,n,2024
17291,-14.57582,-68.48879,2024-09-30,n,2024
17292,-14.56819,-68.46642,2024-09-30,n,2024
17293,-14.48283,-68.51221,2024-09-30,n,2024
17294,-14.4791,-68.51295,2024-09-30,n,2024
17295,-14.46339,-68.53411,2024-09-30,n,2024
17296,-14.44016,-68.51086,2024-09-30,n,2024
17297,-14.44091,-68.51526,2024-09-30,n,2024
17298,-14.43642,-68.51157,2024-09-30,n,2024
17299,-14.37891,-68.49085,2024-09-30,n,2024
17300,-14.37968,-68.49545,2024-09-30,n,2024
17301,-14.38735,-68.54126,2024-09-30,n,2024
17302,-14.38132,-68.5283,2024-09-30,n,2024
17303,-14.37755,-68.52887,2024-09-30,n,2024
17304,-14.43732,-68.5158,2024-10-01,n,2024
17305,-14.43826,-68.51055,2024-10-01,n,2024
17306,-14.56701,-68.46287,2024-10-01,n,2024
17307,-15.10308,-68.28557,2024-10-01,n,2024
17308,-15.11747,-68.22488,2024-10-01,n,2024
17309,-15.10133,-68.28749,2024-10-01,n,2024
17310,-15.12079,-68.22256,2024-10-01,n,2024
17311,-15.20587,-68.16912,2024-10-01,n,2024
17312,-15.1033,-67.6673,2024-10-01,n,2024
17313,-15.09998,-67.66784,2024-10-01,n,2024
17314,-15.09054,-67.67301,2024-10-01,l,2024
17315,-15.09108,-67.67659,2024-10-01,l,2024
17316,-15.09162,-67.68017,2024-10-01,n,2024
17317,-15.08775,-67.67712,2024-10-01,n,2024
17318,-15.08829,-67.6807,2024-10-01,n,2024
17319,-15.08443,-67.67765,2024-10-01,n,2024
17320,-15.1192,-68.21935,2024-10-01,n,2024
17321,-15.1016,-68.28484,2024-10-01,n,2024
17322,-15.10213,-68.28842,2024-10-01,n,2024
17323,-15.03198,-68.31461,2024-10-01,l,2024
17324,-14.97153,-68.36817,2024-10-01,n,2024
17325,-14.93331,-68.44516,2024-10-01,n,2024
17326,-14.92997,-68.44567,2024-10-01,n,2024
17327,-14.92715,-68.44981,2024-10-01,n,2024
17328,-14.89402,-68.29593,2024-10-01,n,2024
17329,-14.89069,-68.29646,2024-10-01,n,2024
17330,-14.8793,-68.24291,2024-10-01,h,2024
17331,-14.87596,-68.24342,2024-10-01,n,2024
17332,-14.85982,-68.24963,2024-10-01,n,2024
17333,-14.85681,-68.55363,2024-10-01,n,2024
17334,-14.56764,-68.46602,2024-10-01,n,2024
17335,-14.71252,-68.52846,2024-10-01,n,2024
17336,-14.70861,-68.52521,2024-10-01,n,2024
17337,-14.70916,-68.52892,2024-10-01,l,2024
17338,-14.60172,-67.96869,2024-10-01,n,2024
17339,-14.54638,-68.4842,2024-10-01,n,2024
17340,-14.54693,-68.48789,2024-10-01,l,2024
17341,-14.54304,-68.48472,2024-10-01,l,2024
17342,-14.54358,-68.48841,2024-10-01,n,2024
17343,-14.54186,-68.56947,2024-10-01,n,2024
17344,-14.51946,-68.6142,2024-10-01,n,2024
17345,-14.51612,-68.61476,2024-10-01,n,2024
17346,-14.46041,-68.53915,2024-10-01,n,2024
17347,-14.45265,-68.53298,2024-10-01,n,2024
17348,-14.4493,-68.53347,2024-10-01,n,2024
17349,-14.43939,-68.51263,2024-10-01,n,2024
17350,-14.43604,-68.51313,2024-10-01,n,2024
17351,-14.37621,-68.4935,2024-10-01,n,2024
17352,-14.37209,-68.53493,2024-10-01,l,2024
17353,-14.37263,-68.53854,2024-10-01,n,2024
17354,-14.96721,-68.36652,2024-10-02,n,2024
17355,-14.97163,-68.37148,2024-10-02,n,2024
17356,-15.03382,-68.31239,2024-10-02,n,2024
17357,-15.01159,-68.47,2024-10-02,n,2024
17358,-15.00158,-68.45846,2024-10-02,n,2024
17359,-14.96537,-68.33998,2024-10-02,n,2024
17360,-14.96866,-68.36613,2024-10-02,n,2024
17361,-14.79004,-68.58066,2024-10-02,n,2024
17362,-14.57774,-68.76707,2024-10-02,n,2024
17363,-14.57389,-68.77098,2024-10-02,n,2024
17364,-14.57924,-68.76652,2024-10-02,n,2024
17365,-14.57057,-68.76651,2024-10-02,n,2024
17366,-14.5711,-68.77055,2024-10-02,n,2024
17367,-14.57159,-68.77428,2024-10-02,n,2024
17368,-14.57207,-68.77795,2024-10-02,n,2024
17369,-14.45496,-68.6035,2024-10-02,n,2024
17370,-14.45443,-68.6025,2024-10-02,n,2024
17371,-14.36607,-68.52538,2024-10-05,n,2024
17372,-14.36949,-68.52586,2024-10-05,n,2024
17373,-14.37887,-68.53045,2024-10-05,n,2024
17374,-14.40337,-68.55329,2024-10-05,n,2024
17375,-14.59359,-67.97501,2024-10-05,n,2024
17376,-14.59416,-67.97115,2024-10-05,n,2024
17377,-14.59762,-67.97179,2024-10-05,n,2024
17378,-14.59707,-67.97558,2024-10-05,n,2024
17379,-14.60109,-67.97247,2024-10-05,n,2024
17380,-15.13757,-68.33504,2024-10-05,n,2024
17381,-15.13344,-68.33565,2024-10-05,n,2024
17382,-14.82146,-68.33528,2024-10-05,n,2024
17383,-14.81982,-68.51795,2024-10-05,n,2024
17384,-14.60079,-67.9724,2024-10-05,n,2024
17385,-14.45633,-68.54042,2024-10-05,n,2024
17386,-14.45511,-68.60393,2024-10-05,n,2024
17387,-14.45638,-68.6032,2024-10-05,n,2024
17388,-14.45237,-68.60436,2024-10-05,n,2024
17389,-14.4012,-68.55299,2024-10-05,l,2024
17390,-14.38508,-68.53366,2024-10-05,l,2024
17391,-14.3803,-68.53062,2024-10-05,n,2024
17392,-14.36661,-68.52513,2024-10-05,n,2024
17393,-14.30817,-68.52041,2024-10-05,n,2024
17394,-14.38079,-68.53081,2024-10-06,n,2024
17395,-14.44995,-68.6035,2024-10-06,n,2024
17396,-14.45293,-68.60775,2024-10-06,n,2024
17397,-14.45359,-68.6039,2024-10-06,n,2024
17398,-14.45652,-68.60848,2024-10-06,n,2024
17399,-15.13762,-68.33762,2024-10-06,n,2024
17400,-15.25975,-67.89281,2024-10-06,n,2024
17401,-15.14025,-68.3374,2024-10-06,n,2024
17402,-14.81665,-68.54352,2024-10-06,n,2024
17403,-14.81333,-68.54409,2024-10-06,n,2024
17404,-14.79013,-68.54048,2024-10-06,n,2024
17405,-14.63901,-68.30773,2024-10-06,n,2024
17406,-14.58858,-68.59984,2024-10-06,n,2024
17407,-14.58651,-68.60078,2024-10-06,n,2024
17408,-14.55601,-68.4911,2024-10-06,l,2024
17409,-14.56959,-68.77911,2024-10-06,n,2024
17410,-14.56408,-68.76537,2024-10-06,l,2024
17411,-14.51661,-68.612,2024-10-06,n,2024
17412,-14.51327,-68.6125,2024-10-06,n,2024
17413,-14.45863,-68.60674,2024-10-06,l,2024
17414,-14.45531,-68.60736,2024-10-06,n,2024
17415,-14.45586,-68.61101,2024-10-06,n,2024
17416,-14.45085,-68.60058,2024-10-06,l,2024
17417,-14.45142,-68.60424,2024-10-06,n,2024
17418,-14.39304,-68.27132,2024-10-06,n,2024
17419,-14.41196,-68.54784,2024-10-06,n,2024
17420,-14.3775,-68.54613,2024-10-06,h,2024
17421,-14.37695,-68.54255,2024-10-06,n,2024
17422,-14.3888,-68.27733,2024-10-07,n,2024
17423,-14.38987,-68.27168,2024-10-07,n,2024
17424,-14.39479,-68.27152,2024-10-07,n,2024
17425,-14.3936,-68.27783,2024-10-07,n,2024
17426,-14.44808,-68.6142,2024-10-07,n,2024
17427,-14.45053,-68.60139,2024-10-07,n,2024
17428,-14.45305,-68.6144,2024-10-07,n,2024
17429,-14.45384,-68.61024,2024-10-07,n,2024
17430,-14.45617,-68.6243,2024-10-07,n,2024
17431,-14.45704,-68.61972,2024-10-07,n,2024
17432,-14.45781,-68.6157,2024-10-07,n,2024
17433,-14.46069,-68.62689,2024-10-07,n,2024
17434,-15.13544,-68.33455,2024-10-07,n,2024
17435,-15.08573,-68.33443,2024-10-07,n,2024
17436,-14.81916,-68.54321,2024-10-07,n,2024
17437,-14.39045,-68.27522,2024-10-07,l,2024
17438,-14.38673,-68.27598,2024-10-07,l,2024
17439,-14.38038,-68.27451,2024-10-08,n,2024
17440,-14.38691,-68.27515,2024-10-08,n,2024
17441,-14.38581,-68.28026,2024-10-08,n,2024
17442,-14.44699,-68.61978,2024-10-08,n,2024
17443,-14.45287,-68.62399,2024-10-08,n,2024
17444,-14.4538,-68.61969,2024-10-08,n,2024
17445,-14.3857,-68.2766,2024-10-08,n,2024
17446,-14.38636,-68.27035,2024-10-08,n,2024
17447,-14.38152,-68.2756,2024-10-08,n,2024
17448,-14.38821,-68.27703,2024-10-08,n,2024
17449,-14.38877,-68.27142,2024-10-08,n,2024
17450,-14.8214,-68.56352,2024-10-08,h,2024
17451,-15.05017,-68.14246,2024-10-10,n,2024
17452,-14.94114,-68.33874,2024-10-10,n,2024
17453,-14.7638,-68.24487,2024-10-10,n,2024
17454,-14.76467,-68.2496,2024-10-10,n,2024
17455,-14.6745,-68.52623,2024-10-10,n,2024
17456,-14.45327,-68.62662,2024-10-10,n,2024
17457,-14.45228,-68.62586,2024-10-10,n,2024
17458,-14.45567,-68.52029,2024-10-11,n,2024
17459,-14.46282,-68.49754,2024-10-11,n,2024
17460,-14.44739,-68.61388,2024-10-11,n,2024
17461,-14.44797,-68.61034,2024-10-11,n,2024
17462,-14.45125,-68.63286,2024-10-11,n,2024
17463,-14.45185,-68.6292,2024-10-11,n,2024
17464,-14.45304,-68.62191,2024-10-11,n,2024
17465,-14.45165,-68.63235,2024-10-11,n,2024
17466,-14.45226,-68.62868,2024-10-11,n,2024
17467,-14.45286,-68.62505,2024-10-11,n,2024
17468,-14.6143,-67.95509,2024-10-11,n,2024
17469,-14.55447,-68.49447,2024-10-11,n,2024
17470,-14.93192,-68.34879,2024-10-11,n,2024
17471,-15.06028,-68.15322,2024-10-11,n,2024
17472,-15.02939,-68.16196,2024-10-11,n,2024
17473,-15.03009,-68.16621,2024-10-11,n,2024
17474,-14.95369,-68.33828,2024-10-11,n,2024
17475,-14.95023,-68.33896,2024-10-11,n,2024
17476,-14.94678,-68.33965,2024-10-11,n,2024
17477,-14.94742,-68.34357,2024-10-11,n,2024
17478,-14.94542,-68.44049,2024-10-11,n,2024
17479,-14.90784,-68.29826,2024-10-11,n,2024
17480,-14.90666,-68.29825,2024-10-11,n,2024
17481,-14.84589,-68.42988,2024-10-11,n,2024
17482,-14.806,-68.2953,2024-10-11,n,2024
17483,-14.63076,-67.55801,2024-10-11,n,2024
17484,-14.71929,-68.54653,2024-10-11,n,2024
17485,-14.58058,-68.59844,2024-10-11,n,2024
17486,-14.57484,-68.76022,2024-10-11,n,2024
17487,-14.56805,-68.76181,2024-10-11,n,2024
17488,-14.56436,-68.78256,2024-10-11,n,2024
17489,-14.61405,-67.95527,2024-10-12,n,2024
17490,-14.61471,-67.95164,2024-10-12,n,2024
17491,-14.61889,-67.95233,2024-10-12,n,2024
17492,-14.61818,-67.95619,2024-10-12,n,2024
17493,-14.62299,-67.95341,2024-10-12,n,2024
17494,-15.09124,-68.29568,2024-10-12,n,2024
17495,-14.97423,-68.33286,2024-10-12,n,2024
17496,-14.97477,-68.33666,2024-10-12,l,2024
17497,-14.89562,-68.53623,2024-10-12,l,2024
17498,-14.86906,-68.55248,2024-10-12,n,2024
17499,-14.58934,-68.60696,2024-10-12,l,2024
17500,-14.58531,-68.60389,2024-10-12,l,2024
17501,-14.59796,-68.76974,2024-10-12,l,2024
17502,-14.57742,-68.77863,2024-10-12,l,2024
17503,-14.56306,-68.77979,2024-10-12,n,2024
17504,-14.56358,-68.78349,2024-10-12,n,2024
17505,-14.2842,-68.72675,2024-10-13,n,2024
17506,-14.28343,-68.73055,2024-10-13,n,2024
17507,-14.27978,-68.72578,2024-10-13,n,2024
17508,-14.27888,-68.73006,2024-10-13,n,2024
17509,-14.28517,-68.72979,2024-10-13,n,2024
17510,-14.28594,-68.72613,2024-10-13,n,2024
17511,-14.46112,-68.61206,2024-10-13,n,2024
17512,-14.4648,-68.62406,2024-10-13,n,2024
17513,-14.46564,-68.62002,2024-10-13,n,2024
17514,-14.46629,-68.61684,2024-10-13,n,2024
17515,-14.61319,-67.95647,2024-10-13,n,2024
17516,-14.61393,-67.95277,2024-10-13,n,2024
17517,-14.6264,-67.94945,2024-10-13,n,2024
17518,-14.62813,-67.94864,2024-10-13,n,2024
17519,-14.62745,-67.95186,2024-10-13,n,2024
17520,-14.58756,-68.60955,2024-10-13,n,2024
17521,-14.58833,-68.6058,2024-10-13,n,2024
17522,-14.59434,-68.60643,2024-10-13,n,2024
17523,-14.56194,-68.77606,2024-10-13,n,2024
17524,-15.21096,-67.69623,2024-10-13,n,2024
17525,-15.21165,-67.69283,2024-10-13,n,2024
17526,-15.21677,-67.69586,2024-10-13,n,2024
17527,-14.28118,-68.72218,2024-10-13,n,2024
17528,-14.61317,-67.95334,2024-10-13,n,2024
17529,-14.27727,-68.73241,2024-10-14,n,2024
17530,-14.27777,-68.72832,2024-10-14,n,2024
17531,-14.28249,-68.73428,2024-10-14,h,2024
17532,-14.28302,-68.73001,2024-10-14,n,2024
17533,-14.28351,-68.72601,2024-10-14,n,2024
17534,-14.27948,-68.73167,2024-10-14,h,2024
17535,-14.27992,-68.72781,2024-10-14,n,2024
17536,-14.28034,-68.72413,2024-10-14,n,2024
17537,-14.28465,-68.73419,2024-10-14,n,2024
17538,-14.28515,-68.72982,2024-10-14,n,2024
17539,-15.19509,-67.68138,2024-10-14,h,2024
17540,-15.19543,-67.68459,2024-10-14,n,2024
17541,-14.61139,-67.95247,2024-10-14,n,2024
17542,-14.60136,-67.97569,2024-10-14,n,2024
17543,-14.60201,-67.98182,2024-10-14,n,2024
17544,-14.28728,-68.72598,2024-10-14,n,2024
17545,-14.28805,-68.7336,2024-10-14,n,2024
17546,-14.28737,-68.73577,2024-10-14,n,2024
17547,-14.28024,-68.73006,2024-10-14,n,2024
17548,-15.09658,-67.66003,2024-10-15,h,2024
17549,-15.09717,-67.66299,2024-10-15,n,2024
17550,-15.09142,-67.66163,2024-10-15,h,2024
17551,-15.09198,-67.66444,2024-10-15,n,2024
17552,-15.159,-68.17553,2024-10-15,n,2024
17553,-15.03026,-68.28564,2024-10-15,h,2024
17554,-15.01419,-68.28418,2024-10-15,n,2024
17555,-14.98982,-68.29404,2024-10-15,n,2024
17556,-14.9003,-68.28288,2024-10-15,h,2024
17557,-14.86328,-68.25574,2024-10-15,n,2024
17558,-14.86387,-68.25871,2024-10-15,n,2024
17559,-14.86645,-68.25576,2024-10-15,h,2024
17560,-14.86699,-68.25864,2024-10-15,n,2024
17561,-14.86146,-68.25734,2024-10-15,n,2024
17562,-14.86207,-68.26051,2024-10-15,n,2024
17563,-14.60245,-67.97689,2024-10-15,n,2024
17564,-14.5973,-67.9761,2024-10-15,n,2024
17565,-14.44214,-68.51734,2024-10-15,n,2024
17566,-14.38113,-68.55352,2024-10-15,n,2024
17567,-14.37557,-68.55187,2024-10-15,h,2024
17568,-14.37612,-68.55468,2024-10-15,n,2024
17569,-14.37709,-68.55209,2024-10-15,h,2024
17570,-14.37762,-68.55489,2024-10-15,n,2024
17571,-14.37209,-68.5533,2024-10-15,n,2024
17572,-14.37261,-68.55606,2024-10-15,n,2024
17573,-14.60341,-67.97836,2024-10-16,n,2024
17574,-14.86095,-68.2585,2024-10-16,n,2024
17575,-14.23005,-68.62199,2024-10-16,n,2024
17576,-14.40761,-68.54958,2024-10-17,l,2024
17577,-14.38534,-68.53807,2024-10-17,n,2024
17578,-14.37971,-68.54645,2024-10-17,n,2024
17579,-14.38024,-68.55011,2024-10-17,n,2024
17580,-14.28762,-68.73427,2024-10-17,n,2024
17581,-14.24471,-68.56041,2024-10-17,n,2024
17582,-14.19679,-68.35345,2024-10-17,n,2024
17583,-14.1972,-68.37916,2024-10-17,n,2024
17584,-14.19385,-68.37965,2024-10-17,h,2024
17585,-14.19224,-68.3688,2024-10-17,n,2024
17586,-14.19278,-68.37241,2024-10-17,n,2024
17587,-14.1889,-68.36935,2024-10-17,h,2024
17588,-14.18676,-68.35499,2024-10-17,l,2024
17589,-14.1873,-68.35857,2024-10-17,l,2024
17590,-14.18783,-68.36215,2024-10-17,n,2024
17591,-14.18837,-68.36575,2024-10-17,n,2024
17592,-14.18944,-68.37295,2024-10-17,n,2024
17593,-14.19051,-68.38015,2024-10-17,n,2024
17594,-14.18997,-68.37653,2024-10-17,l,2024
17595,-14.18396,-68.35913,2024-10-17,n,2024
17596,-14.1845,-68.36273,2024-10-17,n,2024
17597,-14.18503,-68.36633,2024-10-17,n,2024
17598,-14.18557,-68.36993,2024-10-17,n,2024
17599,-14.1861,-68.3735,2024-10-17,n,2024
17600,-14.18663,-68.37707,2024-10-17,n,2024
17601,-14.17763,-68.3545,2024-10-18,h,2024
17602,-14.17867,-68.34925,2024-10-18,n,2024
17603,-14.17679,-68.35878,2024-10-18,n,2024
17604,-14.17864,-68.37724,2024-10-18,n,2024
17605,-14.17797,-68.38061,2024-10-18,n,2024
17606,-14.18376,-68.35128,2024-10-18,n,2024
17607,-14.18468,-68.34664,2024-10-18,n,2024
17608,-14.1856,-68.34192,2024-10-18,n,2024
17609,-14.18419,-68.37701,2024-10-18,n,2024
17610,-14.18482,-68.37381,2024-10-18,n,2024
17611,-14.18976,-68.34869,2024-10-18,n,2024
17612,-14.18546,-68.37055,2024-10-18,n,2024
17613,-14.19069,-68.34401,2024-10-18,n,2024
17614,-14.19494,-68.35029,2024-10-18,n,2024
17615,-14.19578,-68.34603,2024-10-18,n,2024
17616,-14.46907,-68.6117,2024-10-18,n,2024
17617,-15.05497,-67.69933,2024-10-18,n,2024
17618,-15.04168,-67.72329,2024-10-18,n,2024
17619,-14.72286,-68.28519,2024-10-18,n,2024
17620,-14.67019,-68.31663,2024-10-18,n,2024
17621,-14.67067,-68.32027,2024-10-18,n,2024
17622,-14.66558,-68.31372,2024-10-18,n,2024
17623,-14.66606,-68.31731,2024-10-18,n,2024
17624,-14.58563,-68.45068,2024-10-18,n,2024
17625,-14.55799,-68.46983,2024-10-18,n,2024
17626,-14.44438,-68.62023,2024-10-18,n,2024
17627,-14.28392,-68.53505,2024-10-18,n,2024
17628,-14.27975,-68.53587,2024-10-18,n,2024
17629,-14.28075,-68.5438,2024-10-18,n,2024
17630,-14.28122,-68.54754,2024-10-18,n,2024
17631,-14.27655,-68.54433,2024-10-18,n,2024
17632,-14.27701,-68.54797,2024-10-18,n,2024
17633,-14.27888,-68.53472,2024-10-18,n,2024
17634,-14.27944,-68.53886,2024-10-18,n,2024
17635,-14.28046,-68.54651,2024-10-18,n,2024
17636,-14.27625,-68.54698,2024-10-18,n,2024
17637,-14.28809,-68.73445,2024-10-18,n,2024
17638,-14.28853,-68.73788,2024-10-18,n,2024
17639,-14.19531,-68.35078,2024-10-18,n,2024
17640,-14.18494,-68.36831,2024-10-18,n,2024
17641,-14.18543,-68.37204,2024-10-18,n,2024
17642,-14.18589,-68.37561,2024-10-18,n,2024
17643,-14.18637,-68.37931,2024-10-18,n,2024
17644,-14.00054,-68.9407,2024-10-18,n,2024
17645,-13.99852,-68.94018,2024-10-18,n,2024
17646,-14.19542,-68.34323,2024-10-19,n,2024
17647,-14.19551,-68.34413,2024-10-19,n,2024
17648,-14.20165,-68.34274,2024-10-19,n,2024
17649,-14.20175,-68.34369,2024-10-19,n,2024
17650,-14.55287,-68.68385,2024-10-19,n,2024
17651,-14.55365,-68.69116,2024-10-19,l,2024
17652,-14.54709,-68.68513,2024-10-19,n,2024
17653,-14.5478,-68.69184,2024-10-19,n,2024
17654,-14.54827,-68.69622,2024-10-19,n,2024
17655,-14.55502,-68.69065,2024-10-19,n,2024
17656,-14.54836,-68.68411,2024-10-19,n,2024
17657,-14.54917,-68.69119,2024-10-19,n,2024
17658,-14.54969,-68.69575,2024-10-19,n,2024
17659,-15.10595,-68.33535,2024-10-20,h,2024
17660,-15.10047,-68.33698,2024-10-20,n,2024
17661,-14.97776,-68.2057,2024-10-20,h,2024
17662,-14.85129,-68.27,2024-10-20,n,2024
17663,-14.66521,-68.5197,2024-10-20,n,2024
17664,-14.66702,-68.5167,2024-10-20,n,2024
17665,-14.60003,-68.41382,2024-10-20,h,2024
17666,-14.60064,-68.41686,2024-10-20,n,2024
17667,-14.63711,-68.65611,2024-10-20,h,2024
17668,-14.61853,-68.56358,2024-10-20,n,2024
17669,-14.62407,-68.6769,2024-10-20,h,2024
17670,-14.62343,-68.67371,2024-10-20,n,2024
17671,-14.62472,-68.68011,2024-10-20,n,2024
17672,-14.55175,-68.68397,2024-10-20,h,2024
17673,-14.55274,-68.68891,2024-10-20,h,2024
17674,-14.55223,-68.68635,2024-10-20,n,2024
17675,-14.55341,-68.69228,2024-10-20,n,2024
17676,-14.54785,-68.6932,2024-10-20,h,2024
17677,-14.5361,-68.69183,2024-10-20,n,2024
17678,-14.449,-68.53343,2024-10-20,n,2024
17679,-14.33132,-68.54338,2024-10-20,n,2024
17680,-14.332,-68.54685,2024-10-20,n,2024
17681,-14.33275,-68.55062,2024-10-20,n,2024
17682,-14.31641,-68.49757,2024-10-20,h,2024
17683,-14.31718,-68.50144,2024-10-20,n,2024
17684,-14.32636,-68.54773,2024-10-20,n,2024
17685,-14.32712,-68.55156,2024-10-20,n,2024
17686,-14.32003,-68.5451,2024-10-20,h,2024
17687,-14.31585,-68.5241,2024-10-20,n,2024
17688,-14.32077,-68.54882,2024-10-20,n,2024
17689,-14.30939,-68.52091,2024-10-20,h,2024
17690,-14.30655,-68.50662,2024-10-20,n,2024
17691,-14.31013,-68.52463,2024-10-20,n,2024
17692,-14.30305,-68.51834,2024-10-20,h,2024
17693,-14.30379,-68.52203,2024-10-20,n,2024
17694,-14.30599,-68.53306,2024-10-20,n,2024
17695,-14.30671,-68.53668,2024-10-20,n,2024
17696,-14.30741,-68.54019,2024-10-20,n,2024
17697,-14.29757,-68.52007,2024-10-20,h,2024
17698,-14.30176,-68.54102,2024-10-20,h,2024
17699,-14.29832,-68.52384,2024-10-20,n,2024
17700,-14.30041,-68.5343,2024-10-20,n,2024
17701,-14.29546,-68.53867,2024-10-20,n,2024
17702,-14.27008,-68.52834,2024-10-20,h,2024
17703,-14.27071,-68.53146,2024-10-20,n,2024
17704,-14.30124,-68.52217,2024-10-21,n,2024
17705,-14.3018,-68.51843,2024-10-21,n,2024
17706,-15.14783,-68.32121,2024-10-21,n,2024
17707,-15.14856,-68.32527,2024-10-21,n,2024
17708,-14.77895,-68.61254,2024-10-21,n,2024
17709,-14.7393,-68.5546,2024-10-21,n,2024
17710,-14.64523,-68.29742,2024-10-21,n,2024
17711,-14.67598,-68.73635,2024-10-21,h,2024
17712,-14.63521,-68.55339,2024-10-21,n,2024
17713,-14.60566,-68.45897,2024-10-21,n,2024
17714,-14.60639,-68.46304,2024-10-21,n,2024
17715,-14.59185,-68.45303,2024-10-21,n,2024
17716,-14.58288,-68.4267,2024-10-21,h,2024
17717,-14.57826,-68.42466,2024-10-21,n,2024
17718,-14.57884,-68.42792,2024-10-21,n,2024
17719,-14.58625,-68.46907,2024-10-21,n,2024
17720,-14.62397,-68.67857,2024-10-21,n,2024
17721,-14.62457,-68.68196,2024-10-21,n,2024
17722,-14.61983,-68.67885,2024-10-21,h,2024
17723,-14.62042,-68.68217,2024-10-21,n,2024
17724,-14.57614,-68.42538,2024-10-21,n,2024
17725,-14.58387,-68.4698,2024-10-21,n,2024
17726,-14.6195,-68.67591,2024-10-21,n,2024
17727,-14.62009,-68.67931,2024-10-21,n,2024
17728,-14.62066,-68.68262,2024-10-21,n,2024
17729,-14.59795,-68.76803,2024-10-21,n,2024
17730,-14.59867,-68.77218,2024-10-21,n,2024
17731,-14.53509,-68.50581,2024-10-21,n,2024
17732,-14.56031,-68.69617,2024-10-21,n,2024
17733,-14.55622,-68.69672,2024-10-21,l,2024
17734,-14.55088,-68.69016,2024-10-21,n,2024
17735,-14.53811,-68.68896,2024-10-21,l,2024
17736,-14.48568,-68.51392,2024-10-21,l,2024
17737,-14.48375,-68.51503,2024-10-21,n,2024
17738,-14.47201,-68.52064,2024-10-21,n,2024
17739,-14.4624,-68.63475,2024-10-21,n,2024
17740,-14.46305,-68.63847,2024-10-21,n,2024
17741,-14.45777,-68.63234,2024-10-21,n,2024
17742,-14.45845,-68.63618,2024-10-21,l,2024
17743,-14.44768,-68.6228,2024-10-21,n,2024
17744,-14.33791,-68.54369,2024-10-21,l,2024
17745,-14.33378,-68.54431,2024-10-21,n,2024
17746,-14.33641,-68.55928,2024-10-21,n,2024
17747,-14.31805,-68.47921,2024-10-21,n,2024
17748,-14.31869,-68.48283,2024-10-21,n,2024
17749,-14.32964,-68.54491,2024-10-21,n,2024
17750,-14.33029,-68.54859,2024-10-21,n,2024
17751,-14.3282,-68.56076,2024-10-21,n,2024
17752,-14.29979,-68.52016,2024-10-21,n,2024
17753,-14.29377,-68.51026,2024-10-21,n,2024
17754,-14.29441,-68.51384,2024-10-21,n,2024
17755,-14.27571,-68.52813,2024-10-21,n,2024
17756,-14.21307,-68.49665,2024-10-21,n,2024
17757,-14.18544,-68.38892,2024-10-21,n,2024
17758,-14.45765,-68.63488,2024-10-22,n,2024
17759,-14.46187,-68.63189,2024-10-22,n,2024
17760,-14.46046,-68.6401,2024-10-22,n,2024
17761,-14.46121,-68.63576,2024-10-22,n,2024
17762,-14.46542,-68.6329,2024-10-22,n,2024
17763,-14.46474,-68.63681,2024-10-22,n,2024
17764,-14.46826,-68.63795,2024-10-22,n,2024
17765,-14.60805,-68.45377,2024-10-22,n,2024
17766,-14.58545,-68.75945,2024-10-22,n,2024
17767,-14.58619,-68.75513,2024-10-22,n,2024
17768,-14.58913,-68.75972,2024-10-22,n,2024
17769,-14.59209,-68.76422,2024-10-22,n,2024
17770,-14.59806,-68.77293,2024-10-22,n,2024
17771,-14.60174,-68.77322,2024-10-22,n,2024
17772,-14.60243,-68.76918,2024-10-22,n,2024
17773,-14.99863,-68.11209,2024-10-23,n,2024
17774,-14.44362,-68.61104,2024-10-23,n,2024
17775,-14.31644,-68.54754,2024-10-23,l,2024
17776,-14.31706,-68.55222,2024-10-23,n,2024
17777,-14.31316,-68.54597,2024-10-23,n,2024
17778,-14.31381,-68.55072,2024-10-23,n,2024
17779,-14.29639,-68.50865,2024-10-23,n,2024
17780,-14.56102,-68.7853,2024-10-23,n,2024
17781,-14.6024,-68.77589,2024-10-24,n,2024
17782,-14.60138,-68.78062,2024-10-24,n,2024
17783,-14.60332,-68.77163,2024-10-24,n,2024
17784,-14.60828,-68.7802,2024-10-24,n,2024
17785,-14.60933,-68.77538,2024-10-24,n,2024
17786,-15.08358,-68.33267,2024-10-24,n,2024
17787,-15.08393,-68.33582,2024-10-24,n,2024
17788,-15.07062,-68.2634,2024-10-24,h,2024
17789,-15.08222,-68.33434,2024-10-24,n,2024
17790,-15.06837,-68.2618,2024-10-24,h,2024
17791,-15.06875,-68.26501,2024-10-24,n,2024
17792,-14.87363,-68.39959,2024-10-24,n,2024
17793,-14.87222,-68.39935,2024-10-24,n,2024
17794,-14.74878,-67.62359,2024-10-24,n,2024
17795,-14.74944,-67.62911,2024-10-24,n,2024
17796,-14.78383,-68.26939,2024-10-24,h,2024
17797,-14.71924,-68.53728,2024-10-24,n,2024
17798,-14.63404,-68.44791,2024-10-24,n,2024
17799,-14.60686,-68.76707,2024-10-24,n,2024
17800,-14.60808,-68.77795,2024-10-24,n,2024
17801,-14.60719,-68.7701,2024-10-24,l,2024
17802,-14.6075,-68.77284,2024-10-24,l,2024
17803,-14.60778,-68.77528,2024-10-24,l,2024
17804,-14.60036,-68.75701,2024-10-24,n,2024
17805,-14.60169,-68.76894,2024-10-24,n,2024
17806,-14.602,-68.77163,2024-10-24,n,2024
17807,-14.60228,-68.77417,2024-10-24,n,2024
17808,-14.60926,-68.77346,2024-10-24,l,2024
17809,-14.60955,-68.77589,2024-10-24,l,2024
17810,-14.60374,-68.77214,2024-10-24,h,2024
17811,-14.60403,-68.77465,2024-10-24,n,2024
17812,-14.60343,-68.76956,2024-10-24,l,2024
17813,-14.59693,-68.75998,2024-10-24,n,2024
17814,-14.50912,-68.4641,2024-10-24,n,2024
17815,-14.50975,-68.46953,2024-10-24,n,2024
17816,-14.45731,-68.52647,2024-10-24,n,2024
17817,-14.45771,-68.52978,2024-10-24,n,2024
17818,-14.45808,-68.5329,2024-10-24,n,2024
17819,-14.45286,-68.53339,2024-10-24,n,2024
17820,-14.46502,-68.63575,2024-10-24,n,2024
17821,-14.45342,-68.62745,2024-10-24,n,2024
17822,-14.44783,-68.62504,2024-10-24,n,2024
17823,-14.44098,-68.61186,2024-10-24,n,2024
17824,-14.39576,-68.54137,2024-10-24,h,2024
17825,-14.38778,-68.4721,2024-10-24,n,2024
17826,-14.38819,-68.47561,2024-10-24,n,2024
17827,-14.39617,-68.54491,2024-10-24,n,2024
17828,-14.38338,-68.47947,2024-10-24,h,2024
17829,-14.38375,-68.48268,2024-10-24,n,2024
17830,-14.37934,-68.49009,2024-10-24,n,2024
17831,-14.37603,-68.50706,2024-10-24,h,2024
17832,-14.26398,-68.54408,2024-10-24,n,2024
17833,-14.2643,-68.54688,2024-10-24,n,2024
17834,-14.26461,-68.54958,2024-10-24,n,2024
17835,-14.26815,-68.54477,2024-10-24,h,2024
17836,-14.26848,-68.54754,2024-10-24,n,2024
17837,-14.26295,-68.54534,2024-10-24,h,2024
17838,-14.26328,-68.5481,2024-10-24,n,2024
17839,-14.24257,-68.55116,2024-10-24,n,2024
17840,-14.24295,-68.5543,2024-10-24,n,2024
17841,-14.24144,-68.58587,2024-10-24,h,2024
17842,-14.24108,-68.58284,2024-10-24,n,2024
17843,-14.23624,-68.58652,2024-10-24,n,2024
17844,-14.45554,-68.54442,2024-10-25,n,2024
17845,-14.45701,-68.55129,2024-10-25,n,2024
17846,-14.45772,-68.54939,2024-10-25,h,2024
17847,-14.40667,-68.55064,2024-10-25,n,2024
17848,-14.40153,-68.55676,2024-10-25,n,2024
17849,-14.38542,-68.5412,2024-10-25,n,2024
17850,-14.21018,-68.33936,2024-10-29,n,2024
17851,-14.20883,-68.34592,2024-10-29,n,2024
17852,-14.2111,-68.33488,2024-10-29,n,2024
17853,-14.21537,-68.34364,2024-10-29,n,2024
17854,-14.2165,-68.33811,2024-10-29,n,2024
17855,-15.15833,-67.68173,2024-10-29,n,2024
17856,-14.71534,-68.37812,2024-10-31,n,2024
17857,-14.21644,-68.33629,2024-11-01,n,2024
17858,-14.21699,-68.33273,2024-11-01,n,2024
17859,-15.18269,-68.16151,2024-11-01,n,2024
17860,-15.09752,-67.69877,2024-11-01,n,2024
17861,-15.09361,-67.69933,2024-11-01,n,2024
17862,-15.17147,-68.16414,2024-11-01,n,2024
17863,-15.1722,-68.16836,2024-11-01,n,2024
17864,-15.09727,-67.69682,2024-11-01,n,2024
17865,-15.09815,-67.70206,2024-11-01,n,2024
17866,-15.17283,-68.16702,2024-11-01,h,2024
17867,-15.09336,-67.6974,2024-11-01,n,2024
17868,-15.17211,-68.16277,2024-11-01,n,2024
17869,-15.13297,-68.27517,2024-11-01,n,2024
17870,-15.11505,-68.2159,2024-11-01,n,2024
17871,-15.11124,-68.21632,2024-11-01,n,2024
17872,-14.65994,-67.51536,2024-11-01,n,2024
17873,-14.59801,-68.45079,2024-11-01,n,2024
17874,-14.60052,-68.46542,2024-11-01,n,2024
17875,-14.45993,-68.52711,2024-11-01,l,2024
17876,-14.44852,-68.64191,2024-11-01,n,2024
17877,-14.24506,-68.05791,2024-11-01,n,2024
17878,-14.21486,-68.33324,2024-11-01,n,2024
17879,-14.21563,-68.33788,2024-11-01,n,2024
17880,-14.19236,-68.36185,2024-11-01,l,2024
17881,-13.99365,-68.92942,2024-11-01,n,2024
17882,-14.59294,-68.43046,2024-11-02,n,2024
17883,-14.59348,-68.4341,2024-11-02,n,2024
17884,-14.58959,-68.43093,2024-11-02,n,2024
17885,-14.58842,-68.44611,2024-11-02,h,2024
17886,-14.58896,-68.44974,2024-11-02,n,2024
17887,-14.5817,-68.447,2024-11-02,n,2024
17888,-14.61277,-68.68044,2024-11-02,h,2024
17889,-14.57826,-68.47007,2024-11-02,n,2024
17890,-14.60942,-68.681,2024-11-02,n,2024
17891,-14.60996,-68.68471,2024-11-02,n,2024
17892,-14.60041,-68.76025,2024-11-02,n,2024
17893,-14.50653,-68.50774,2024-11-02,n,2024
17894,-14.39373,-68.47401,2024-11-02,n,2024
17895,-14.39039,-68.47455,2024-11-02,n,2024
17896,-14.39093,-68.47816,2024-11-02,n,2024
17897,-14.39275,-68.55966,2024-11-02,n,2024
17898,-14.39328,-68.56323,2024-11-02,l,2024
17899,-14.38992,-68.56375,2024-11-02,h,2024
17900,-14.38939,-68.56019,2024-11-02,n,2024
17901,-14.38709,-68.5678,2024-11-02,n,2024
17902,-15.19192,-67.67847,2024-11-02,n,2024
17903,-15.19245,-67.68204,2024-11-02,l,2024
17904,-15.00912,-68.18657,2024-11-02,n,2024
17905,-14.73616,-68.35586,2024-11-02,n,2024
17906,-14.71636,-68.35183,2024-11-02,n,2024
17907,-14.74012,-68.51131,2024-11-02,n,2024
17908,-14.62348,-68.45154,2024-11-02,n,2024
17909,-14.62401,-68.45509,2024-11-02,n,2024
17910,-14.63798,-68.5491,2024-11-02,n,2024
17911,-14.63408,-68.66174,2024-11-02,n,2024
17912,-15.04267,-67.72811,2024-11-11,n,2024
17913,-14.84853,-68.47842,2024-11-11,n,2024
17914,-14.66257,-68.71961,2024-11-11,n,2024
17915,-14.55667,-68.45307,2024-11-11,n,2024
17916,-14.55724,-68.45582,2024-11-11,n,2024
17917,-14.55208,-68.45341,2024-11-11,n,2024
17918,-14.52088,-68.69069,2024-11-11,n,2024
17919,-15.18923,-68.1651,2024-11-16,n,2024
17920,-15.11534,-68.33866,2024-11-16,n,2024
17921,-15.11588,-68.34141,2024-11-16,n,2024
17922,-15.01456,-68.32404,2024-11-16,n,2024
17923,-14.29579,-68.56729,2024-11-17,n,2024
17924,-14.74494,-68.36513,2024-11-28,n,2024
17925,-14.23465,-68.06617,2024-11-28,n,2024
17926,-14.37865,-68.49255,2024-11-29,l,2024
17927,-15.13053,-68.22787,2024-11-30,n,2024
17928,-15.1259,-68.22824,2024-11-30,n,2024
17929,-15.12728,-68.23943,2024-11-30,n,2024
17930,-15.04587,-67.73004,2024-11-30,n,2024
17931,-14.56314,-68.45102,2024-11-30,n,2024
17932,-14.51994,-68.50437,2024-11-30,n,2024
17933,-13.99851,-68.9546,2024-11-30,n,2024
17934,-14.61492,-68.4082,2024-12-01,n,2024
17935,-14.64042,-68.47009,2024-12-02,n,2024
17936,-14.515,-68.51744,2024-12-02,n,2024
17937,-14.40791,-68.54827,2024-12-02,n,2024
17938,-14.40477,-68.54763,2024-12-02,n,2024
17939,-14.40536,-68.55073,2024-12-02,n,2024
17940,-14.51748,-68.48194,2024-12-11,n,2024
17941,-14.93767,-68.33791,2024-12-19,n,2024
17942,-14.93482,-68.33725,2024-12-19,n,2024
17943,-14.84805,-68.28699,2024-12-19,n,2024
17944,-14.82543,-68.56238,2024-12-19,n,2024
17945,-14.77524,-68.56239,2024-12-19,n,2024
17946,-14.71632,-68.37923,2024-12-19,n,2024
17947,-14.71728,-68.37761,2024-12-19,n,2024
17948,-14.68554,-67.57505,2024-12-28,n,2024
17949,-15.13107,-68.20526,2024-12-30,n,2024
17950,-15.00238,-68.16809,2024-12-30,n,2024
17951,-13.9874,-68.93716,2024-12-30,n,2024
17952,-15.21914,-67.69858,2024-12-31,l,2024
17953,-14.46046,-68.49887,2024-12-31,l,2024
17954,-14.457,-68.49943,2024-12-31,n,2024
17955,-14.61216,-68.52023,2025-02-01,n,
17956,-14.88845,-68.41795,2025-02-05,n,
17957,-14.88927,-68.42275,2025-02-05,n,
17958,-14.9596,-68.2655,2025-03-28,n,
17959,-14.95875,-68.42603,2025-03-28,n,
17960,-14.70755,-68.29578,2025-04-15,n,
17961,-14.65427,-68.47614,2025-04-27,n,
17962,-14.65093,-68.47669,2025-04-27,n,
17963,-14.55586,-68.43023,2025-05-01,n,
17964,-14.54739,-68.4073,2025-05-01,n,
17965,-14.5504,-68.40675,2025-05-01,n,
17966,-15.08667,-68.23905,2025-05-02,n,
17967,-14.96939,-68.24386,2025-05-08,n,
17968,-14.58111,-68.39139,2025-05-16,n,
17969,-14.43319,-68.48133,2025-05-27,n,
17970,-14.43688,-68.48203,2025-05-27,n,
17971,-14.46123,-68.46692,2025-06-03,n,
17972,-14.4462,-68.48037,2025-06-03,n,
17973,-14.79647,-68.28376,2025-06-04,n,
17974,-14.79273,-68.28418,2025-06-04,n,
17975,-14.63537,-68.29827,2025-06-05,n,
17976,-14.70481,-68.45108,2025-06-06,n,
17977,-14.70494,-68.45229,2025-06-06,n,
17978,-14.7986,-68.37385,2025-06-21,n,
17979,-14.78869,-68.37813,2025-06-21,n,
17980,-14.78905,-68.38125,2025-06-21,n,
17981,-14.79212,-68.37951,2025-06-21,n,
17982,-14.78699,-68.38009,2025-06-21,n,
17983,-14.78737,-68.3832,2025-06-21,n,
17984,-14.99933,-68.29706,2025-07-11,n,
17985,-14.50858,-69.09156,2025-07-15,n,
17986,-14.58904,-68.35719,2025-07-16,n,
17987,-14.4925,-69.10871,2025-07-19,n,
17988,-14.49481,-69.10846,2025-07-20,n,
17989,-14.79024,-68.39064,2025-07-20,n,
17990,-14.78408,-68.42757,2025-07-20,n,
17991,-14.67872,-68.31699,2025-07-22,l,
17992,-14.67123,-68.3182,2025-07-22,n,
17993,-14.67184,-68.32272,2025-07-22,l,
17994,-14.94256,-68.44308,2025-07-25,n,
17995,-14.94221,-68.44168,2025-07-25,n,
17996,-14.68831,-68.32925,2025-08-01,n,
17997,-14.64694,-68.34839,2025-08-11,l,
17998,-15.09608,-68.34727,2025-08-14,n,
17999,-14.7271,-67.57877,2025-08-16,n,
18000,-14.99577,-68.24541,2025-08-18,n,
18001,-14.99621,-68.24881,2025-08-18,n,
18002,-14.9916,-68.2459,2025-08-18,n,
18003,-14.99203,-68.24934,2025-08-18,n,
18004,-14.99247,-68.25275,2025-08-18,n,
18005,-15.00715,-68.2466,2025-08-19,n,
18006,-14.80648,-68.28178,2025-08-19,n,
18007,-14.80567,-68.2812,2025-08-19,n,
18008,-14.79976,-68.28022,2025-08-19,n,
18009,-14.79399,-68.28047,2025-08-19,h,
18010,-14.54823,-68.32115,2025-08-22,n,
18011,-14.55456,-68.32693,2025-08-22,n,
18012,-14.35701,-68.58807,2025-08-22,n,
18013,-14.78138,-68.35627,2025-08-28,n,
18014,-14.77789,-68.3568,2025-08-28,l,
18015,-14.54426,-68.40547,2025-08-28,n,
18016,-14.54019,-68.40196,2025-08-28,n,
18017,-14.68577,-68.35709,2025-08-30,n,
18018,-14.6915,-68.35622,2025-08-30,n,
18019,-14.64321,-68.53667,2025-08-31,n,
18020,-14.88343,-68.48778,2025-09-01,n,
18021,-14.81809,-68.5094,2025-09-01,n,
18022,-14.81747,-68.5127,2025-09-01,n,
18023,-14.9624,-68.39754,2025-09-02,n,
18024,-14.80156,-68.36317,2025-09-02,n,
18025,-14.58594,-68.43496,2025-09-02,n,
18026,-14.40653,-68.4968,2025-09-02,n,
18027,-14.5917,-68.33693,2025-09-04,n,
18028,-14.85148,-68.47396,2025-09-10,n,
18029,-14.84695,-68.47475,2025-09-10,n,
18030,-13.99011,-68.94508,2025-09-12,n,
18031,-15.20589,-67.69036,2025-09-13,n,
18032,-15.01769,-68.25375,2025-09-13,n,
18033,-15.01628,-68.2535,2025-09-13,n,
18034,-14.7921,-68.5936,2025-09-13,n,
18035,-14.74316,-68.5518,2025-09-13,n,
18036,-14.32388,-68.55773,2025-09-13,n,
18037,-14.30596,-68.53191,2025-09-13,n,
18038,-14.87282,-68.48994,2025-09-14,n,
18039,-14.86965,-68.48791,2025-09-14,n,
18040,-14.21507,-68.07693,2025-09-14,n,
18041,-14.94786,-68.33854,2025-09-15,h,
18042,-14.94839,-68.34367,2025-09-15,n,
18043,-14.92222,-68.33704,2025-09-15,n,
18044,-14.94501,-68.3362,2025-09-15,n,
18045,-14.94559,-68.34155,2025-09-15,n,
18046,-14.92574,-68.33484,2025-09-15,n,
18047,-14.78309,-68.40558,2025-09-15,n,
18048,-14.78365,-68.4109,2025-09-15,n,
18049,-15.0959,-68.32734,2025-09-15,n,
18050,-15.09447,-68.32455,2025-09-15,n,
18051,-14.57867,-68.67955,2025-09-15,n,
18052,-14.21192,-68.55894,2025-09-16,n,
18053,-14.216,-68.5589,2025-09-16,n,
18054,-14.20901,-68.56084,2025-09-16,n,
18055,-14.21306,-68.56094,2025-09-16,n,
18056,-14.91607,-68.45798,2025-09-16,n,
18057,-14.9166,-68.46072,2025-09-16,n,
18058,-14.58879,-68.46881,2025-09-16,h,
18059,-14.58368,-68.46965,2025-09-16,n,
18060,-15.14731,-68.21416,2025-09-18,n,
18061,-14.87814,-68.40835,2025-09-18,n,
18062,-14.85114,-68.27273,2025-09-18,n,
18063,-15.01033,-68.46864,2025-09-19,n,
18064,-14.88611,-68.532,2025-09-19,n,
18065,-14.83955,-68.54065,2025-09-19,n,
18066,-15.06035,-67.73118,2025-09-20,n,
18067,-15.0606,-67.73178,2025-09-20,n,
18068,-14.89559,-68.54202,2025-09-20,n,
18069,-14.78954,-68.31269,2025-09-20,n,
18070,-14.78668,-68.31046,2025-09-20,n,
18071,-14.76902,-68.35803,2025-09-20,n,
18072,-14.76945,-68.36189,2025-09-20,n,
18073,-14.74479,-68.55974,2025-09-20,n,
18074,-14.58688,-68.46345,2025-09-20,n,
18075,-14.71328,-67.6051,2025-09-21,n,
18076,-15.09435,-68.32307,2025-09-22,n,
18077,-15.00541,-68.45491,2025-09-22,n,
18078,-14.98539,-68.3918,2025-09-22,n,
18079,-15.0084,-68.50797,2025-09-22,n,
18080,-14.98398,-68.39278,2025-09-22,n,
18081,-14.8925,-68.48971,2025-09-22,n,
18082,-14.59193,-68.32967,2025-09-22,n,
18083,-14.54783,-68.54497,2025-09-22,n,
18084,-14.57244,-68.85051,2025-09-22,n,
18085,-14.91977,-68.3092,2025-09-24,l,
18086,-14.87236,-68.24139,2025-09-24,n,
18087,-14.26243,-68.52898,2025-09-24,n,
18088,-14.26312,-68.53402,2025-09-24,n,
18089,-14.25867,-68.52957,2025-09-24,l,
18090,-14.25536,-68.53441,2025-09-25,n,
18091,-14.26167,-68.53628,2025-09-25,n,
18092,-14.35436,-68.59241,2025-09-25,n,
18093,-14.35396,-68.58887,2025-09-25,l,
18094,-14.34918,-68.593,2025-09-25,n,
18095,-14.35252,-68.59064,2025-09-25,h,
18096,-14.35205,-68.58685,2025-09-25,n,
18097,-14.35331,-68.59719,2025-09-25,n,
18098,-14.35294,-68.59413,2025-09-25,l,
18099,-14.8895,-68.49442,2025-09-26,n,
18100,-14.89132,-68.49422,2025-09-26,n,
18101,-14.89233,-68.49906,2025-09-26,n,
18102,-14.59082,-68.46739,2025-09-27,l,
18103,-14.56579,-68.48624,2025-09-27,n,
18104,-14.54937,-68.50005,2025-09-27,n,
18105,-14.3734,-68.49541,2025-09-27,n,
18106,-14.37465,-68.494,2025-09-27,n,
18107,-15.05481,-67.7368,2025-09-29,n,
18108,-15.04293,-68.25945,2025-09-29,n,
18109,-14.57349,-68.35487,2025-09-29,n,
18110,-14.32649,-68.55906,2025-09-29,n,
18111,-14.32244,-68.55565,2025-09-29,n,
18112,-14.32299,-68.5595,2025-09-29,n,
18113,-14.31895,-68.55614,2025-09-29,n,
18114,-14.30957,-68.56543,2025-09-29,l,
18115,-14.23799,-68.06232,2025-09-30,n,
18116,-14.23352,-68.06296,2025-09-30,n,
18117,-14.40244,-68.55379,2025-10-05,n,
18118,-15.13351,-68.28118,2025-10-06,h,
18119,-14.24424,-68.57572,2025-10-06,n,
18120,-14.92798,-68.29935,2025-10-10,l,
18121,-14.96591,-68.33809,2025-10-11,n,
18122,-14.96046,-68.33595,2025-10-11,n,
18123,-14.96081,-68.33892,2025-10-11,n,
18124,-14.60431,-68.45755,2025-10-11,n,
18125,-14.53002,-68.69287,2025-10-11,n,
18126,-14.53044,-68.69659,2025-10-11,n,
18127,-14.49352,-68.51151,2025-10-11,h,
18128,-14.49387,-68.5146,2025-10-11,n,
18129,-14.48835,-68.51194,2025-10-11,h,
18130,-14.48873,-68.51528,2025-10-11,n,
18131,-14.49181,-68.50979,2025-10-11,n,
18132,-14.49222,-68.51319,2025-10-11,n,
18133,-14.48706,-68.51367,2025-10-11,n,
18134,-14.40312,-68.55486,2025-10-11,h,
18135,-14.38871,-68.47487,2025-10-11,n,
18136,-14.39799,-68.55568,2025-10-11,n,
18137,-14.38352,-68.47496,2025-10-11,n,
18138,-14.38587,-68.47364,2025-10-11,n,
18139,-14.38632,-68.47728,2025-10-11,n,
18140,-14.37484,-68.51125,2025-10-11,h,
18141,-14.37523,-68.51446,2025-10-11,n,
18142,-14.37561,-68.51759,2025-10-11,n,
18143,-14.37051,-68.51855,2025-10-11,h,
18144,-14.36972,-68.51195,2025-10-11,n,
18145,-14.37091,-68.52179,2025-10-11,n,
18146,-14.37012,-68.5153,2025-10-11,l,
18147,-14.32012,-68.53326,2025-10-11,h,
18148,-14.32359,-68.56286,2025-10-11,n,
18149,-14.32394,-68.56583,2025-10-11,n,
18150,-15.05764,-67.72458,2025-10-12,n,
18151,-15.05097,-67.72522,2025-10-12,n,
18152,-15.05356,-67.72431,2025-10-12,n,
18153,-14.38571,-68.48208,2025-10-12,h,
18154,-14.38261,-68.48609,2025-10-12,n,
18155,-14.37931,-68.50155,2025-10-12,n,
18156,-14.31737,-68.48496,2025-10-12,n,
18157,-14.26719,-68.52424,2025-10-12,n,
18158,-14.26394,-68.52481,2025-10-12,h,
18159,-14.26125,-68.54313,2025-10-12,h,
18160,-14.24096,-68.60117,2025-10-12,n,
18161,-14.31399,-68.4836,2025-10-13,n,
18162,-14.53293,-68.69487,2025-10-13,n,
18163,-15.10784,-68.33978,2025-10-13,n,
18164,-15.08447,-68.24233,2025-10-13,n,
18165,-15.10329,-68.34087,2025-10-13,n,
18166,-15.07979,-68.2429,2025-10-13,n,
18167,-15.09875,-68.34201,2025-10-13,n,
18168,-15.10377,-68.33875,2025-10-13,n,
18169,-15.10479,-68.34431,2025-10-13,n,
18170,-15.08102,-68.24063,2025-10-13,n,
18171,-15.0947,-68.34113,2025-10-13,n,
18172,-14.9857,-68.29375,2025-10-13,n,
18173,-14.98727,-68.29205,2025-10-13,n,
18174,-14.97815,-68.29441,2025-10-13,n,
18175,-14.8025,-68.2934,2025-10-13,n,
18176,-14.75188,-68.34451,2025-10-13,n,
18177,-14.78932,-68.54791,2025-10-13,n,
18178,-14.7421,-68.54759,2025-10-13,n,
18179,-14.60501,-68.42036,2025-10-13,n,
18180,-14.6321,-68.66527,2025-10-13,n,
18181,-14.64518,-68.71178,2025-10-14,n,
18182,-14.64175,-68.7125,2025-10-14,n,
18183,-15.04498,-68.2626,2025-10-15,n,
18184,-15.04366,-68.26197,2025-10-15,l,
18185,-14.57989,-68.73546,2025-10-15,l,
18186,-14.56893,-68.70845,2025-10-15,n,
18187,-14.5695,-68.71256,2025-10-15,n,
18188,-14.5686,-68.70798,2025-10-15,n,
18189,-14.56919,-68.71207,2025-10-15,n,
18190,-14.5709,-68.47819,2025-10-17,h,
18191,-14.57469,-68.4781,2025-10-17,h,
18192,-14.49514,-68.50997,2025-10-17,n,
18193,-14.23845,-68.58249,2025-10-18,n,
18194,-14.23348,-68.5841,2025-10-18,n,
18195,-14.98517,-68.22929,2025-10-21,n,
18196,-14.75143,-67.42182,2025-10-21,n,
18197,-14.52213,-68.68835,2025-10-21,n,
18198,-15.08448,-68.32919,2025-10-22,h,
18199,-15.08862,-68.3288,2025-10-22,n,
18200,-15.08293,-68.32941,2025-10-22,n,
18201,-14.84742,-68.27004,2025-10-22,n,
18202,-14.33366,-68.55669,2025-10-22,n,
18203,-14.32658,-68.54539,2025-10-22,n,
18204,-14.72365,-68.27335,2025-10-23,n,
18205,-15.19748,-68.16309,2025-10-23,n,
18206,-15.10393,-68.34545,2025-10-23,n,
18207,-15.10472,-68.34927,2025-10-23,n,
18208,-15.10228,-68.35033,2025-10-23,n,
18209,-14.80223,-68.31182,2025-10-23,h,
18210,-15.1602,-68.18491,2025-10-24,n,
18211,-15.14125,-68.31736,2025-10-24,n,
18212,-15.13983,-68.31778,2025-10-24,n,
18213,-15.00843,-68.16204,2025-10-24,n,
18214,-15.00992,-68.17014,2025-10-24,n,
18215,-15.01068,-68.17426,2025-10-24,n,
18216,-15.01144,-68.17843,2025-10-24,n,
18217,-15.00766,-68.25384,2025-10-24,n,
18218,-14.70089,-68.38158,2025-10-24,n,
18219,-14.61693,-68.43974,2025-10-24,n,
18220,-14.6161,-68.44045,2025-10-24,n,
18221,-14.55835,-68.45304,2025-10-24,n,
18222,-14.4316,-68.54244,2025-10-24,n,
18223,-14.28807,-68.54474,2025-10-24,n,
18224,-14.81703,-68.31057,2025-10-25,n,
18225,-14.69971,-68.38266,2025-10-25,n,
18226,-14.63473,-68.4191,2025-10-25,n,
18227,-14.60965,-68.43416,2025-10-25,n,
18228,-14.60799,-68.44548,2025-10-25,n,
18229,-14.59351,-68.4406,2025-10-25,n,
18230,-14.59073,-68.44473,2025-10-25,n,
18231,-14.59129,-68.44831,2025-10-25,l,
18232,-14.58739,-68.44531,2025-10-25,n,
18233,-14.58795,-68.4489,2025-10-25,l,
18234,-14.58406,-68.44593,2025-10-25,n,
18235,-14.57739,-68.46904,2025-10-25,n,
18236,-14.57239,-68.48091,2025-10-25,n,
18237,-14.57296,-68.48455,2025-10-25,n,
18238,-14.5657,-68.48199,2025-10-25,n,
18239,-14.4856,-68.50689,2025-10-25,n,
18240,-14.43067,-68.54195,2025-10-25,n,
18241,-14.42732,-68.54247,2025-10-25,n,
18242,-14.42788,-68.54607,2025-10-25,n,
18243,-14.41339,-68.54102,2025-10-25,n,
18244,-14.37878,-68.49503,2025-10-25,n,
18245,-14.31151,-68.53618,2025-10-25,n,
18246,-14.30146,-68.51567,2025-10-25,n,
18247,-14.29812,-68.51625,2025-10-25,n,
18248,-14.28698,-68.53279,2025-10-25,n,
18249,-14.28419,-68.53688,2025-10-25,n,
18250,-14.62377,-68.40752,2025-11-03,h,
18251,-14.62468,-68.41218,2025-11-03,n,
18252,-14.61954,-68.41306,2025-11-03,n,
18253,-14.61232,-68.43033,2025-11-03,n,
18254,-14.44766,-68.53179,2025-11-03,h,
18255,-14.83763,-68.26028,2025-11-04,n,
18256,-14.83124,-68.29154,2025-11-04,n,
18257,-14.82748,-68.29241,2025-11-04,n,
18258,-14.82997,-68.30693,2025-11-04,n,
18259,-14.61893,-68.56391,2025-11-05,n,
18260,-14.61947,-68.56754,2025-11-05,n,
18261,-14.59178,-68.45055,2025-11-05,n,
18262,-14.52082,-68.49119,2025-11-05,l,
18263,-14.5164,-68.48447,2025-11-05,n,
18264,-14.51026,-68.4892,2025-11-05,n,
18265,-14.50248,-68.48289,2025-11-05,n,
18266,-14.48856,-68.48122,2025-11-05,n,
18267,-14.4857,-68.50806,2025-11-05,n,
18268,-14.45355,-68.5134,2025-11-05,n,
18269,-14.42285,-68.53693,2025-11-05,n,
18270,-14.42339,-68.54055,2025-11-05,n,
18271,-14.4139,-68.54579,2025-11-05,n,
18272,-14.41055,-68.54632,2025-11-05,l,
18273,-14.40869,-68.57975,2025-11-05,l,
18274,-14.40533,-68.58025,2025-11-05,l,
18275,-14.32993,-68.54484,2025-11-05,n,
18276,-15.04858,-67.72705,2025-11-06,n,
18277,-14.6318,-68.54317,2025-11-06,n,
18278,-14.63232,-68.54713,2025-11-06,n,
18279,-14.62809,-68.54729,2025-11-06,l,
18280,-14.61272,-68.55992,2025-11-06,n,
18281,-14.51218,-68.47799,2025-11-06,n,
18282,-14.48702,-68.51234,2025-11-06,n,
18283,-14.45368,-68.51662,2025-11-06,n,
18284,-14.45423,-68.52098,2025-11-06,n,
18285,-14.45216,-68.51678,2025-11-06,n,
18286,-14.45275,-68.52111,2025-11-06,n,
18287,-14.42629,-68.5454,2025-11-06,n,
18288,-14.3779,-68.53194,2025-11-06,n,
18289,-14.36862,-68.52557,2025-11-06,n,
18290,-14.33181,-68.54299,2025-11-06,n,
18291,-14.23878,-68.54397,2025-11-06,n,
18292,-14.23713,-68.54393,2025-11-06,n,
18293,-14.06162,-68.86763,2025-11-06,n,
18294,-14.39309,-68.47067,2025-11-07,n,
18295,-14.30458,-68.52435,2025-11-07,n,
18296,-14.29878,-68.52427,2025-11-07,h,
18297,-14.29924,-68.52841,2025-11-07,n,
18298,-15.1057,-68.22955,2025-11-16,n,
18299,-15.10222,-68.23008,2025-11-16,n,
18300,-15.10428,-68.22875,2025-11-16,n,
18301,-14.65507,-68.45082,2025-11-16,n,
18302,-15.20831,-68.15508,2025-11-20,n,
18303,-15.20891,-68.15326,2025-11-20,n,
18304,-15.20285,-68.16362,2025-11-20,n,
18305,-15.17264,-68.16979,2025-11-20,n,
18306,-15.13463,-68.3325,2025-11-20,n,
18307,-15.1354,-68.33524,2025-11-20,n,
18308,-15.11668,-68.339,2025-11-20,n,
18309,-15.11291,-68.33961,2025-11-20,n,
18310,-15.05823,-68.24687,2025-11-20,n,
18311,-14.97893,-68.25822,2025-11-20,n,
18312,-14.96028,-68.28578,2025-11-20,n,
18313,-15.08722,-67.70064,2025-11-21,n,
18314,-14.91636,-68.27309,2025-11-21,n,
18315,-14.93773,-68.43984,2025-11-21,n,
18316,-14.74795,-68.36256,2025-11-21,n,
18317,-14.66189,-67.51197,2025-11-29,n,
18318,-14.84598,-68.38337,2025-12-06,n,
18319,-14.84676,-68.38797,2025-12-06,n,
18320,-14.82171,-68.46915,2025-12-06,n,
18321,-14.72742,-68.23712,2025-12-12,n,
18322,-14.72799,-68.24072,2025-12-12,n,
18323,-14.72407,-68.23771,2025-12-12,n,
18324,-14.72464,-68.2413,2025-12-12,n,
18325,-14.7252,-68.2449,2025-12-12,n,
18326,-14.72577,-68.24853,2025-12-12,n,
18327,-14.72185,-68.24548,2025-12-12,n,
18328,-14.72242,-68.2491,2025-12-12,n,
18329,-14.72299,-68.25273,2025-12-12,n,
18330,-14.70544,-68.38176,2025-12-12,n,
18331,-14.70602,-68.38539,2025-12-12,n,
18332,-14.70209,-68.38232,2025-12-12,n,
18333,-14.6924,-68.25768,2025-12-13,n,
18334,-14.5751,-68.75392,2025-12-14,n,
18335,-14.57549,-68.75726,2025-12-14,l,
18336,-14.65822,-68.42561,2025-12-16,n,
18337,-14.7104,-68.46867,2025-12-16,n,
18338,-14.71413,-68.46895,2025-12-16,n,
18339,-14.90177,-68.4351,2025-12-17,n,
18340,-14.7293,-68.33265,2025-12-21,n,
18341,-14.72513,-68.33254,2025-12-21,n,
18342,-14.64764,-68.37074,2025-12-28,n,
18343,-14.51335,-68.48876,2025-12-30,n,
18344,-14.67064,-68.37875,2025-12-31,n,
